a	37	0.0313682500	0.0414844308
abandoned	1	0.0003903000	0.0048814884
abducted	1	0.0002516000	0.0046803136
ability	1	0.0002754500	-0.0051781316
able	1	0.0005764500	0.0068953167
about	19	0.0052846250	0.0085059260
above	2	0.0012330250	-0.0048477441
absence	1	0.0007218500	-0.0149809273
absolutely	1	0.0007314750	0.0113331821
absorb	0	0.0000000000	0.0000000000
abstract	0	0.0000000000	0.0000000000
absurd	1	0.0019376250	-0.0278137586
abuse	3	0.0008455750	0.0161113824
abused	1	0.0002516000	0.0046803136
academy	1	0.0003408250	0.0070685758
accent	1	0.0008772750	-0.0168361329
accepted	0	0.0000000000	0.0000000000
accepts	0	0.0000000000	0.0000000000
access	0	0.0000000000	0.0000000000
acclaimed	1	0.0003306750	0.0051084588
accomplice	1	0.0001419250	0.0003730226
according	1	0.0003306750	0.0051084588
accountant	0	0.0000000000	0.0000000000
accrued	1	0.0003903000	0.0048814884
accumulated	1	0.0002516000	0.0046803136
accurate	1	0.0016483750	-0.0307628482
accusations	1	0.0010619000	-0.0166041122
accused	1	0.0007363250	0.0130443990
accuses	0	0.0000000000	0.0000000000
achieve	1	0.0010419250	0.0009060697
achievement	0	0.0000000000	0.0000000000
achieving	1	0.0006347250	0.0075923842
acquainted	1	0.0003357500	0.0083780427
acquaints	1	0.0003357500	0.0083780427
across	2	0.0013255500	0.0004101977
act	0	0.0000000000	0.0000000000
acted	0	0.0000000000	0.0000000000
acting	5	0.0015963750	0.0224751320
action	4	0.0023996750	-0.0019610093
actions	1	0.0006347250	0.0075923842
actor	2	0.0009842000	0.0161564454
actors	4	0.0023482000	-0.0226651201
actress	3	0.0016099500	0.0093314236
actresses	5	0.0023069750	-0.0215582157
acts	0	0.0000000000	0.0000000000
actual	2	0.0007213750	0.0118093229
actually	8	0.0026734500	-0.0027457755
add	1	0.0001196500	0.0003144771
added	1	0.0005693250	0.0078311832
additional	0	0.0000000000	0.0000000000
adds	1	0.0004538750	0.0126768419
admit	1	0.0003544750	0.0044334246
adopted	1	0.0002516000	0.0046803136
adoptive	2	0.0008174000	0.0117520681
adopts	0	0.0000000000	0.0000000000
ads	1	0.0004997500	0.0139581420
adult	1	0.0006102000	-0.0049359133
adults	1	0.0007889000	0.0038314257
adventure	1	0.0001419250	0.0003730226
affect	2	0.0012387000	-0.0047886514
affected	1	0.0002754500	-0.0051781316
affectionate	0	0.0000000000	0.0000000000
affects	1	0.0010419250	0.0009060697
affluence	1	0.0002754500	-0.0051781316
afraid	1	0.0003377250	-0.0026396717
after	6	0.0025377750	-0.0167565452
again	2	0.0007923500	0.0080255722
against	0	0.0000000000	0.0000000000
age	1	0.0007889000	0.0038314257
aggravates	1	0.0008002750	-0.0100707804
ago	1	0.0003834500	-0.0052703619
agree	1	0.0010619000	-0.0166041122
agreements	1	0.0002516000	0.0050698684
ahead	1	0.0003834500	-0.0052703619
aids	3	0.0007825500	0.0169691492
ailments	1	0.0003306750	0.0051084588
air	2	0.0010698750	-0.0031275760
aires	0	0.0000000000	0.0000000000
airline	1	0.0001419250	0.0003730226
airport	1	0.0017034750	0.0044772571
airwaves	1	0.0002516000	0.0046803136
alice	0	0.0000000000	0.0000000000
alida	0	0.0000000000	0.0000000000
aliens	0	0.0000000000	0.0000000000
alive	0	0.0000000000	0.0000000000
all	15	0.0049416500	0.0300582949
allen	3	0.0050797000	-0.0779112384
alluring	0	0.0000000000	0.0000000000
almost	4	0.0012098500	0.0019308311
alone	0	0.0000000000	0.0000000000
along	2	0.0003135750	-0.0036101699
already	1	0.0002285000	0.0046043916
alright	1	0.0001419250	0.0003730226
also	8	0.0037640500	0.0257478243
although	2	0.0007556750	-0.0106949869
always	0	0.0000000000	0.0000000000
am	1	0.0001289000	0.0003387889
amazement	1	0.0006347250	-0.0131733591
amazing	0	0.0000000000	0.0000000000
ameche	0	0.0000000000	0.0000000000
american	2	0.0007985000	0.0049612266
americanized	1	0.0007462750	0.0109007462
americans	0	0.0000000000	0.0000000000
amid	1	0.0002754500	-0.0051781316
among	1	0.0003408250	0.0070685758
amoral	0	0.0000000000	0.0000000000
amount	1	0.0003608000	0.0101674541
amuse	1	0.0006347250	0.0075923842
amusing	1	0.0006102000	-0.0049359133
an	22	0.0072829000	-0.0308748239
and	38	0.0230380000	0.0172238930
anderson	3	0.0007739750	0.0153163013
anger	1	0.0003067250	-0.0023973745
angie	2	0.0027368500	-0.0417013070
angles	2	0.0021404500	-0.0000276964
angry	0	0.0000000000	0.0000000000
angst	2	0.0018038000	-0.0303365819
angular	1	0.0002754500	-0.0051781316
animated	0	0.0000000000	0.0000000000
ann	4	0.0017058000	0.0262369544
anna	2	0.0006078500	0.0084224240
annoying	0	0.0000000000	0.0000000000
another	4	0.0016798000	0.0098838824
answer	0	0.0000000000	0.0000000000
anthony	1	0.0003408250	0.0070685758
anti	1	0.0013693500	-0.0307805089
anticipate	1	0.0002516000	0.0046803136
any	6	0.0017915500	-0.0038332961
anybody	1	0.0007777500	-0.0056041827
anyone	3	0.0012160500	-0.0151061498
anything	3	0.0013961500	0.0065875527
anyway	2	0.0011479000	0.0028409474
apartment	1	0.0002516000	0.0046803136
apparent	1	0.0008627750	0.0063526048
apparently	1	0.0008367250	-0.0066973172
appeal	0	0.0000000000	0.0000000000
appear	0	0.0000000000	0.0000000000
appears	2	0.0012562750	-0.0161833810
applauded	1	0.0010619000	-0.0166041122
applause	1	0.0003834500	-0.0052703619
apples	0	0.0000000000	0.0000000000
arch	1	0.0006102000	-0.0049359133
arcs	1	0.0008242250	-0.0174492568
are	19	0.0074417000	-0.0137951899
aren	1	0.0001419250	0.0003730226
argentina	0	0.0000000000	0.0000000000
argument	1	0.0008002750	-0.0100707804
arise	1	0.0003003250	0.0046395945
aristocratic	0	0.0000000000	0.0000000000
aristocrats	0	0.0000000000	0.0000000000
armistead	4	0.0013573000	0.0321438588
arms	0	0.0000000000	0.0000000000
around	2	0.0005403500	0.0037691974
arrange	1	0.0005693250	0.0078311832
arrive	1	0.0007599250	-0.0060825943
arriving	1	0.0006102000	-0.0049359133
art	3	0.0016236500	-0.0021638008
artist	0	0.0000000000	0.0000000000
artistic	1	0.0003834500	-0.0052703619
artistically	0	0.0000000000	0.0000000000
arts	0	0.0000000000	0.0000000000
as	23	0.0088969250	0.0333127853
ashe	2	0.0005288250	0.0088901972
ashton	0	0.0000000000	0.0000000000
aside	0	0.0000000000	0.0000000000
asks	1	0.0003903000	0.0048814884
asleep	0	0.0000000000	0.0000000000
aspect	0	0.0000000000	0.0000000000
aspects	0	0.0000000000	0.0000000000
associates	1	0.0002516000	0.0046803136
assumed	0	0.0000000000	0.0000000000
astonishing	0	0.0000000000	0.0000000000
at	17	0.0070609250	-0.0410778329
atmosphere	0	0.0000000000	0.0000000000
attempt	3	0.0019774000	-0.0374497509
attempts	2	0.0008065500	0.0011919749
attendants	1	0.0003306750	0.0051084588
attention	1	0.0005693250	0.0078311832
attractive	0	0.0000000000	0.0000000000
audience	5	0.0027580000	0.0174934506
audiences	1	0.0003903000	0.0048814884
aunt	0	0.0000000000	0.0000000000
aural	1	0.0003377250	-0.0026396717
authentic	1	0.0003903000	0.0048814884
auto	1	0.0006102000	-0.0049359133
autobiography	1	0.0003408250	0.0070685758
automatically	1	0.0008242250	-0.0174492568
available	0	0.0000000000	0.0000000000
average	1	0.0003608000	0.0101674541
avoid	1	0.0003972750	0.0111953307
await	1	0.0001419250	0.0003730226
award	3	0.0006446750	0.0099465910
awards	1	0.0003306750	0.0051084588
aware	0	0.0000000000	0.0000000000
away	2	0.0017873500	0.0055513371
awful	1	0.0005351250	-0.0111062173
b	1	0.0006102000	-0.0049359133
babble	1	0.0002754500	-0.0051781316
bacall	2	0.0010410000	-0.0214598021
back	3	0.0010427500	0.0066269031
backdrop	1	0.0002501750	-0.0047029917
background	1	0.0001289000	0.0003387889
backgrounds	1	0.0002516000	0.0046803136
backlot	0	0.0000000000	0.0000000000
bad	7	0.0026507000	-0.0117755262
badly	1	0.0001289000	0.0003387889
bag	1	0.0016241750	-0.0365085135
baked	1	0.0002754500	-0.0051781316
baker	1	0.0002516000	0.0046803136
bang	1	0.0001419250	0.0003730226
bangs	0	0.0000000000	0.0000000000
banishes	0	0.0000000000	0.0000000000
banker	1	0.0001419250	0.0003730226
barely	2	0.0003910750	-0.0048945479
based	4	0.0010364500	0.0205278536
basic	1	0.0006134750	-0.0047949444
basically	1	0.0006870000	-0.0050195586
bath	1	0.0006945750	-0.0047031987
bathroom	1	0.0002516000	0.0050698684
battles	0	0.0000000000	0.0000000000
be	23	0.0070508750	-0.0161967618
beach	1	0.0003377250	-0.0026396717
bearable	1	0.0010935000	-0.0163728000
beat	0	0.0000000000	0.0000000000
beatings	0	0.0000000000	0.0000000000
beatles	0	0.0000000000	0.0000000000
beautiful	1	0.0006945750	-0.0047031987
beauty	0	0.0000000000	0.0000000000
because	8	0.0030212000	0.0088765620
becky	1	0.0002516000	0.0046803136
become	1	0.0001289000	0.0003387889
becomes	5	0.0016388750	0.0114102850
becoming	1	0.0003377250	-0.0026396717
bed	1	0.0010935000	-0.0163728000
been	13	0.0046461750	0.0185228715
before	5	0.0023564000	0.0221786722
begin	0	0.0000000000	0.0000000000
beginning	2	0.0011807000	-0.0150796830
behavior	1	0.0008242250	-0.0174492568
behind	1	0.0001289000	0.0003387889
beijing	0	0.0000000000	0.0000000000
being	10	0.0031029750	0.0224117544
believable	4	0.0014242250	0.0149148259
believe	3	0.0012121750	0.0166145720
belonging	1	0.0001419250	0.0003730226
belongs	2	0.0006548000	0.0090730190
ben	0	0.0000000000	0.0000000000
benefit	1	0.0003306750	0.0051084588
bergman	4	0.0038508750	-0.0596446297
berman	1	0.0002754500	-0.0051781316
bermuda	1	0.0001419250	0.0003730226
best	11	0.0036182000	0.0182806903
bet	1	0.0010063500	0.0202784662
beth	1	0.0003377250	-0.0026396717
better	9	0.0052675750	-0.0117078015
betty	0	0.0000000000	0.0000000000
between	3	0.0009643000	-0.0042339239
beyond	1	0.0005509000	-0.0103562632
biased	0	0.0000000000	0.0000000000
bicycle	0	0.0000000000	0.0000000000
big	1	0.0005275250	0.0093453931
biggest	1	0.0006102000	-0.0049359133
bike	0	0.0000000000	0.0000000000
bill	0	0.0000000000	0.0000000000
billies	0	0.0000000000	0.0000000000
bird	1	0.0008367250	-0.0066973172
bit	4	0.0012336250	0.0178363022
bitchy	1	0.0016241750	-0.0365085135
bits	1	0.0007314750	0.0113331821
bizarre	1	0.0003903000	0.0048814884
black	0	0.0000000000	0.0000000000
blaisdell	1	0.0025389750	-0.0480785133
blame	2	0.0013576500	-0.0134180008
bland	1	0.0001419250	0.0003730226
blazing	2	0.0008972500	0.0164516627
bleeds	1	0.0007363250	0.0130443990
bleibtreau	1	0.0003219500	-0.0061786703
bless	1	0.0003408250	0.0070685758
blindness	1	0.0003306750	0.0051084588
blockbuster	1	0.0006347250	-0.0131733591
blonde	0	0.0000000000	0.0000000000
blood	0	0.0000000000	0.0000000000
bloody	0	0.0000000000	0.0000000000
blow	1	0.0006556000	-0.0136060067
blue	0	0.0000000000	0.0000000000
board	1	0.0001289000	0.0003387889
bobby	6	0.0016297750	0.0301424818
bodies	1	0.0001419250	0.0003730226
body	0	0.0000000000	0.0000000000
boiler	1	0.0002516000	0.0046803136
bolt	2	0.0022681500	0.0440759975
bombed	1	0.0003408250	0.0070685758
bondage	1	0.0003834500	-0.0052703619
bonus	1	0.0005693250	0.0078311832
book	3	0.0012648000	0.0205483222
boost	0	0.0000000000	0.0000000000
boot	1	0.0003049250	0.0076088598
bored	1	0.0003219500	-0.0061786703
boredom	1	0.0007268250	-0.0091464746
boring	5	0.0018932000	-0.0306633163
born	1	0.0003903000	0.0048814884
boss	1	0.0007363250	0.0130443990
boston	0	0.0000000000	0.0000000000
both	3	0.0011213750	0.0174019408
bother	0	0.0000000000	0.0000000000
bothered	0	0.0000000000	0.0000000000
bottom	2	0.0006547750	-0.0107917403
bounced	1	0.0003219500	-0.0061786703
bound	0	0.0000000000	0.0000000000
boy	9	0.0039745000	0.0386449749
boyfriend	3	0.0010747250	-0.0030501506
boyz	0	0.0000000000	0.0000000000
bracelet	1	0.0002516000	0.0050698684
brain	0	0.0000000000	0.0000000000
brains	1	0.0007218500	-0.0149809273
branagh	1	0.0003377250	-0.0026396717
brand	1	0.0001419250	0.0003730226
brass	0	0.0000000000	0.0000000000
brassy	0	0.0000000000	0.0000000000
break	0	0.0000000000	0.0000000000
breaks	0	0.0000000000	0.0000000000
brian	1	0.0010619000	-0.0166041122
bridges	0	0.0000000000	0.0000000000
brie	1	0.0002754500	-0.0051781316
brief	1	0.0006102000	-0.0049359133
briefly	1	0.0009688000	-0.0139066999
bright	0	0.0000000000	0.0000000000
brilliant	3	0.0011886250	0.0158358256
brilliantly	1	0.0003408250	0.0070685758
bring	0	0.0000000000	0.0000000000
bristish	0	0.0000000000	0.0000000000
britain	0	0.0000000000	0.0000000000
british	0	0.0000000000	0.0000000000
bro	0	0.0000000000	0.0000000000
bromwell	1	0.0031554750	0.0153250959
brooks	3	0.0034651750	0.0259377682
brother	1	0.0003377250	-0.0026396717
brought	0	0.0000000000	0.0000000000
brutal	2	0.0010100750	-0.0091725821
bubble	1	0.0006945750	-0.0047031987
buddy	0	0.0000000000	0.0000000000
buenos	0	0.0000000000	0.0000000000
buffs	1	0.0006102000	-0.0049359133
building	0	0.0000000000	0.0000000000
buildings	1	0.0002516000	0.0050698684
bullshit	0	0.0000000000	0.0000000000
bunch	1	0.0001419250	0.0003730226
burn	1	0.0007889000	0.0038314257
burning	0	0.0000000000	0.0000000000
bus	0	0.0000000000	0.0000000000
business	1	0.0006102000	-0.0049359133
businessman	1	0.0001419250	0.0003730226
busy	1	0.0003903000	0.0048814884
but	28	0.0094091000	-0.0231447310
by	20	0.0060459000	0.0174352565
c	1	0.0002924000	-0.0056115645
caddie	0	0.0000000000	0.0000000000
caddies	0	0.0000000000	0.0000000000
caddy	0	0.0000000000	0.0000000000
called	2	0.0012958000	0.0035705281
came	4	0.0015204500	0.0009609373
cameo	0	0.0000000000	0.0000000000
camera	2	0.0007805500	-0.0041934831
can	15	0.0058329250	-0.0218065909
canadian	1	0.0006817750	0.0060557057
canceled	0	0.0000000000	0.0000000000
cannavale	6	0.0020505000	0.0394961534
cannon	1	0.0008907250	0.0000030471
cannot	1	0.0011529250	-0.0218320070
capable	0	0.0000000000	0.0000000000
captivated	2	0.0006548000	0.0090730190
captures	1	0.0003972750	0.0111953307
car	3	0.0030652250	-0.0431456746
carbon	0	0.0000000000	0.0000000000
care	1	0.0002881000	-0.0039598155
career	1	0.0005003250	-0.0094055135
careers	0	0.0000000000	0.0000000000
careful	1	0.0002516000	0.0046803136
cares	1	0.0003972750	0.0111953307
caretaker	1	0.0003408250	0.0070685758
cargo	1	0.0001419250	0.0003730226
caring	1	0.0003377250	-0.0026396717
carl	1	0.0003377250	-0.0026396717
carlin	1	0.0002516000	0.0050698684
carmen	0	0.0000000000	0.0000000000
carnivale	0	0.0000000000	0.0000000000
carries	1	0.0016241750	-0.0365085135
carry	1	0.0007945250	0.0223899569
carter	1	0.0003834500	-0.0052703619
cartoon	1	0.0007889000	0.0038314257
casablanca	0	0.0000000000	0.0000000000
case	3	0.0023825000	-0.0291080153
cast	9	0.0033441750	-0.0165233931
casting	1	0.0006643250	0.0102927868
catholic	0	0.0000000000	0.0000000000
caught	0	0.0000000000	0.0000000000
cause	1	0.0002516000	0.0050698684
caused	1	0.0002754500	-0.0051781316
causes	1	0.0003903000	0.0048814884
ceiling	0	0.0000000000	0.0000000000
celebrated	1	0.0003306750	0.0051084588
celebrates	0	0.0000000000	0.0000000000
celebrities	1	0.0002516000	0.0046803136
celebrity	1	0.0003377250	-0.0026396717
cell	0	0.0000000000	0.0000000000
cemeteries	0	0.0000000000	0.0000000000
central	0	0.0000000000	0.0000000000
century	0	0.0000000000	0.0000000000
ceremony	1	0.0010935000	-0.0163728000
certain	2	0.0010061750	0.0096625175
certainly	2	0.0017337000	0.0150192777
challenge	0	0.0000000000	0.0000000000
chambers	1	0.0002839500	0.0007463081
chance	1	0.0003608000	0.0101674541
change	3	0.0013642500	0.0061062857
changing	1	0.0003608000	0.0101674541
chantings	1	0.0009688000	-0.0139066999
chaperone	1	0.0006102000	-0.0049359133
character	8	0.0030508750	-0.0022791636
characteristic	1	0.0009127000	0.0103090329
characterization	1	0.0003306750	0.0051084588
characters	6	0.0021837500	-0.0099808298
charisma	1	0.0007777500	-0.0056041827
charlie	2	0.0035810500	-0.0705872430
charlotte	0	0.0000000000	0.0000000000
charming	0	0.0000000000	0.0000000000
cheap	2	0.0012835250	0.0157926849
cheats	1	0.0006102000	-0.0049359133
check	0	0.0000000000	0.0000000000
cheese	1	0.0002754500	-0.0051781316
cheesy	0	0.0000000000	0.0000000000
chef	1	0.0007777500	-0.0056041827
chemistry	1	0.0007777500	-0.0056041827
child	1	0.0002560750	0.0053108943
childhood	0	0.0000000000	0.0000000000
chilling	1	0.0003408250	0.0070685758
chilly	1	0.0003357500	0.0083780427
chinese	0	0.0000000000	0.0000000000
chock	1	0.0003377250	-0.0026396717
choices	2	0.0007932250	0.0106315757
chopped	1	0.0003306750	0.0051084588
chose	1	0.0002754500	-0.0051781316
christ	0	0.0000000000	0.0000000000
christopher	1	0.0001419250	0.0003730226
cigarettes	1	0.0002754500	-0.0051781316
cinderella	0	0.0000000000	0.0000000000
cinematography	1	0.0007278750	-0.0104483270
circle	1	0.0008002750	-0.0100707804
circumstance	0	0.0000000000	0.0000000000
citizen	1	0.0008907250	0.0000030471
city	2	0.0006921250	0.0105484911
class	1	0.0005733250	-0.0072148076
classic	5	0.0019855000	0.0239745991
classics	1	0.0007363250	0.0130443990
clear	2	0.0009499250	0.0116750487
clearly	0	0.0000000000	0.0000000000
clever	1	0.0006347250	-0.0131733591
clich	0	0.0000000000	0.0000000000
cliched	0	0.0000000000	0.0000000000
climactic	1	0.0006102000	-0.0049359133
climax	1	0.0006817750	0.0060557057
close	3	0.0013505000	0.0129078849
closer	1	0.0007889000	0.0038314257
closet	0	0.0000000000	0.0000000000
clothes	1	0.0007363250	0.0130443990
clothing	0	0.0000000000	0.0000000000
cloud	0	0.0000000000	0.0000000000
club	1	0.0012694250	-0.0240380732
clubs	0	0.0000000000	0.0000000000
clueless	1	0.0006945750	-0.0047031987
clumsy	1	0.0002924000	-0.0056115645
cluttered	0	0.0000000000	0.0000000000
co	3	0.0005779750	0.0106449488
coaxed	0	0.0000000000	0.0000000000
cocked	0	0.0000000000	0.0000000000
cocky	0	0.0000000000	0.0000000000
collete	2	0.0010885250	0.0133784998
collette	8	0.0044863750	0.0765983427
colors	1	0.0013148250	-0.0009365680
comatose	1	0.0003219500	-0.0061786703
combine	1	0.0016483750	-0.0307628482
come	4	0.0038230500	-0.0399183650
comeback	0	0.0000000000	0.0000000000
comedic	2	0.0010935250	0.0140077903
comedies	2	0.0011185250	0.0064227121
comedy	5	0.0049476250	-0.0779364369
comes	1	0.0002676750	-0.0020921582
comic	2	0.0007040500	0.0079738501
comical	1	0.0003903000	0.0048814884
coming	1	0.0006377500	-0.0046597140
commendable	1	0.0008627750	0.0063526048
commenters	1	0.0006817750	0.0060557057
comments	2	0.0009646500	0.0149323813
commercials	0	0.0000000000	0.0000000000
commit	1	0.0006102000	-0.0049359133
companion	1	0.0003219500	-0.0061786703
compared	1	0.0002516000	0.0050698684
compel	0	0.0000000000	0.0000000000
compelling	2	0.0009780000	-0.0076482789
compels	1	0.0003357500	0.0083780427
compete	0	0.0000000000	0.0000000000
competing	0	0.0000000000	0.0000000000
complaining	1	0.0007218500	-0.0149809273
complaint	2	0.0012628500	0.0126796093
complete	1	0.0007274000	0.0053558399
completely	3	0.0024857500	-0.0230567392
complex	0	0.0000000000	0.0000000000
computer	1	0.0002516000	0.0050698684
concept	1	0.0003408250	0.0070685758
concerned	1	0.0006102000	-0.0049359133
concerns	1	0.0012694250	-0.0240380732
concorde	1	0.0001419250	0.0003730226
condensed	1	0.0008002750	-0.0100707804
conditions	0	0.0000000000	0.0000000000
confirmed	1	0.0003408250	0.0070685758
conflicted	1	0.0002516000	0.0046803136
confused	1	0.0003095500	0.0064199447
confusion	0	0.0000000000	0.0000000000
connect	1	0.0002754500	-0.0051781316
connection	2	0.0004177250	-0.0000862379
consideration	1	0.0003306750	0.0051084588
considered	2	0.0017255750	-0.0233348157
consistencies	0	0.0000000000	0.0000000000
constant	1	0.0003903000	0.0048814884
constantly	1	0.0003095500	0.0064199447
contact	1	0.0005170750	0.0071124736
contained	0	0.0000000000	0.0000000000
contains	0	0.0000000000	0.0000000000
contemplates	0	0.0000000000	0.0000000000
contemporaneous	1	0.0010619000	-0.0166041122
contempt	1	0.0002754500	-0.0051781316
content	1	0.0007462750	0.0109007462
context	0	0.0000000000	0.0000000000
contracted	1	0.0003408250	0.0070685758
contrary	1	0.0010619000	-0.0166041122
control	1	0.0001289000	0.0003387889
convinced	1	0.0007777500	-0.0056041827
convincing	0	0.0000000000	0.0000000000
convincingly	0	0.0000000000	0.0000000000
cooking	0	0.0000000000	0.0000000000
cool	0	0.0000000000	0.0000000000
cop	0	0.0000000000	0.0000000000
copy	1	0.0003067250	-0.0023973745
core	2	0.0011748000	0.0050735159
corn	1	0.0007363250	0.0130443990
corpses	0	0.0000000000	0.0000000000
correct	1	0.0003306750	0.0051084588
correspondence	1	0.0002516000	0.0046803136
corruption	1	0.0010935000	-0.0163728000
cosmopolitan	1	0.0002754500	-0.0051781316
costner	0	0.0000000000	0.0000000000
costume	0	0.0000000000	0.0000000000
cottage	0	0.0000000000	0.0000000000
could	14	0.0048160250	0.0102177245
couldn	2	0.0009271250	-0.0099337599
counselors	1	0.0003903000	0.0048814884
counter	0	0.0000000000	0.0000000000
countless	0	0.0000000000	0.0000000000
country	1	0.0003482750	-0.0047868960
couple	3	0.0011559250	0.0002761806
courage	0	0.0000000000	0.0000000000
course	1	0.0001016750	0.0002672332
cowardice	1	0.0006945750	-0.0047031987
crap	2	0.0008761750	-0.0038881239
crashing	1	0.0002839500	0.0007463081
crawford	0	0.0000000000	0.0000000000
crawfords	0	0.0000000000	0.0000000000
crazed	0	0.0000000000	0.0000000000
crazy	1	0.0009688000	-0.0139066999
create	1	0.0003834500	-0.0052703619
creating	0	0.0000000000	0.0000000000
creation	0	0.0000000000	0.0000000000
creative	0	0.0000000000	0.0000000000
creature	1	0.0012694250	-0.0240380732
credit	0	0.0000000000	0.0000000000
credits	1	0.0001289000	0.0003387889
creepy	3	0.0009709000	0.0148551687
crew	1	0.0001419250	0.0003730226
cringe	0	0.0000000000	0.0000000000
critically	1	0.0003306750	0.0051084588
criticism	0	0.0000000000	0.0000000000
critics	1	0.0021239250	-0.0332101789
cross	1	0.0001419250	0.0003730226
crush	1	0.0007363250	0.0130443990
crust	0	0.0000000000	0.0000000000
cry	1	0.0003095500	0.0064199447
crying	0	0.0000000000	0.0000000000
cryptic	1	0.0009688000	-0.0139066999
cube	0	0.0000000000	0.0000000000
cues	0	0.0000000000	0.0000000000
cuff	0	0.0000000000	0.0000000000
culinary	1	0.0007777500	-0.0056041827
culkin	6	0.0028653500	0.0461848041
cullum	2	0.0005829750	0.0086840273
cult	1	0.0003408250	0.0070685758
cultural	1	0.0009644500	-0.0150803616
culture	0	0.0000000000	0.0000000000
curiosity	1	0.0003377250	-0.0026396717
current	0	0.0000000000	0.0000000000
curse	0	0.0000000000	0.0000000000
cut	7	0.0022453750	0.0167122540
cutest	0	0.0000000000	0.0000000000
d	5	0.0025671000	-0.0026707534
dad	1	0.0005542000	-0.0044829288
dafoe	1	0.0006347250	-0.0131733591
damage	1	0.0002754500	-0.0051781316
damn	1	0.0007462750	0.0109007462
dance	0	0.0000000000	0.0000000000
dancer	1	0.0002285000	0.0046043916
dancing	1	0.0006556000	-0.0136060067
danger	1	0.0001419250	0.0003730226
dangerous	1	0.0003408250	0.0070685758
dark	7	0.0028180250	-0.0093352761
darkness	1	0.0003608000	0.0101674541
dated	1	0.0001419250	0.0003730226
daughter	1	0.0001419250	0.0003730226
dawson	1	0.0007564250	-0.0055268116
day	2	0.0004670750	0.0019258536
days	2	0.0006823750	0.0172812335
dc	1	0.0003834500	-0.0052703619
dead	1	0.0001196500	0.0003144771
deadly	1	0.0003306750	0.0051084588
deaf	0	0.0000000000	0.0000000000
deafening	1	0.0003377250	-0.0026396717
deal	0	0.0000000000	0.0000000000
deals	0	0.0000000000	0.0000000000
death	3	0.0008043250	-0.0006316448
debut	0	0.0000000000	0.0000000000
decade	1	0.0003408250	0.0070685758
decades	1	0.0003903000	0.0048814884
decent	2	0.0006341000	-0.0038469136
decide	2	0.0019128500	-0.0279146013
decides	2	0.0005334250	0.0118594626
deciding	1	0.0002516000	0.0050698684
decrescendos	1	0.0003219500	-0.0061786703
deepening	1	0.0003903000	0.0048814884
defined	1	0.0002754500	-0.0051781316
definitely	4	0.0019052500	0.0046213922
defying	1	0.0006102000	-0.0049359133
deleted	1	0.0003306750	0.0051084588
delight	0	0.0000000000	0.0000000000
delightful	0	0.0000000000	0.0000000000
deliver	1	0.0003219500	-0.0061786703
delivers	1	0.0002924000	-0.0056115645
delivery	1	0.0006817750	0.0060557057
demands	0	0.0000000000	0.0000000000
demeanor	1	0.0016241750	-0.0365085135
demme	0	0.0000000000	0.0000000000
demolition	1	0.0007363250	0.0130443990
demonstration	0	0.0000000000	0.0000000000
denise	2	0.0021059250	-0.0374291036
depalma	1	0.0010619000	-0.0166041122
department	0	0.0000000000	0.0000000000
departure	1	0.0002285000	0.0042506028
depicted	0	0.0000000000	0.0000000000
depicting	0	0.0000000000	0.0000000000
depicts	1	0.0003903000	0.0048814884
depression	0	0.0000000000	0.0000000000
depth	1	0.0002501750	-0.0047029917
derange	1	0.0002516000	0.0046803136
descent	2	0.0015030000	-0.0097010589
deserve	1	0.0002787750	0.0043066776
deserved	0	0.0000000000	0.0000000000
deserves	1	0.0013897250	-0.0259357848
design	2	0.0007845000	-0.0132672178
designers	0	0.0000000000	0.0000000000
desire	0	0.0000000000	0.0000000000
desired	1	0.0010419250	0.0009060697
despair	1	0.0003903000	0.0048814884
desperate	3	0.0011990500	-0.0049095207
desperately	0	0.0000000000	0.0000000000
desperation	1	0.0002516000	0.0046803136
despite	3	0.0010463500	0.0012609552
destroyed	0	0.0000000000	0.0000000000
detail	1	0.0003357500	0.0083780427
detailing	1	0.0003357500	0.0083780427
details	0	0.0000000000	0.0000000000
determination	0	0.0000000000	0.0000000000
determine	1	0.0007462750	0.0109007462
detract	0	0.0000000000	0.0000000000
developing	0	0.0000000000	0.0000000000
development	1	0.0009931250	-0.0148699012
device	0	0.0000000000	0.0000000000
devious	1	0.0002516000	0.0046803136
devoid	1	0.0008002750	-0.0100707804
dialog	1	0.0003377250	-0.0026396717
dialogue	4	0.0015102250	-0.0241380664
dickens	1	0.0003377250	-0.0026396717
did	9	0.0031000750	0.0060349890
didn	6	0.0027404250	-0.0143381264
died	0	0.0000000000	0.0000000000
dies	0	0.0000000000	0.0000000000
differences	0	0.0000000000	0.0000000000
different	2	0.0007039500	0.0089352208
difficult	0	0.0000000000	0.0000000000
diggers	1	0.0007363250	0.0130443990
dignified	0	0.0000000000	0.0000000000
dignity	1	0.0002924000	-0.0056115645
dilemma	1	0.0001419250	0.0003730226
dillane	0	0.0000000000	0.0000000000
dime	0	0.0000000000	0.0000000000
dimensional	1	0.0003219500	-0.0061786703
dinner	1	0.0010935000	-0.0163728000
dir	1	0.0002516000	0.0046803136
directed	4	0.0008456500	0.0085527906
directing	1	0.0005848750	-0.0112245684
direction	5	0.0020866500	-0.0054063804
directly	1	0.0008289250	0.0093627864
director	9	0.0043149750	0.0262710548
directorial	1	0.0003067250	-0.0023973745
directors	2	0.0007040500	0.0079738501
directs	1	0.0002516000	0.0050698684
disappointed	2	0.0010770500	0.0070436755
disaster	1	0.0005678000	0.0014923533
disbelief	0	0.0000000000	0.0000000000
disciplined	0	0.0000000000	0.0000000000
discover	1	0.0003903000	0.0048814884
discovering	1	0.0002516000	0.0046803136
discovers	1	0.0003357500	0.0083780427
discovery	1	0.0001419250	0.0003730226
discussion	1	0.0010935000	-0.0163728000
disengagement	0	0.0000000000	0.0000000000
dishonest	1	0.0007363250	0.0130443990
disney	0	0.0000000000	0.0000000000
disneyfied	0	0.0000000000	0.0000000000
dispersion	1	0.0003306750	0.0051084588
displayed	1	0.0003972750	0.0111953307
displays	0	0.0000000000	0.0000000000
dissonance	0	0.0000000000	0.0000000000
distance	1	0.0003377250	-0.0026396717
distorted	1	0.0002754500	-0.0051781316
distrust	0	0.0000000000	0.0000000000
disturbed	1	0.0002516000	0.0046803136
disturbing	2	0.0011408750	0.0076572833
disused	1	0.0001419250	0.0003730226
divorce	2	0.0004786750	-0.0000986001
do	7	0.0022599500	0.0338396093
documentary	0	0.0000000000	0.0000000000
documenting	0	0.0000000000	0.0000000000
does	6	0.0021361250	0.0019135220
doesn	6	0.0022949250	0.0115756324
doggedly	0	0.0000000000	0.0000000000
doing	0	0.0000000000	0.0000000000
doll	0	0.0000000000	0.0000000000
domineering	1	0.0003377250	-0.0026396717
domino	0	0.0000000000	0.0000000000
don	14	0.0048238750	-0.0226177139
done	2	0.0025044000	0.0043802901
donna	5	0.0017226250	0.0355362008
doo	1	0.0006102000	-0.0049359133
doors	1	0.0001289000	0.0003387889
double	1	0.0006102000	-0.0049359133
doubt	2	0.0006921250	0.0105484911
down	2	0.0010023250	-0.0007912427
dozen	0	0.0000000000	0.0000000000
drag	1	0.0006102000	-0.0049359133
dragged	0	0.0000000000	0.0000000000
dragons	0	0.0000000000	0.0000000000
dragstrip	3	0.0022901250	-0.0300742134
draining	2	0.0005425750	-0.0103145563
drama	4	0.0024367750	0.0113143666
dramas	1	0.0003408250	0.0070685758
dramatic	3	0.0015373250	0.0261476172
dramatization	1	0.0006347250	0.0075923842
drawn	1	0.0003306750	0.0051084588
draws	1	0.0008627750	0.0063526048
dreadful	2	0.0009771000	-0.0115976348
dream	0	0.0000000000	0.0000000000
dreams	1	0.0007564250	-0.0055268116
drenched	1	0.0002754500	-0.0051781316
drenching	0	0.0000000000	0.0000000000
dress	1	0.0007218500	-0.0149809273
dressing	0	0.0000000000	0.0000000000
drifts	0	0.0000000000	0.0000000000
drink	0	0.0000000000	0.0000000000
drinking	1	0.0009931250	-0.0148699012
drinks	0	0.0000000000	0.0000000000
drive	1	0.0016483750	-0.0307628482
driven	0	0.0000000000	0.0000000000
driver	0	0.0000000000	0.0000000000
drives	0	0.0000000000	0.0000000000
drone	0	0.0000000000	0.0000000000
drones	1	0.0008242250	-0.0174492568
drown	1	0.0001419250	0.0003730226
drug	0	0.0000000000	0.0000000000
drugs	0	0.0000000000	0.0000000000
drunk	1	0.0001419250	0.0003730226
dubbed	0	0.0000000000	0.0000000000
duck	1	0.0016483750	-0.0307628482
due	2	0.0008174000	0.0117520681
dull	2	0.0005080750	-0.0040251511
dulled	0	0.0000000000	0.0000000000
dumb	1	0.0003408250	0.0070685758
during	2	0.0006853750	-0.0138640565
dvd	1	0.0003408250	0.0070685758
dwarfs	1	0.0003377250	-0.0026396717
dying	1	0.0002516000	0.0046803136
dysfunctional	1	0.0003377250	-0.0026396717
e	0	0.0000000000	0.0000000000
each	2	0.0010750750	0.0062670625
earlier	1	0.0003377250	-0.0026396717
early	1	0.0002678250	0.0033496916
earrings	0	0.0000000000	0.0000000000
earth	1	0.0006347250	-0.0131733591
ease	1	0.0010935000	-0.0163728000
easily	1	0.0008907250	0.0000030471
east	1	0.0003219500	-0.0061786703
easy	1	0.0008799000	-0.0126305793
eat	0	0.0000000000	0.0000000000
ecstasy	0	0.0000000000	0.0000000000
edge	1	0.0007314750	0.0113331821
edges	0	0.0000000000	0.0000000000
editing	2	0.0008535750	0.0094122031
editor	1	0.0002516000	0.0046803136
eerie	1	0.0006817750	0.0060557057
effect	0	0.0000000000	0.0000000000
effective	0	0.0000000000	0.0000000000
effects	1	0.0001289000	0.0003387889
effort	3	0.0034620250	-0.0247276227
either	5	0.0022495250	-0.0147745153
elections	1	0.0002516000	0.0050698684
elevated	1	0.0002754500	-0.0051781316
eleventh	0	0.0000000000	0.0000000000
elite	1	0.0003219500	-0.0061786703
else	5	0.0023299000	-0.0197383127
elusive	1	0.0003903000	0.0048814884
embarrassing	1	0.0006754750	-0.0052795388
emergence	0	0.0000000000	0.0000000000
emery	1	0.0002516000	0.0046803136
emotion	1	0.0008002750	-0.0100707804
emotional	1	0.0002516000	0.0046803136
emotionally	0	0.0000000000	0.0000000000
emotions	0	0.0000000000	0.0000000000
empathizes	0	0.0000000000	0.0000000000
emphatic	0	0.0000000000	0.0000000000
en	1	0.0003903000	0.0048814884
enablers	0	0.0000000000	0.0000000000
enamored	2	0.0012234250	0.0020227732
encountering	1	0.0008367250	-0.0066973172
encourages	0	0.0000000000	0.0000000000
end	8	0.0023550000	-0.0034624017
ending	2	0.0007001250	0.0160750881
endless	1	0.0003219500	-0.0061786703
endlessly	0	0.0000000000	0.0000000000
ends	1	0.0003357500	0.0083780427
endures	0	0.0000000000	0.0000000000
energy	1	0.0003219500	-0.0061786703
engaging	2	0.0015531500	-0.0077266158
england	0	0.0000000000	0.0000000000
english	0	0.0000000000	0.0000000000
enjoy	2	0.0013584500	0.0073664093
enjoyed	4	0.0018224500	-0.0047820421
enough	6	0.0026611000	-0.0089814530
ensuing	0	0.0000000000	0.0000000000
entendres	1	0.0006102000	-0.0049359133
entertain	0	0.0000000000	0.0000000000
entertained	2	0.0007053500	0.0072341056
entertaining	4	0.0014337500	-0.0159653651
entertainment	2	0.0009884250	-0.0014782027
enthralled	1	0.0007314750	0.0113331821
enthralling	1	0.0003544750	0.0044334246
entire	1	0.0004538750	0.0126768419
entitled	1	0.0003903000	0.0048814884
episode	1	0.0007889000	0.0038314257
equal	0	0.0000000000	0.0000000000
equally	1	0.0008242250	-0.0174492568
er	0	0.0000000000	0.0000000000
era	2	0.0014341000	-0.0171135081
erotic	0	0.0000000000	0.0000000000
escape	0	0.0000000000	0.0000000000
escaped	1	0.0002516000	0.0046803136
escort	1	0.0008002750	-0.0100707804
especially	4	0.0020743750	-0.0106082511
essence	1	0.0003972750	0.0111953307
established	1	0.0003357500	0.0083780427
establishing	1	0.0003306750	0.0051084588
establishment	0	0.0000000000	0.0000000000
establishments	0	0.0000000000	0.0000000000
estate	1	0.0001419250	0.0003730226
estranged	1	0.0002516000	0.0046803136
estrangement	1	0.0002754500	-0.0051781316
etc	1	0.0005353750	-0.0041845118
even	14	0.0055031750	-0.0253685577
evening	1	0.0007314750	0.0113331821
evenings	1	0.0003903000	0.0048814884
event	1	0.0007216000	0.0203349081
events	5	0.0022541750	0.0112268632
eventually	4	0.0017922500	-0.0147315142
ever	4	0.0022237000	-0.0091000362
every	4	0.0018174250	0.0175234866
everybody	0	0.0000000000	0.0000000000
everyone	4	0.0015445750	-0.0119283557
everything	3	0.0022644750	0.0113110911
everywhere	1	0.0003003250	0.0046395945
evicted	1	0.0007599250	-0.0060825943
evident	0	0.0000000000	0.0000000000
evil	1	0.0013148250	-0.0009365680
evokes	1	0.0003306750	0.0051084588
ex	2	0.0007455750	0.0117168653
exact	0	0.0000000000	0.0000000000
exactly	2	0.0009404500	-0.0069503520
example	1	0.0007678750	-0.0110225095
exceedingly	0	0.0000000000	0.0000000000
excellent	6	0.0029192750	-0.0176612845
except	1	0.0002830750	0.0070636320
exception	1	0.0003408250	0.0070685758
exceptionally	1	0.0003003250	0.0046395945
exchange	0	0.0000000000	0.0000000000
exchanges	1	0.0006102000	-0.0049359133
excitement	1	0.0001419250	0.0003730226
excoriated	1	0.0010619000	-0.0166041122
excruciatingly	1	0.0008002750	-0.0100707804
excuse	0	0.0000000000	0.0000000000
exemplary	1	0.0003003250	0.0046395945
exercises	0	0.0000000000	0.0000000000
exist	1	0.0003408250	0.0070685758
existence	2	0.0005829750	0.0086840273
existential	1	0.0003377250	-0.0026396717
exiting	0	0.0000000000	0.0000000000
expect	4	0.0022174250	-0.0004219663
expected	3	0.0010806250	-0.0046612670
expecting	1	0.0004997500	0.0139581420
expensive	0	0.0000000000	0.0000000000
experience	0	0.0000000000	0.0000000000
explain	0	0.0000000000	0.0000000000
exploitationer	0	0.0000000000	0.0000000000
exploits	1	0.0007777500	-0.0056041827
explores	0	0.0000000000	0.0000000000
exposes	0	0.0000000000	0.0000000000
exposing	0	0.0000000000	0.0000000000
expressing	0	0.0000000000	0.0000000000
expressionist	1	0.0002754500	-0.0051781316
expressions	0	0.0000000000	0.0000000000
exteriors	1	0.0003357500	0.0083780427
extra	1	0.0002579000	0.0006778407
extreme	1	0.0002754500	-0.0051781316
extremes	0	0.0000000000	0.0000000000
eye	1	0.0010935000	-0.0163728000
eyes	0	0.0000000000	0.0000000000
f	1	0.0007218500	-0.0149809273
fabulous	0	0.0000000000	0.0000000000
face	1	0.0006687500	0.0118472711
faces	1	0.0001419250	0.0003730226
facial	0	0.0000000000	0.0000000000
facing	1	0.0001419250	0.0003730226
fact	4	0.0015729750	-0.0027164644
faded	1	0.0006817750	0.0060557057
fail	0	0.0000000000	0.0000000000
failed	1	0.0016241750	-0.0365085135
fails	1	0.0006347250	0.0075923842
fairways	0	0.0000000000	0.0000000000
fake	0	0.0000000000	0.0000000000
fall	1	0.0008907250	0.0000030471
falling	0	0.0000000000	0.0000000000
falls	0	0.0000000000	0.0000000000
false	1	0.0006192000	0.0054998980
fame	2	0.0008767750	0.0115349112
familiar	2	0.0004027250	0.0073781091
familiarity	0	0.0000000000	0.0000000000
family	2	0.0009232000	-0.0093829420
fan	3	0.0015865500	-0.0011503626
fanatic	1	0.0006102000	-0.0049359133
fans	1	0.0004570000	0.0085012055
fantastic	3	0.0016776500	0.0256489115
far	5	0.0015595500	0.0007840854
fare	1	0.0006347250	0.0075923842
fares	1	0.0008627750	0.0063526048
farley	0	0.0000000000	0.0000000000
fart	1	0.0002754500	-0.0051781316
fashion	1	0.0004538750	0.0126768419
fashionable	0	0.0000000000	0.0000000000
fashioned	1	0.0002285000	0.0042506028
fashions	1	0.0001419250	0.0003730226
fast	1	0.0001419250	0.0003730226
faster	1	0.0003357500	0.0083780427
father	0	0.0000000000	0.0000000000
fault	0	0.0000000000	0.0000000000
favorite	4	0.0020646250	-0.0034540684
favourite	1	0.0001289000	0.0003387889
faye	0	0.0000000000	0.0000000000
fear	0	0.0000000000	0.0000000000
feature	0	0.0000000000	0.0000000000
feel	4	0.0012521250	0.0135992384
feeling	4	0.0012557750	0.0126614588
feelings	2	0.0011894500	-0.0062106346
feels	1	0.0008627750	0.0063526048
fegsen	0	0.0000000000	0.0000000000
fell	0	0.0000000000	0.0000000000
felt	4	0.0019996250	0.0079443524
female	1	0.0006102000	-0.0049359133
fence	0	0.0000000000	0.0000000000
festival	0	0.0000000000	0.0000000000
fetched	1	0.0007889000	0.0038314257
fetish	0	0.0000000000	0.0000000000
few	4	0.0012677750	0.0070713155
fiction	1	0.0012694250	-0.0240380732
fiend	1	0.0006347250	0.0075923842
fight	2	0.0012216250	-0.0102655096
fighting	1	0.0006687500	0.0118472711
figure	1	0.0003482750	-0.0047868960
files	1	0.0006817750	0.0060557057
fill	1	0.0006870000	-0.0050195586
filled	0	0.0000000000	0.0000000000
filler	0	0.0000000000	0.0000000000
film	26	0.0091435000	-0.0181386502
filmed	1	0.0011941500	-0.0008506096
films	4	0.0015926750	-0.0103515701
final	0	0.0000000000	0.0000000000
finale	0	0.0000000000	0.0000000000
finally	2	0.0004614750	0.0077579651
financially	1	0.0007889000	0.0038314257
find	7	0.0027064250	-0.0084910158
finds	2	0.0006548000	0.0090730190
fine	1	0.0008784500	0.0007639100
finely	1	0.0002516000	0.0046803136
finger	1	0.0007777500	-0.0056041827
finish	1	0.0003834500	-0.0052703619
finished	1	0.0003834500	-0.0052703619
firemen	0	0.0000000000	0.0000000000
first	5	0.0019751500	-0.0007019173
fischer	0	0.0000000000	0.0000000000
fisher	1	0.0008907250	0.0000030471
fitting	0	0.0000000000	0.0000000000
five	1	0.0006308250	-0.0042715262
fix	1	0.0006817750	0.0060557057
flabby	0	0.0000000000	0.0000000000
flames	0	0.0000000000	0.0000000000
flashbacks	1	0.0001419250	0.0003730226
flat	1	0.0008089750	0.0000027674
flawed	1	0.0008089750	0.0000027674
flawlessly	1	0.0003834500	-0.0052703619
flaws	1	0.0003219500	-0.0061786703
flesh	1	0.0001419250	0.0003730226
fleshed	1	0.0009127000	0.0103090329
flick	2	0.0007538500	-0.0035321737
flicks	0	0.0000000000	0.0000000000
flight	2	0.0005288250	0.0092439861
flitter	0	0.0000000000	0.0000000000
float	0	0.0000000000	0.0000000000
floods	1	0.0001419250	0.0003730226
floor	0	0.0000000000	0.0000000000
flourishes	0	0.0000000000	0.0000000000
flown	1	0.0001419250	0.0003730226
flying	1	0.0002579000	0.0006778407
folks	1	0.0006102000	-0.0049359133
follow	0	0.0000000000	0.0000000000
followable	1	0.0009127000	0.0103090329
followed	1	0.0001419250	0.0003730226
follows	1	0.0005170750	0.0071124736
fond	1	0.0006102000	-0.0049359133
foot	1	0.0003408250	0.0070685758
footage	1	0.0002839500	0.0007463081
for	26	0.0099053250	-0.0243341048
forcedly	0	0.0000000000	0.0000000000
forehead	1	0.0002516000	0.0050698684
foreheads	0	0.0000000000	0.0000000000
foreshadowing	0	0.0000000000	0.0000000000
forever	0	0.0000000000	0.0000000000
forget	2	0.0010671500	0.0050777537
forgotten	1	0.0001289000	0.0003387889
form	2	0.0011929500	-0.0108297588
formal	1	0.0009688000	-0.0139066999
former	1	0.0002516000	0.0046803136
formulaic	0	0.0000000000	0.0000000000
forrest	1	0.0009688000	-0.0139066999
forward	1	0.0003972750	0.0111953307
fought	0	0.0000000000	0.0000000000
foul	1	0.0008367250	-0.0066973172
found	5	0.0017698250	0.0168784037
foundations	1	0.0006817750	0.0060557057
fourteen	1	0.0003357500	0.0083780427
fox	0	0.0000000000	0.0000000000
foxworth	1	0.0001419250	0.0003730226
fragile	1	0.0003972750	0.0111953307
frail	1	0.0001419250	0.0003730226
frailty	0	0.0000000000	0.0000000000
framing	1	0.0003357500	0.0083780427
francis	0	0.0000000000	0.0000000000
franco	0	0.0000000000	0.0000000000
frankenstein	1	0.0002516000	0.0050698684
fraud	1	0.0003408250	0.0070685758
frederic	1	0.0009688000	-0.0139066999
freedom	0	0.0000000000	0.0000000000
freeways	0	0.0000000000	0.0000000000
frenetic	0	0.0000000000	0.0000000000
frequents	1	0.0003357500	0.0083780427
fresh	1	0.0006102000	-0.0049359133
friday	1	0.0005764500	0.0068953167
friend	2	0.0008715500	0.0115458982
friendly	0	0.0000000000	0.0000000000
friends	1	0.0002661000	0.0066400512
friendship	1	0.0005693250	0.0078311832
friendships	0	0.0000000000	0.0000000000
from	18	0.0061865000	0.0013521691
front	1	0.0002924000	-0.0056115645
fruity	1	0.0006102000	-0.0049359133
full	2	0.0004427750	0.0015329610
fume	1	0.0009127000	0.0103090329
fumes	1	0.0002516000	0.0050698684
fun	1	0.0006102000	-0.0049359133
funeral	0	0.0000000000	0.0000000000
funnier	1	0.0003377250	-0.0026396717
funny	4	0.0030151000	-0.0203158692
further	1	0.0003049250	0.0076088598
future	2	0.0019882750	-0.0206564081
fyi	0	0.0000000000	0.0000000000
gabriel	6	0.0029974500	0.0605735968
gained	0	0.0000000000	0.0000000000
galiena	0	0.0000000000	0.0000000000
game	0	0.0000000000	0.0000000000
games	0	0.0000000000	0.0000000000
gangsters	0	0.0000000000	0.0000000000
garb	0	0.0000000000	0.0000000000
gas	2	0.0003574000	0.0045893917
gave	1	0.0016178500	0.0000055345
gay	3	0.0013027750	-0.0062894870
gender	0	0.0000000000	0.0000000000
genera	1	0.0016483750	-0.0307628482
general	2	0.0013337750	0.0000462626
generally	1	0.0010619000	-0.0166041122
generated	1	0.0001419250	0.0003730226
generation	1	0.0003408250	0.0070685758
generic	0	0.0000000000	0.0000000000
genre	1	0.0003049250	0.0076088598
gentlemen	0	0.0000000000	0.0000000000
genuinely	1	0.0002516000	0.0046803136
george	2	0.0004864000	0.0052822323
german	1	0.0002714250	-0.0052090250
get	6	0.0041404250	-0.0433229609
gets	3	0.0010839250	0.0150519063
getting	5	0.0026564250	-0.0307977049
ghetto	1	0.0007363250	0.0130443990
ghost	3	0.0038749500	-0.0545041574
ghosts	0	0.0000000000	0.0000000000
giant	1	0.0003219500	-0.0061786703
girl	0	0.0000000000	0.0000000000
girls	0	0.0000000000	0.0000000000
give	5	0.0023968250	0.0178131460
given	4	0.0010764000	0.0199769429
gives	4	0.0014055750	0.0224564341
giving	3	0.0009709000	0.0148551687
glass	0	0.0000000000	0.0000000000
gloss	1	0.0003972750	0.0111953307
glossy	0	0.0000000000	0.0000000000
go	5	0.0021225000	0.0003100845
goal	1	0.0006347250	0.0075923842
god	1	0.0003408250	0.0070685758
godby	1	0.0003408250	0.0070685758
goddard	1	0.0002516000	0.0050698684
goes	3	0.0007623250	0.0117742273
going	4	0.0013217000	-0.0143462179
gold	0	0.0000000000	0.0000000000
goldberg	1	0.0006945750	-0.0047031987
golf	0	0.0000000000	0.0000000000
golfer	0	0.0000000000	0.0000000000
golfers	0	0.0000000000	0.0000000000
gone	2	0.0012185250	0.0058098580
good	18	0.0072534250	-0.0059078670
got	2	0.0007977250	0.0003091344
gothic	0	0.0000000000	0.0000000000
grable	0	0.0000000000	0.0000000000
grace	1	0.0012694250	-0.0240380732
graceful	0	0.0000000000	0.0000000000
grader	1	0.0009688000	-0.0139066999
gradual	0	0.0000000000	0.0000000000
graduates	0	0.0000000000	0.0000000000
grand	0	0.0000000000	0.0000000000
granger	0	0.0000000000	0.0000000000
grant	1	0.0001419250	0.0003730226
grass	0	0.0000000000	0.0000000000
grassy	0	0.0000000000	0.0000000000
grate	0	0.0000000000	0.0000000000
gratifying	0	0.0000000000	0.0000000000
gratitude	1	0.0003306750	0.0051084588
gratuitous	0	0.0000000000	0.0000000000
graveyard	0	0.0000000000	0.0000000000
great	7	0.0031737000	0.0203086590
greatest	0	0.0000000000	0.0000000000
green	0	0.0000000000	0.0000000000
greens	0	0.0000000000	0.0000000000
greenwood	0	0.0000000000	0.0000000000
grim	0	0.0000000000	0.0000000000
gripping	1	0.0007314750	0.0113331821
grips	1	0.0009463000	0.0008229131
gritty	1	0.0007564250	-0.0055268116
grounding	0	0.0000000000	0.0000000000
group	1	0.0012694250	-0.0240380732
grown	1	0.0002285000	0.0042506028
guarantee	1	0.0007462750	0.0109007462
guardian	1	0.0003357500	0.0083780427
guess	1	0.0003834500	-0.0052703619
guessed	1	0.0008367250	-0.0066973172
guide	1	0.0005764500	0.0068953167
gun	0	0.0000000000	0.0000000000
guns	1	0.0007218500	-0.0149809273
gut	0	0.0000000000	0.0000000000
guy	3	0.0015038750	0.0077587110
gymnastic	0	0.0000000000	0.0000000000
habit	0	0.0000000000	0.0000000000
habits	1	0.0003377250	-0.0026396717
hackneyed	1	0.0008242250	-0.0174492568
hacks	1	0.0003972750	0.0111953307
had	11	0.0041325000	-0.0283266914
hair	0	0.0000000000	0.0000000000
haircut	0	0.0000000000	0.0000000000
half	1	0.0003961000	0.0110631717
halitosis	1	0.0002754500	-0.0051781316
hall	2	0.0004292250	0.0049783834
hallucinatory	0	0.0000000000	0.0000000000
hammers	1	0.0016241750	-0.0365085135
hand	2	0.0007382500	-0.0084950501
handed	1	0.0007218500	-0.0149809273
handicaps	0	0.0000000000	0.0000000000
hands	1	0.0003290750	0.0041157464
hang	0	0.0000000000	0.0000000000
hangout	1	0.0008367250	-0.0066973172
happen	0	0.0000000000	0.0000000000
happened	4	0.0015726750	-0.0006124663
happening	2	0.0017062250	-0.0052596812
happens	3	0.0010128500	-0.0010461414
happiness	0	0.0000000000	0.0000000000
happy	1	0.0002754500	-0.0051781316
hard	2	0.0012377750	-0.0034403103
harmless	1	0.0008367250	-0.0066973172
harmon	2	0.0021059250	-0.0374291036
harrelson	2	0.0009889250	-0.0151850129
harrison	1	0.0012694250	-0.0263461994
harrowing	2	0.0006548000	0.0090730190
harry	0	0.0000000000	0.0000000000
harsh	1	0.0001419250	0.0003730226
has	13	0.0052779000	0.0591833731
hate	0	0.0000000000	0.0000000000
hatred	0	0.0000000000	0.0000000000
hats	0	0.0000000000	0.0000000000
haunted	2	0.0017756750	-0.0259128227
haunting	0	0.0000000000	0.0000000000
have	26	0.0091408000	0.0322018533
haven	1	0.0008367250	-0.0066973172
having	5	0.0014105500	-0.0156464079
hazy	1	0.0007564250	-0.0055268116
hbo	0	0.0000000000	0.0000000000
he	18	0.0078930250	0.0326369221
head	0	0.0000000000	0.0000000000
heads	0	0.0000000000	0.0000000000
hear	1	0.0010419250	0.0009060697
heard	1	0.0003357500	0.0083780427
heart	1	0.0003067250	-0.0023973745
hearted	1	0.0002516000	0.0046803136
heartland	0	0.0000000000	0.0000000000
heat	1	0.0003219500	-0.0061786703
heavy	0	0.0000000000	0.0000000000
heck	0	0.0000000000	0.0000000000
held	1	0.0005693250	0.0078311832
helicopters	1	0.0001419250	0.0003730226
hell	1	0.0007462750	0.0109007462
help	3	0.0012425000	0.0163651810
helped	1	0.0003306750	0.0051084588
helps	2	0.0005893000	0.0144180568
her	11	0.0048616500	-0.0231997147
here	7	0.0023477250	0.0188635679
hero	0	0.0000000000	0.0000000000
heroic	0	0.0000000000	0.0000000000
heroism	0	0.0000000000	0.0000000000
herself	0	0.0000000000	0.0000000000
hi	1	0.0002839500	0.0007463081
hid	1	0.0006347250	-0.0131733591
hides	1	0.0003306750	0.0051084588
high	2	0.0030700250	0.0187883096
higher	1	0.0007268250	-0.0091464746
highly	3	0.0009915250	0.0075156637
highway	1	0.0003306750	0.0051084588
hilarious	1	0.0003067250	-0.0023973745
hill	0	0.0000000000	0.0000000000
hills	0	0.0000000000	0.0000000000
him	6	0.0013726500	0.0123312874
himself	9	0.0026859500	0.0316867824
hints	2	0.0017767250	-0.0091002613
his	21	0.0090918000	0.0496370178
historic	0	0.0000000000	0.0000000000
historical	0	0.0000000000	0.0000000000
history	0	0.0000000000	0.0000000000
hit	1	0.0001419250	0.0003730226
hitchcock	3	0.0015954250	0.0020759718
hitchcockian	2	0.0009108750	0.0211780474
hits	1	0.0001419250	0.0003730226
hiv	1	0.0003357500	0.0083780427
hoax	1	0.0002516000	0.0046803136
hobo	1	0.0007363250	0.0130443990
hokey	1	0.0006817750	0.0060557057
hokum	1	0.0008367250	-0.0066973172
holes	2	0.0010104750	0.0124194719
hollow	3	0.0022901250	-0.0300742134
hollywood	2	0.0011094000	-0.0056807835
home	2	0.0005438750	0.0088628274
homeless	2	0.0012571500	0.0238205880
homelessness	2	0.0010374750	0.0046071591
homes	0	0.0000000000	0.0000000000
homosexual	1	0.0003219500	-0.0061786703
homosexuality	1	0.0008242250	-0.0174492568
honesty	0	0.0000000000	0.0000000000
hongshen	0	0.0000000000	0.0000000000
hongsheng	0	0.0000000000	0.0000000000
hood	0	0.0000000000	0.0000000000
hoodwink	1	0.0002516000	0.0046803136
hope	1	0.0002285000	0.0042506028
hopefully	1	0.0016241750	-0.0365085135
horrible	3	0.0019028500	-0.0390815922
horribly	0	0.0000000000	0.0000000000
horrific	1	0.0003408250	0.0070685758
horror	3	0.0029900250	-0.0536479767
horse	0	0.0000000000	0.0000000000
horserace	0	0.0000000000	0.0000000000
hospital	2	0.0012879500	0.0173471691
host	3	0.0010878500	0.0150249233
hot	4	0.0031874250	-0.0474281017
hour	5	0.0014761000	0.0145554452
hours	2	0.0011716500	-0.0162540301
house	2	0.0017756750	-0.0259128227
houselessness	1	0.0002516000	0.0050698684
how	10	0.0041167750	-0.0225539563
howard	2	0.0017255750	-0.0233348157
however	8	0.0025325250	0.0127847946
howlers	1	0.0003377250	-0.0026396717
huge	1	0.0001289000	0.0003387889
huh	0	0.0000000000	0.0000000000
human	2	0.0004875000	0.0122200668
humble	0	0.0000000000	0.0000000000
humidity	1	0.0003219500	-0.0061786703
humility	0	0.0000000000	0.0000000000
humor	1	0.0006167000	0.0095549040
humorous	0	0.0000000000	0.0000000000
hung	1	0.0006945750	-0.0047031987
hungry	0	0.0000000000	0.0000000000
hunted	0	0.0000000000	0.0000000000
hurt	1	0.0003377250	-0.0026396717
hushed	1	0.0003357500	0.0083780427
hybrid	1	0.0006347250	0.0075923842
hypnotic	1	0.0003357500	0.0083780427
i	30	0.0192136500	-0.0038147442
ice	0	0.0000000000	0.0000000000
iconic	0	0.0000000000	0.0000000000
idea	2	0.0010933500	-0.0147415727
idealistic	0	0.0000000000	0.0000000000
idealized	0	0.0000000000	0.0000000000
ideas	1	0.0001419250	0.0003730226
identity	1	0.0002501750	-0.0047029917
idiots	1	0.0008907250	0.0000030471
idol	0	0.0000000000	0.0000000000
idolized	0	0.0000000000	0.0000000000
if	14	0.0057418500	-0.0198300041
ill	1	0.0004800000	0.0066024993
illicit	1	0.0002754500	-0.0051781316
illnesses	1	0.0003903000	0.0048814884
images	1	0.0004213500	0.0117684105
imaginary	0	0.0000000000	0.0000000000
imagination	1	0.0004997500	0.0139581420
imagine	0	0.0000000000	0.0000000000
imagines	0	0.0000000000	0.0000000000
imitating	1	0.0010619000	-0.0166041122
imitations	1	0.0010619000	-0.0166041122
immediacy	0	0.0000000000	0.0000000000
immediately	1	0.0007889000	0.0038314257
immersed	1	0.0002754500	-0.0051781316
impact	1	0.0005693250	0.0078311832
impersonation	1	0.0003306750	0.0051084588
implications	0	0.0000000000	0.0000000000
impress	1	0.0004997500	0.0139581420
impressionable	0	0.0000000000	0.0000000000
impressive	1	0.0008907250	0.0000030471
improvisational	1	0.0002754500	-0.0051781316
in	37	0.0180586250	-0.0456506238
inability	0	0.0000000000	0.0000000000
inadequacy	1	0.0010935000	-0.0163728000
incapable	1	0.0003219500	-0.0061786703
incessant	0	0.0000000000	0.0000000000
include	1	0.0003408250	0.0070685758
included	1	0.0008242250	-0.0174492568
including	2	0.0004864000	0.0052822323
incredible	1	0.0003408250	0.0070685758
incredibly	1	0.0003067250	-0.0023973745
incurred	0	0.0000000000	0.0000000000
indebtedness	0	0.0000000000	0.0000000000
independence	0	0.0000000000	0.0000000000
indianapolis	0	0.0000000000	0.0000000000
indicates	0	0.0000000000	0.0000000000
indifferently	1	0.0007363250	0.0130443990
indulgent	1	0.0002754500	-0.0051781316
inevitably	1	0.0007777500	-0.0056041827
inexplicable	1	0.0008242250	-0.0174492568
inferior	0	0.0000000000	0.0000000000
inflation	1	0.0002516000	0.0050698684
influence	0	0.0000000000	0.0000000000
information	1	0.0003903000	0.0048814884
ing	0	0.0000000000	0.0000000000
ingmar	1	0.0005509000	-0.0103562632
initially	1	0.0003306750	0.0051084588
inkling	0	0.0000000000	0.0000000000
inmates	0	0.0000000000	0.0000000000
inn	1	0.0008907250	0.0000030471
inner	1	0.0002516000	0.0046803136
input	0	0.0000000000	0.0000000000
insane	2	0.0014563500	-0.0057352626
inside	2	0.0008775000	-0.0155094487
insight	1	0.0002754500	-0.0051781316
insightful	1	0.0007889000	0.0038314257
insistence	1	0.0002754500	-0.0051781316
insomnia	1	0.0003408250	0.0070685758
inspect	1	0.0006347250	0.0075923842
inspector	1	0.0007889000	0.0038314257
inspirational	0	0.0000000000	0.0000000000
inspire	1	0.0002516000	0.0050698684
inspired	2	0.0013006750	0.0128821136
inst	0	0.0000000000	0.0000000000
instead	5	0.0016967250	-0.0039090557
institute	0	0.0000000000	0.0000000000
integrity	0	0.0000000000	0.0000000000
intellectual	1	0.0003377250	-0.0026396717
intelligentsia	1	0.0002754500	-0.0051781316
intense	1	0.0007314750	0.0113331821
intensity	1	0.0008242250	-0.0174492568
intentionally	1	0.0002754500	-0.0051781316
intentions	1	0.0008627750	0.0063526048
intercessor	0	0.0000000000	0.0000000000
interest	1	0.0012694250	-0.0263461994
interesting	5	0.0056495000	-0.0182696681
interior	1	0.0001419250	0.0003730226
interiors	2	0.0013638750	-0.0189015698
interminable	1	0.0002754500	-0.0051781316
intermittent	0	0.0000000000	0.0000000000
international	1	0.0006102000	-0.0049359133
intimidated	0	0.0000000000	0.0000000000
into	10	0.0027763250	0.0039649774
intonations	1	0.0003377250	-0.0026396717
intoned	1	0.0003377250	-0.0026396717
intrigued	1	0.0002516000	0.0046803136
intriguing	2	0.0014613750	0.0156698152
introduced	1	0.0003972750	0.0111953307
introspective	1	0.0002754500	-0.0051781316
invade	1	0.0007363250	0.0130443990
inventory	0	0.0000000000	0.0000000000
investigating	1	0.0002516000	0.0046803136
investigation	1	0.0008002750	-0.0100707804
involved	3	0.0010144250	-0.0097783508
involves	0	0.0000000000	0.0000000000
iraq	2	0.0005767750	-0.0001825044
irish	0	0.0000000000	0.0000000000
irrational	0	0.0000000000	0.0000000000
irrevocably	1	0.0003972750	0.0111953307
irritating	0	0.0000000000	0.0000000000
is	34	0.0218377750	-0.0310114372
island	1	0.0001419250	0.0003730226
isn	4	0.0019433000	0.0193856394
isolated	1	0.0001419250	0.0003730226
isolation	1	0.0003903000	0.0048814884
issue	1	0.0002516000	0.0050698684
issues	1	0.0003608000	0.0101674541
it	38	0.0190238250	0.0214480638
italian	1	0.0002924000	-0.0056115645
italians	1	0.0008907250	0.0000030471
its	4	0.0032505500	-0.0076855915
itself	1	0.0006643250	0.0102927868
jack	1	0.0001289000	0.0003387889
jacked	1	0.0001419250	0.0003730226
jacking	1	0.0001419250	0.0003730226
jake	0	0.0000000000	0.0000000000
james	1	0.0002839500	0.0007463081
jameson	1	0.0001419250	0.0003730226
japanese	0	0.0000000000	0.0000000000
jeans	0	0.0000000000	0.0000000000
jeffery	1	0.0002516000	0.0050698684
jeffrey	1	0.0007363250	0.0130443990
jerry	1	0.0001419250	0.0003730226
jess	5	0.0015799000	0.0341384588
jesus	0	0.0000000000	0.0000000000
jetliner	1	0.0001419250	0.0003730226
jettisons	1	0.0002754500	-0.0051781316
jia	0	0.0000000000	0.0000000000
jinxed	1	0.0001419250	0.0003730226
job	5	0.0021683750	0.0153228527
joe	4	0.0008833000	0.0119226295
john	2	0.0005412000	0.0080617381
johnson	1	0.0006817750	0.0141397441
jokes	1	0.0008907250	0.0000030471
jon	1	0.0006945750	-0.0047031987
josh	0	0.0000000000	0.0000000000
journey	0	0.0000000000	0.0000000000
judge	1	0.0007063500	-0.0050897004
judgement	0	0.0000000000	0.0000000000
judges	0	0.0000000000	0.0000000000
judy	1	0.0006945750	-0.0047031987
julie	1	0.0001419250	0.0003730226
jump	2	0.0012835250	0.0157926849
jumped	1	0.0003834500	-0.0052703619
junkie	0	0.0000000000	0.0000000000
just	14	0.0057294000	-0.0149065518
kane	1	0.0008907250	0.0000030471
kathleen	1	0.0001419250	0.0003730226
keep	2	0.0010935000	-0.0013740115
keeper	1	0.0006347250	0.0075923842
keeps	2	0.0004338250	0.0079476487
kennedy	1	0.0002839500	0.0007463081
kenneth	1	0.0003377250	-0.0026396717
kept	2	0.0009736750	0.0099333226
kevin	0	0.0000000000	0.0000000000
key	1	0.0005031750	0.0093601621
kicked	1	0.0025389750	-0.0480785133
kid	2	0.0017147250	-0.0198917872
kids	1	0.0002516000	0.0050698684
kill	1	0.0002516000	0.0050698684
killed	1	0.0002516000	0.0050698684
killer	1	0.0003408250	0.0070685758
killing	0	0.0000000000	0.0000000000
kind	3	0.0016422500	0.0036433645
king	1	0.0008907250	0.0000030471
kirkland	1	0.0009688000	-0.0139066999
kites	0	0.0000000000	0.0000000000
knack	0	0.0000000000	0.0000000000
knew	1	0.0007165000	0.0034798029
knock	1	0.0001419250	0.0003730226
know	8	0.0025927250	-0.0130330683
knowledge	1	0.0003544750	0.0044334246
known	1	0.0001419250	0.0003730226
knows	0	0.0000000000	0.0000000000
kristin	4	0.0017154500	-0.0333456855
kutcher	0	0.0000000000	0.0000000000
labeouf	0	0.0000000000	0.0000000000
laboeuf	0	0.0000000000	0.0000000000
lack	2	0.0008352500	-0.0047509115
lacked	1	0.0007777500	-0.0056041827
lacking	1	0.0001289000	0.0003387889
lacks	1	0.0008002750	-0.0100707804
lady	1	0.0007363250	0.0130443990
lame	0	0.0000000000	0.0000000000
land	2	0.0004292250	0.0049783834
landscapes	0	0.0000000000	0.0000000000
language	1	0.0002501750	-0.0047029917
languages	1	0.0003219500	-0.0061786703
lanky	0	0.0000000000	0.0000000000
lapse	1	0.0013148250	-0.0009365680
lard	0	0.0000000000	0.0000000000
larry	1	0.0007363250	0.0130443990
last	2	0.0009457750	0.0136706504
late	2	0.0008545250	0.0001566657
lately	2	0.0012835250	0.0231347501
later	2	0.0008512750	0.0082466342
latest	1	0.0002516000	0.0046803136
latin	0	0.0000000000	0.0000000000
latter	0	0.0000000000	0.0000000000
laugh	1	0.0003377250	-0.0026396717
laughs	1	0.0006945750	-0.0047031987
laughter	0	0.0000000000	0.0000000000
lauren	3	0.0012896500	-0.0243645608
law	2	0.0020293000	-0.0376405062
lawyer	1	0.0014725500	0.0260870265
lawyers	1	0.0007363250	0.0130443990
lay	1	0.0010419250	0.0009060697
layout	0	0.0000000000	0.0000000000
lead	2	0.0020371500	0.0030415832
leaden	0	0.0000000000	0.0000000000
leading	2	0.0017736250	-0.0000128474
leads	1	0.0003219500	-0.0061786703
leaking	1	0.0001419250	0.0003730226
lean	1	0.0003357500	0.0083780427
learn	1	0.0007486000	-0.0158482376
learning	0	0.0000000000	0.0000000000
least	2	0.0009539500	0.0106372833
leave	2	0.0006921250	0.0105484911
leaves	2	0.0006144750	0.0140288045
lebouf	0	0.0000000000	0.0000000000
led	0	0.0000000000	0.0000000000
lee	1	0.0002839500	0.0007463081
left	3	0.0012391750	0.0034375647
leg	2	0.0005288250	0.0092439861
legs	1	0.0006687500	0.0118472711
lemmon	1	0.0001419250	0.0003730226
lennon	0	0.0000000000	0.0000000000
lesbian	0	0.0000000000	0.0000000000
lesley	2	0.0008972500	0.0164516627
leslie	1	0.0009127000	0.0103090329
less	3	0.0021435750	0.0013444242
lesson	1	0.0002516000	0.0050698684
lest	0	0.0000000000	0.0000000000
let	3	0.0016334250	-0.0213972307
lethargic	1	0.0002839500	0.0007463081
lets	1	0.0003972750	0.0111953307
level	1	0.0009688000	-0.0139066999
liar	0	0.0000000000	0.0000000000
liberties	0	0.0000000000	0.0000000000
lies	0	0.0000000000	0.0000000000
life	8	0.0024841250	0.0139827896
lifestyles	1	0.0003903000	0.0048814884
lifted	1	0.0003377250	-0.0026396717
light	1	0.0003377250	-0.0026396717
lights	1	0.0010419250	0.0009060697
like	19	0.0064606750	0.0116912673
liked	6	0.0049565500	-0.0209437021
likely	1	0.0003834500	-0.0052703619
likewise	0	0.0000000000	0.0000000000
lily	2	0.0006406750	-0.0103984605
limousine	0	0.0000000000	0.0000000000
line	3	0.0013114500	-0.0116606433
lines	2	0.0005991250	-0.0080089390
lip	1	0.0008002750	-0.0100707804
lipstick	0	0.0000000000	0.0000000000
lisa	1	0.0002516000	0.0046803136
listen	1	0.0002516000	0.0046803136
listener	6	0.0029646500	0.0547665180
listing	0	0.0000000000	0.0000000000
listner	1	0.0003903000	0.0048814884
literally	2	0.0013513250	0.0052732282
little	9	0.0029713750	0.0255381156
live	1	0.0005031750	0.0101392331
lived	1	0.0002754500	-0.0051781316
lives	2	0.0005671500	0.0050727355
living	0	0.0000000000	0.0000000000
ll	3	0.0010111000	-0.0023268305
load	1	0.0003219500	-0.0061786703
loaded	1	0.0001419250	0.0003730226
loathing	0	0.0000000000	0.0000000000
locate	1	0.0006347250	0.0075923842
location	0	0.0000000000	0.0000000000
locations	0	0.0000000000	0.0000000000
locked	0	0.0000000000	0.0000000000
logand	4	0.0010369250	0.0182670617
logic	1	0.0005693250	0.0078311832
london	0	0.0000000000	0.0000000000
lonely	1	0.0003049250	0.0076088598
long	2	0.0015431250	-0.0262192288
longer	3	0.0006879250	0.0108047156
look	2	0.0009266500	0.0125251117
looked	1	0.0003408250	0.0070685758
looking	4	0.0021843750	-0.0003022681
looks	2	0.0006187000	0.0108452947
looms	1	0.0002754500	-0.0051781316
loooonnnnng	1	0.0007218500	-0.0149809273
loop	1	0.0003357500	0.0083780427
lose	1	0.0003306750	0.0051084588
loses	1	0.0001419250	0.0003730226
losing	2	0.0008114750	0.0136422079
loss	0	0.0000000000	0.0000000000
lost	3	0.0007157750	-0.0053001511
lot	2	0.0005337750	0.0045478930
lots	1	0.0001419250	0.0003730226
loud	1	0.0003377250	-0.0026396717
lounge	1	0.0008907250	0.0000030471
lovable	1	0.0008907250	0.0000030471
love	7	0.0032128750	0.0058197495
loved	2	0.0008018000	0.0148089578
lover	2	0.0008114750	0.0129346301
loves	1	0.0003972750	0.0111953307
low	2	0.0007475250	0.0034478934
lowest	0	0.0000000000	0.0000000000
luchino	0	0.0000000000	0.0000000000
lumbers	0	0.0000000000	0.0000000000
lurid	0	0.0000000000	0.0000000000
lurking	1	0.0008627750	0.0063526048
lust	0	0.0000000000	0.0000000000
luxuries	1	0.0005031750	0.0101392331
luxury	1	0.0002839500	0.0007463081
lying	1	0.0007218500	-0.0149809273
m	4	0.0019275250	-0.0022327591
machine	1	0.0003306750	0.0051084588
mad	1	0.0007363250	0.0130443990
made	8	0.0025601750	0.0162328538
magazine	1	0.0003219500	-0.0061786703
magic	0	0.0000000000	0.0000000000
main	0	0.0000000000	0.0000000000
mainly	0	0.0000000000	0.0000000000
maintaining	0	0.0000000000	0.0000000000
majority	0	0.0000000000	0.0000000000
make	11	0.0034898250	-0.0229775019
makers	1	0.0001419250	0.0003730226
makes	7	0.0024619750	0.0228147423
making	3	0.0012791750	-0.0026903632
male	2	0.0010751000	-0.0139333706
malevolent	1	0.0007363250	0.0130443990
man	8	0.0028465000	-0.0090670271
managed	1	0.0003219500	-0.0061786703
manhattan	0	0.0000000000	0.0000000000
manifested	0	0.0000000000	0.0000000000
mannequins	0	0.0000000000	0.0000000000
manner	0	0.0000000000	0.0000000000
mannered	1	0.0008627750	0.0063526048
manual	0	0.0000000000	0.0000000000
manuscript	2	0.0005829750	0.0086840273
many	10	0.0040967750	0.0114251582
map	0	0.0000000000	0.0000000000
markham	1	0.0001419250	0.0003730226
marriage	1	0.0016241750	-0.0365085135
martyr	0	0.0000000000	0.0000000000
martyrs	1	0.0002754500	-0.0051781316
marvelous	0	0.0000000000	0.0000000000
mary	1	0.0003067250	-0.0023973745
material	0	0.0000000000	0.0000000000
matter	2	0.0007665500	0.0156287280
maturity	0	0.0000000000	0.0000000000
maupin	4	0.0013084750	0.0299094694
maupins	1	0.0003972750	0.0111953307
maureen	1	0.0007218500	-0.0149809273
may	6	0.0019282250	0.0122436895
maybe	7	0.0032529500	-0.0109278610
me	8	0.0036022250	0.0066871412
meager	0	0.0000000000	0.0000000000
mean	1	0.0006870000	-0.0050195586
meaning	2	0.0007673500	-0.0154717705
means	1	0.0001289000	0.0003387889
medical	1	0.0003903000	0.0048814884
medicine	0	0.0000000000	0.0000000000
mediocre	3	0.0022734000	-0.0152660794
meditative	0	0.0000000000	0.0000000000
meet	3	0.0015654500	-0.0092568337
meeting	1	0.0005693250	0.0078311832
meets	1	0.0002516000	0.0050698684
meh	0	0.0000000000	0.0000000000
mel	3	0.0019447000	0.0172424947
melodrama	1	0.0003377250	-0.0026396717
members	1	0.0008907250	0.0000030471
memorable	1	0.0005693250	0.0078311832
men	1	0.0006747000	-0.0084905258
mental	2	0.0006078500	0.0084224240
mention	0	0.0000000000	0.0000000000
mere	0	0.0000000000	0.0000000000
merely	1	0.0007063500	-0.0050897004
mess	2	0.0020440500	-0.0392710346
message	1	0.0002754500	-0.0051781316
messed	0	0.0000000000	0.0000000000
met	1	0.0005693250	0.0078311832
metal	0	0.0000000000	0.0000000000
metaphorically	0	0.0000000000	0.0000000000
method	1	0.0002754500	-0.0051781316
michael	1	0.0001419250	0.0003730226
mid	2	0.0005108250	-0.0045798080
middle	2	0.0004044000	-0.0019111400
might	4	0.0015540000	0.0063109623
mild	1	0.0007836000	0.0057696400
miles	1	0.0001419250	0.0003730226
millionaire	1	0.0007363250	0.0130443990
min	1	0.0003357500	0.0083780427
mind	3	0.0010631000	0.0055592842
mindless	1	0.0006102000	-0.0049359133
mine	0	0.0000000000	0.0000000000
minor	1	0.0004997500	0.0139581420
minutes	6	0.0031943000	-0.0086079968
miracle	0	0.0000000000	0.0000000000
miranda	0	0.0000000000	0.0000000000
miscalculated	1	0.0007777500	-0.0056041827
miserably	0	0.0000000000	0.0000000000
miss	2	0.0009822750	-0.0087523855
missed	1	0.0001419250	0.0003730226
mistake	1	0.0001419250	0.0003730226
mixed	1	0.0006347250	0.0075923842
mob	1	0.0009688000	-0.0139066999
model	1	0.0001419250	0.0003730226
modern	1	0.0003903000	0.0048814884
molly	1	0.0005031750	0.0101392331
mom	1	0.0004997500	0.0139581420
moment	1	0.0006192000	0.0054998980
moments	3	0.0013056500	0.0101359714
money	1	0.0004570000	0.0092087833
monitor	1	0.0002516000	0.0050698684
monopoly	1	0.0002516000	0.0050698684
monotonous	1	0.0003219500	-0.0061786703
monster	1	0.0012694250	-0.0240380732
montage	0	0.0000000000	0.0000000000
monte	1	0.0001419250	0.0003730226
month	1	0.0002516000	0.0050698684
mood	1	0.0003357500	0.0083780427
mop	0	0.0000000000	0.0000000000
more	17	0.0044628250	0.0238359001
moritz	1	0.0003219500	-0.0061786703
moronic	0	0.0000000000	0.0000000000
morris	1	0.0002516000	0.0050698684
morton	3	0.0010320750	0.0163139424
mortuary	0	0.0000000000	0.0000000000
mosquito	0	0.0000000000	0.0000000000
most	9	0.0036389750	-0.0119139044
mostly	2	0.0014097500	-0.0181605070
mother	4	0.0020676500	-0.0146599657
motivational	0	0.0000000000	0.0000000000
motives	1	0.0002516000	0.0046803136
mount	1	0.0001419250	0.0003730226
mouthed	1	0.0008367250	-0.0066973172
mouths	0	0.0000000000	0.0000000000
move	2	0.0005470500	0.0137127157
moved	1	0.0002873500	0.0059595255
moves	1	0.0002830750	0.0070636320
movie	27	0.0160660750	-0.0515864511
movies	8	0.0037241500	0.0044237242
moving	0	0.0000000000	0.0000000000
mr	2	0.0005618500	0.0113703096
ms	1	0.0006613250	0.0102165315
much	14	0.0063766250	0.0145359374
multiple	0	0.0000000000	0.0000000000
murals	0	0.0000000000	0.0000000000
murder	4	0.0026573250	-0.0452299687
museum	1	0.0001419250	0.0003730226
music	1	0.0002069500	-0.0038904133
musical	0	0.0000000000	0.0000000000
musician	0	0.0000000000	0.0000000000
musing	0	0.0000000000	0.0000000000
mussolini	0	0.0000000000	0.0000000000
must	5	0.0033023750	-0.0219367332
mustachioed	0	0.0000000000	0.0000000000
mute	0	0.0000000000	0.0000000000
muted	1	0.0002754500	-0.0051781316
mutilating	0	0.0000000000	0.0000000000
mutual	1	0.0002516000	0.0050698684
my	13	0.0052642500	-0.0122249728
myself	0	0.0000000000	0.0000000000
mysterious	1	0.0003903000	0.0048814884
mystery	4	0.0016483750	0.0188105902
n	1	0.0005542000	-0.0044829288
naked	1	0.0007564250	-0.0055268116
name	1	0.0002516000	0.0050698684
named	3	0.0014897500	0.0319218043
namely	1	0.0003357500	0.0083780427
names	1	0.0006347250	-0.0131733591
nap	1	0.0007564250	-0.0055268116
narration	1	0.0003357500	0.0083780427
narrative	1	0.0009688000	-0.0139066999
naturally	2	0.0007619250	0.0161100653
nature	3	0.0011036000	0.0047202750
navigator	1	0.0001419250	0.0003730226
navy	1	0.0001419250	0.0003730226
nc	1	0.0007564250	-0.0055268116
near	3	0.0009695250	-0.0003992452
neatly	0	0.0000000000	0.0000000000
necessarily	1	0.0001419250	0.0003730226
necessary	1	0.0002285000	0.0046043916
necking	1	0.0006102000	-0.0049359133
need	1	0.0002322250	-0.0043655531
needed	2	0.0019447250	0.0059098736
needle	0	0.0000000000	0.0000000000
needs	2	0.0009038750	0.0092212719
negligible	0	0.0000000000	0.0000000000
neither	1	0.0007462750	0.0109007462
nell	1	0.0003377250	-0.0026396717
netherworld	1	0.0006102000	-0.0049359133
neurotic	1	0.0003377250	-0.0026396717
never	8	0.0032860750	0.0110711035
nevertheless	1	0.0010935000	-0.0163728000
new	7	0.0020954000	0.0209803789
news	1	0.0006347250	0.0075923842
next	2	0.0008052750	0.0044218873
nice	4	0.0027286500	0.0024936757
nickname	1	0.0002516000	0.0050698684
nicotine	1	0.0002754500	-0.0051781316
night	8	0.0032003750	0.0540559319
nightmare	1	0.0003903000	0.0048814884
nightmarish	1	0.0002516000	0.0046803136
nine	1	0.0004997500	0.0139581420
nineties	0	0.0000000000	0.0000000000
ninety	0	0.0000000000	0.0000000000
no	16	0.0055934500	-0.0074641259
nod	0	0.0000000000	0.0000000000
nominated	2	0.0010159000	0.0013302443
non	1	0.0002501750	-0.0047029917
none	1	0.0006687500	0.0118472711
nonetheless	1	0.0008367250	-0.0066973172
noon	1	0.0019513000	0.0244049407
nor	1	0.0006347250	0.0075923842
norm	1	0.0002516000	0.0046803136
nostalgia	1	0.0006102000	-0.0049359133
not	26	0.0090569750	-0.0069802339
notch	1	0.0003357500	0.0083780427
note	0	0.0000000000	0.0000000000
notes	1	0.0004997500	0.0139581420
noteworthy	1	0.0007564250	-0.0055268116
nothing	8	0.0036876000	-0.0276120181
notice	1	0.0010419250	0.0009060697
noticed	2	0.0007001250	0.0160750881
notwithstanding	1	0.0010619000	-0.0166041122
nourishment	0	0.0000000000	0.0000000000
novice	1	0.0002516000	0.0046803136
now	4	0.0011786250	0.0269313298
nowhere	1	0.0007599250	-0.0060825943
nt	0	0.0000000000	0.0000000000
nudity	0	0.0000000000	0.0000000000
number	2	0.0008928250	0.0145433896
numbers	0	0.0000000000	0.0000000000
nurse	1	0.0002516000	0.0046803136
o	0	0.0000000000	0.0000000000
observant	1	0.0002516000	0.0050698684
obsession	1	0.0008627750	0.0063526048
obstacle	0	0.0000000000	0.0000000000
obvious	1	0.0003306750	0.0051084588
obviously	1	0.0005542000	-0.0044829288
occasionally	1	0.0003903000	0.0048814884
occurs	0	0.0000000000	0.0000000000
ocean	1	0.0001419250	0.0003730226
odd	2	0.0008066750	0.0102389642
odds	0	0.0000000000	0.0000000000
of	39	0.0258082000	-0.0523237147
off	10	0.0039195500	-0.0289400329
offer	0	0.0000000000	0.0000000000
offers	1	0.0003306750	0.0051084588
official	1	0.0003306750	0.0051084588
officially	1	0.0003408250	0.0070685758
often	1	0.0007363250	0.0130443990
oh	8	0.0025889500	0.0399359862
oil	1	0.0002839500	0.0007463081
old	8	0.0028948000	-0.0072501442
on	21	0.0067403750	0.0115080776
once	4	0.0022331500	-0.0069195887
one	23	0.0094157500	-0.0011760525
online	1	0.0003408250	0.0070685758
only	15	0.0049071750	-0.0553398440
ono	0	0.0000000000	0.0000000000
onto	1	0.0010419250	0.0009060697
onward	0	0.0000000000	0.0000000000
open	0	0.0000000000	0.0000000000
opened	1	0.0002839500	0.0007463081
opening	3	0.0019224750	-0.0114692106
openings	1	0.0003357500	0.0083780427
opens	1	0.0005542000	-0.0044829288
opinion	1	0.0003608000	0.0101674541
opportunity	1	0.0001419250	0.0003730226
or	18	0.0065927250	-0.0005917648
orchestra	1	0.0009688000	-0.0139066999
ordained	0	0.0000000000	0.0000000000
ordeals	0	0.0000000000	0.0000000000
order	1	0.0014751000	-0.0331575774
ordinarily	1	0.0003219500	-0.0061786703
ordinary	0	0.0000000000	0.0000000000
organizations	1	0.0003306750	0.0051084588
oriental	0	0.0000000000	0.0000000000
orientated	1	0.0001419250	0.0003730226
original	2	0.0007039500	0.0089352208
originality	1	0.0010619000	-0.0166041122
origins	1	0.0008242250	-0.0174492568
oscar	3	0.0012216500	-0.0056467065
other	10	0.0030264250	0.0035131864
others	1	0.0002285000	0.0046043916
otherwise	3	0.0010525250	-0.0119291701
ouimet	0	0.0000000000	0.0000000000
ounce	1	0.0003219500	-0.0061786703
our	1	0.0003148750	0.0088732736
ourselves	2	0.0013252500	-0.0049129075
out	21	0.0095465250	-0.0855646888
outclass	0	0.0000000000	0.0000000000
outcome	1	0.0007462750	0.0109007462
outdated	1	0.0003834500	-0.0052703619
outdoors	0	0.0000000000	0.0000000000
outsider	1	0.0008242250	-0.0174492568
outstanding	1	0.0008242250	-0.0174492568
outstretching	0	0.0000000000	0.0000000000
over	7	0.0024927750	-0.0008499658
overall	1	0.0007695000	0.0086915754
overcome	0	0.0000000000	0.0000000000
overconfident	0	0.0000000000	0.0000000000
overexciting	1	0.0010935000	-0.0163728000
overkill	1	0.0003306750	0.0051084588
overpowering	0	0.0000000000	0.0000000000
own	3	0.0009184000	0.0108017592
pace	1	0.0001419250	0.0003730226
paced	1	0.0010419250	0.0009060697
pacing	2	0.0019786750	-0.0077920289
paid	1	0.0006945750	-0.0047031987
pain	0	0.0000000000	0.0000000000
painful	2	0.0010038750	-0.0183929027
painfully	2	0.0013713000	-0.0215857753
paintings	1	0.0001419250	0.0003730226
paired	0	0.0000000000	0.0000000000
pals	1	0.0002516000	0.0050698684
pant	1	0.0003219500	-0.0061786703
paper	1	0.0003377250	-0.0026396717
parade	1	0.0002754500	-0.0051781316
paranoia	1	0.0002516000	0.0046803136
parent	0	0.0000000000	0.0000000000
parents	3	0.0009594000	0.0021813050
park	0	0.0000000000	0.0000000000
parody	1	0.0003377250	-0.0026396717
parrot	1	0.0008367250	-0.0066973172
part	3	0.0012861500	0.0063252126
participate	0	0.0000000000	0.0000000000
particularity	0	0.0000000000	0.0000000000
particularly	1	0.0003357500	0.0083780427
partisans	0	0.0000000000	0.0000000000
partner	1	0.0003357500	0.0083780427
parts	2	0.0017655250	0.0074285515
party	1	0.0006102000	-0.0049359133
passengers	1	0.0001419250	0.0003730226
passivity	0	0.0000000000	0.0000000000
past	2	0.0005054250	0.0045207033
pataki	1	0.0001419250	0.0003730226
patches	0	0.0000000000	0.0000000000
pathetic	1	0.0007889000	0.0038314257
pathos	1	0.0002754500	-0.0051781316
patrick	4	0.0013045500	0.0273203623
patroni	1	0.0002839500	0.0007463081
patterns	0	0.0000000000	0.0000000000
paul	2	0.0014453250	-0.0274435715
paxton	0	0.0000000000	0.0000000000
pay	1	0.0008367250	-0.0066973172
pays	1	0.0002516000	0.0046803136
peasant	0	0.0000000000	0.0000000000
peasants	0	0.0000000000	0.0000000000
pencil	1	0.0003377250	-0.0026396717
penned	1	0.0002516000	0.0046803136
people	7	0.0040150000	-0.0235878240
pepto	2	0.0008972500	0.0164516627
per	1	0.0006347250	0.0075923842
perennial	0	0.0000000000	0.0000000000
perfect	2	0.0008954750	0.0138615816
performance	6	0.0031970250	0.0155070610
performances	5	0.0014968750	0.0039951314
performing	1	0.0006347250	0.0075923842
perhaps	2	0.0005794750	0.0094713312
period	2	0.0003826000	0.0058979047
perky	0	0.0000000000	0.0000000000
permanent	1	0.0005693250	0.0078311832
perpetual	1	0.0002754500	-0.0051781316
person	3	0.0017781250	0.0266685989
personal	1	0.0003049250	0.0076088598
personality	1	0.0005031750	0.0093601621
personally	1	0.0003357500	0.0083780427
personnel	1	0.0003972750	0.0111953307
perspective	1	0.0006347250	0.0075923842
perspectives	0	0.0000000000	0.0000000000
pete	3	0.0019763250	0.0412774913
peter	1	0.0003903000	0.0048814884
pettiness	1	0.0007889000	0.0038314257
phenomenon	1	0.0003903000	0.0048814884
philip	1	0.0001419250	0.0003730226
phone	1	0.0007314750	0.0113331821
phones	0	0.0000000000	0.0000000000
phony	0	0.0000000000	0.0000000000
photo	2	0.0006703500	0.0165873988
photographed	0	0.0000000000	0.0000000000
photographic	1	0.0007218500	-0.0149809273
photography	1	0.0013148250	-0.0009365680
physical	2	0.0005288250	0.0088901972
physicality	0	0.0000000000	0.0000000000
physically	1	0.0003408250	0.0070685758
pick	2	0.0008145750	-0.0143974339
picking	0	0.0000000000	0.0000000000
picnics	0	0.0000000000	0.0000000000
picture	1	0.0006949250	-0.0147119109
pictures	2	0.0005033250	-0.0001593118
piece	3	0.0009509000	0.0043745228
pieces	1	0.0001419250	0.0003730226
pig	1	0.0009688000	-0.0139066999
pilot	1	0.0001419250	0.0003730226
pipes	0	0.0000000000	0.0000000000
pistol	0	0.0000000000	0.0000000000
pithy	0	0.0000000000	0.0000000000
pity	1	0.0007165000	0.0034798029
pizza	0	0.0000000000	0.0000000000
place	2	0.0012372750	-0.0086268665
plain	2	0.0013032750	-0.0211103690
plan	2	0.0003574000	0.0049431806
plane	1	0.0009936500	0.0026116183
planned	1	0.0001419250	0.0003730226
planning	1	0.0003306750	0.0051084588
planted	1	0.0002516000	0.0046803136
platforms	0	0.0000000000	0.0000000000
platitudes	1	0.0002754500	-0.0051781316
play	3	0.0009605000	-0.0007748900
played	5	0.0021532500	-0.0071314670
players	1	0.0003608000	0.0101674541
playing	0	0.0000000000	0.0000000000
plays	4	0.0013759750	0.0037142530
please	1	0.0003972750	0.0111953307
pleased	0	0.0000000000	0.0000000000
pleasures	0	0.0000000000	0.0000000000
plenty	1	0.0001419250	0.0003730226
plot	11	0.0059380000	-0.0444155486
plots	0	0.0000000000	0.0000000000
plus	1	0.0007462750	0.0109007462
pochath	0	0.0000000000	0.0000000000
poem	1	0.0006754750	-0.0052795388
poignant	0	0.0000000000	0.0000000000
point	3	0.0010913500	-0.0187480708
pointless	0	0.0000000000	0.0000000000
points	1	0.0006643250	0.0102927868
policy	0	0.0000000000	0.0000000000
polite	1	0.0003377250	-0.0026396717
pomp	1	0.0007889000	0.0038314257
ponderous	1	0.0002754500	-0.0051781316
pool	0	0.0000000000	0.0000000000
poor	3	0.0012058750	-0.0142512933
pop	1	0.0003903000	0.0048814884
popsicle	1	0.0003219500	-0.0061786703
popular	3	0.0007318000	0.0114938554
portray	0	0.0000000000	0.0000000000
portrayal	2	0.0013006750	0.0128821136
portrayed	2	0.0015037000	0.0055693351
pose	0	0.0000000000	0.0000000000
poseidon	1	0.0001419250	0.0003730226
positioning	0	0.0000000000	0.0000000000
positive	1	0.0014751000	-0.0331575774
possibly	2	0.0005288250	0.0088901972
poster	0	0.0000000000	0.0000000000
pot	1	0.0002516000	0.0046803136
potentially	1	0.0006945750	-0.0047031987
power	1	0.0010935000	-0.0163728000
powerful	1	0.0008002750	-0.0100707804
practically	0	0.0000000000	0.0000000000
pre	1	0.0005542000	-0.0044829288
predecessors	1	0.0001419250	0.0003730226
predictable	5	0.0025208750	0.0017548500
preferring	1	0.0001419250	0.0003730226
prejudices	0	0.0000000000	0.0000000000
premise	3	0.0015916000	0.0158725861
preparation	1	0.0001419250	0.0003730226
prepared	2	0.0005704250	0.0130231575
presence	1	0.0003608000	0.0101674541
pressed	0	0.0000000000	0.0000000000
pressure	0	0.0000000000	0.0000000000
pressures	1	0.0006102000	-0.0049359133
pressuring	1	0.0002516000	0.0050698684
presume	0	0.0000000000	0.0000000000
pretend	1	0.0002754500	-0.0051781316
pretense	0	0.0000000000	0.0000000000
pretensions	1	0.0010619000	-0.0166041122
pretentious	2	0.0012146250	-0.0197833533
pretty	4	0.0016588250	-0.0083001558
prevents	0	0.0000000000	0.0000000000
preview	1	0.0007836000	0.0057696400
previews	1	0.0004997500	0.0139581420
previous	1	0.0006817750	0.0060557057
price	1	0.0009127000	0.0103090329
pride	1	0.0001289000	0.0003387889
princess	1	0.0007777500	-0.0056041827
prior	1	0.0002285000	0.0046043916
prisons	1	0.0003834500	-0.0052703619
private	1	0.0007669250	-0.0105410673
probably	8	0.0039795250	0.0231511576
problem	0	0.0000000000	0.0000000000
problems	2	0.0007481000	0.0058386870
proceedings	0	0.0000000000	0.0000000000
process	1	0.0003219500	-0.0061786703
producers	1	0.0006347250	-0.0131733591
produces	1	0.0016241750	-0.0365085135
production	2	0.0009668000	0.0059850568
profession	1	0.0007165000	0.0034798029
professionalism	0	0.0000000000	0.0000000000
profound	0	0.0000000000	0.0000000000
programs	1	0.0007889000	0.0038314257
project	1	0.0002516000	0.0050698684
projects	0	0.0000000000	0.0000000000
promising	0	0.0000000000	0.0000000000
promoting	1	0.0002754500	-0.0051781316
prompts	1	0.0005693250	0.0078311832
pronounced	1	0.0002754500	-0.0051781316
propel	0	0.0000000000	0.0000000000
properly	2	0.0004213000	-0.0052727756
prose	1	0.0002754500	-0.0051781316
prove	1	0.0003903000	0.0048814884
proven	0	0.0000000000	0.0000000000
provoking	0	0.0000000000	0.0000000000
prozac	1	0.0002754500	-0.0051781316
psychiatrists	1	0.0003903000	0.0048814884
psycho	1	0.0003306750	0.0051084588
psychological	2	0.0006987000	-0.0041593431
psychologists	1	0.0003903000	0.0048814884
public	1	0.0001419250	0.0003730226
pull	1	0.0008907250	0.0000030471
punched	1	0.0004997500	0.0139581420
punctuate	0	0.0000000000	0.0000000000
pure	2	0.0011144000	-0.0016491698
pursue	0	0.0000000000	0.0000000000
put	2	0.0013706750	0.0052030864
puts	0	0.0000000000	0.0000000000
putting	1	0.0009688000	-0.0139066999
pyschosis	1	0.0003903000	0.0048814884
q	1	0.0003834500	-0.0052703619
qualities	0	0.0000000000	0.0000000000
quality	1	0.0003972750	0.0111953307
quentin	1	0.0008367250	-0.0066973172
quest	1	0.0002754500	-0.0051781316
question	1	0.0003306750	0.0051084588
questions	1	0.0003003250	0.0046395945
quibble	1	0.0004997500	0.0139581420
quick	2	0.0006578250	0.0016330487
quickly	0	0.0000000000	0.0000000000
quietly	1	0.0003377250	-0.0026396717
quinlan	1	0.0001419250	0.0003730226
quirky	1	0.0005764500	0.0068953167
quit	0	0.0000000000	0.0000000000
quite	2	0.0008069750	0.0078173628
quitting	0	0.0000000000	0.0000000000
quotations	1	0.0003377250	-0.0026396717
r	2	0.0009232250	-0.0098830907
rabid	0	0.0000000000	0.0000000000
race	1	0.0012204000	-0.0098718266
racing	1	0.0006102000	-0.0049359133
racism	1	0.0002516000	0.0050698684
rack	1	0.0003219500	-0.0061786703
radio	4	0.0012261000	0.0204254125
rage	0	0.0000000000	0.0000000000
rain	0	0.0000000000	0.0000000000
raises	1	0.0005693250	0.0078311832
ran	1	0.0007889000	0.0038314257
ranchers	0	0.0000000000	0.0000000000
randall	0	0.0000000000	0.0000000000
rang	1	0.0003834500	-0.0052703619
range	0	0.0000000000	0.0000000000
rap	1	0.0008242250	-0.0174492568
rapper	0	0.0000000000	0.0000000000
rappers	0	0.0000000000	0.0000000000
rare	0	0.0000000000	0.0000000000
rarely	1	0.0003377250	-0.0026396717
rate	0	0.0000000000	0.0000000000
rated	1	0.0009127000	0.0103090329
rates	1	0.0006347250	0.0075923842
rather	3	0.0007746750	0.0179988418
rating	1	0.0006945750	-0.0047031987
rattle	1	0.0002516000	0.0046803136
razzie	1	0.0001419250	0.0003730226
re	3	0.0005885500	0.0034312935
reach	1	0.0003306750	0.0051084588
reached	1	0.0013635250	0.0121111894
reaches	1	0.0003903000	0.0048814884
reaching	1	0.0002516000	0.0050698684
read	6	0.0020374250	0.0319352011
readily	0	0.0000000000	0.0000000000
reading	2	0.0006078500	0.0084224240
reads	1	0.0002516000	0.0046803136
real	5	0.0010717000	0.0094364602
realistic	2	0.0031747250	-0.0137961285
reality	3	0.0014520500	0.0122818088
realize	0	0.0000000000	0.0000000000
realized	0	0.0000000000	0.0000000000
really	5	0.0022973500	-0.0271483848
realm	1	0.0003903000	0.0048814884
reason	3	0.0013151500	-0.0221616471
reasons	1	0.0001419250	0.0003730226
recalled	1	0.0007889000	0.0038314257
recede	0	0.0000000000	0.0000000000
recent	1	0.0006347250	0.0075923842
recently	1	0.0002501750	-0.0047029917
recipe	0	0.0000000000	0.0000000000
reckon	1	0.0002839500	0.0007463081
recognizable	0	0.0000000000	0.0000000000
recognized	1	0.0003834500	-0.0052703619
recognizes	0	0.0000000000	0.0000000000
recommend	3	0.0011722750	0.0065330336
recommended	1	0.0005170750	0.0071124736
recounting	0	0.0000000000	0.0000000000
recreational	0	0.0000000000	0.0000000000
red	1	0.0006556000	-0.0136060067
redecorated	0	0.0000000000	0.0000000000
redeem	1	0.0003219500	-0.0061786703
reek	0	0.0000000000	0.0000000000
reference	1	0.0003377250	-0.0026396717
reflect	0	0.0000000000	0.0000000000
reflection	1	0.0016483750	-0.0307628482
refreshing	1	0.0004538750	0.0126768419
refusal	0	0.0000000000	0.0000000000
refusing	0	0.0000000000	0.0000000000
regarding	0	0.0000000000	0.0000000000
regional	0	0.0000000000	0.0000000000
regrettably	1	0.0008242250	-0.0174492568
rehab	0	0.0000000000	0.0000000000
rejection	0	0.0000000000	0.0000000000
relate	2	0.0014479250	0.0160624268
related	1	0.0010935000	-0.0163728000
relationship	1	0.0003306750	0.0051084588
relationships	1	0.0006308250	-0.0042715262
release	2	0.0007634250	0.0190967865
released	0	0.0000000000	0.0000000000
relevance	1	0.0002754500	-0.0051781316
relief	1	0.0002754500	-0.0051781316
reluctant	0	0.0000000000	0.0000000000
remake	0	0.0000000000	0.0000000000
remedy	1	0.0003903000	0.0048814884
remember	0	0.0000000000	0.0000000000
remind	2	0.0009666750	-0.0012231888
reminded	1	0.0003972750	0.0111953307
reminding	1	0.0003377250	-0.0026396717
reminiscent	0	0.0000000000	0.0000000000
rent	4	0.0033988750	-0.0370720392
repeated	0	0.0000000000	0.0000000000
repeatedly	1	0.0007889000	0.0038314257
repeats	0	0.0000000000	0.0000000000
repetitive	1	0.0002516000	0.0046803136
rephrase	1	0.0008367250	-0.0066973172
replace	0	0.0000000000	0.0000000000
replacement	0	0.0000000000	0.0000000000
replaces	0	0.0000000000	0.0000000000
replies	0	0.0000000000	0.0000000000
report	1	0.0006347250	0.0075923842
reports	1	0.0003408250	0.0070685758
request	1	0.0003972750	0.0111953307
requisite	0	0.0000000000	0.0000000000
rescue	1	0.0001289000	0.0003387889
rescued	1	0.0002516000	0.0046803136
resistance	0	0.0000000000	0.0000000000
resolution	1	0.0002754500	-0.0051781316
respect	0	0.0000000000	0.0000000000
rest	3	0.0026927750	-0.0224183193
restaurant	2	0.0010112750	0.0025191594
restraint	1	0.0003972750	0.0111953307
result	1	0.0003095500	0.0064199447
results	2	0.0017818250	-0.0355549519
resurfaced	1	0.0003408250	0.0070685758
retrospect	0	0.0000000000	0.0000000000
returns	1	0.0003306750	0.0051084588
reveals	1	0.0002516000	0.0046803136
revelation	1	0.0003003250	0.0046395945
review	1	0.0003972750	0.0111953307
reviewed	1	0.0003408250	0.0070685758
reviews	2	0.0008266250	0.0135324183
reviled	1	0.0008907250	0.0000030471
reworked	1	0.0003377250	-0.0026396717
rich	2	0.0007560000	0.0131372544
ricochet	0	0.0000000000	0.0000000000
rides	0	0.0000000000	0.0000000000
ridiculously	0	0.0000000000	0.0000000000
rig	1	0.0002839500	0.0007463081
right	6	0.0021260250	0.0362833330
rigid	0	0.0000000000	0.0000000000
ring	1	0.0007314750	0.0113331821
ripoff	1	0.0007218500	-0.0149809273
ripped	1	0.0006347250	-0.0131733591
ripping	1	0.0010619000	-0.0166041122
rise	1	0.0007486000	-0.0158482376
rises	0	0.0000000000	0.0000000000
ritan	0	0.0000000000	0.0000000000
rival	2	0.0007827000	0.0001214628
road	0	0.0000000000	0.0000000000
robert	1	0.0001419250	0.0003730226
robin	11	0.0053377500	0.0651657390
rock	1	0.0006102000	-0.0049359133
rod	2	0.0026500000	-0.0497712144
rodding	1	0.0008367250	-0.0066973172
role	2	0.0012895500	0.0294293621
roles	3	0.0013048000	0.0188953253
roll	1	0.0006102000	-0.0049359133
rolling	1	0.0003219500	-0.0061786703
romance	0	0.0000000000	0.0000000000
romantic	1	0.0006164250	-0.0044417336
rome	0	0.0000000000	0.0000000000
room	2	0.0009417250	0.0040666218
root	0	0.0000000000	0.0000000000
roots	0	0.0000000000	0.0000000000
rory	6	0.0020368000	0.0312214152
rosanna	1	0.0006945750	-0.0047031987
rosario	1	0.0007564250	-0.0055268116
run	3	0.0006148500	0.0113241008
running	1	0.0001419250	0.0003730226
runs	2	0.0003574000	0.0045893917
rural	0	0.0000000000	0.0000000000
rush	1	0.0010419250	0.0009060697
rushed	1	0.0008627750	0.0063526048
s	27	0.0147156750	-0.0028743925
sack	1	0.0007889000	0.0038314257
sacrificed	0	0.0000000000	0.0000000000
sad	1	0.0008002750	-0.0100707804
saddles	2	0.0008972500	0.0164516627
sadler	0	0.0000000000	0.0000000000
sadlers	0	0.0000000000	0.0000000000
said	5	0.0017161000	0.0059364576
sailor	2	0.0010574250	0.0139671780
sally	1	0.0009688000	-0.0139066999
same	2	0.0007731000	0.0008177905
sanders	1	0.0007363250	0.0130443990
sandra	6	0.0021543000	0.0352192701
sandwich	1	0.0003306750	0.0051084588
sat	1	0.0006347250	-0.0131733591
satire	1	0.0007889000	0.0038314257
saturday	1	0.0006347250	0.0075923842
save	1	0.0006347250	-0.0131733591
saving	1	0.0011529250	-0.0218320070
saw	4	0.0022468500	-0.0161400033
say	6	0.0023708500	0.0124461506
saying	1	0.0003306750	0.0051084588
says	3	0.0012682000	-0.0012391954
scarf	0	0.0000000000	0.0000000000
scary	2	0.0009738750	0.0167127315
scenario	1	0.0002516000	0.0046803136
scene	9	0.0062005500	-0.0216924780
scenes	9	0.0058149000	-0.0052800031
school	3	0.0018297000	0.0166944143
schools	1	0.0007889000	0.0038314257
schrader	2	0.0006406750	-0.0103984605
science	1	0.0012694250	-0.0240380732
scoff	0	0.0000000000	0.0000000000
scooby	1	0.0006102000	-0.0049359133
scoreboard	0	0.0000000000	0.0000000000
scott	3	0.0015014750	-0.0310271532
scraggy	1	0.0003357500	0.0083780427
scramble	1	0.0007889000	0.0038314257
scrappy	0	0.0000000000	0.0000000000
scratching	1	0.0003377250	-0.0026396717
screen	3	0.0015050750	0.0005521630
screening	1	0.0007218500	-0.0149809273
screenplay	4	0.0015923500	-0.0038881726
screens	0	0.0000000000	0.0000000000
script	2	0.0011518250	-0.0015513133
se	1	0.0006347250	0.0075923842
sea	1	0.0001289000	0.0003387889
searching	0	0.0000000000	0.0000000000
seasons	1	0.0006817750	0.0060557057
seat	1	0.0006192000	0.0054998980
second	5	0.0023715500	-0.0057063702
secret	1	0.0003306750	0.0051084588
secrets	2	0.0009827000	0.0175090351
secure	0	0.0000000000	0.0000000000
see	12	0.0045980250	0.0179778646
seed	1	0.0002516000	0.0046803136
seeing	1	0.0005693250	0.0078311832
seeks	1	0.0003903000	0.0048814884
seem	6	0.0024805500	0.0038952478
seemed	6	0.0030989000	-0.0206727716
seems	2	0.0005825500	0.0067811154
seen	7	0.0034034000	-0.0204860515
sees	0	0.0000000000	0.0000000000
self	2	0.0004860000	-0.0061964079
selling	1	0.0007363250	0.0130443990
semi	1	0.0013148250	-0.0009365680
sending	1	0.0001419250	0.0003730226
sense	2	0.0010914750	-0.0122666941
senseless	0	0.0000000000	0.0000000000
sensitivity	0	0.0000000000	0.0000000000
senso	0	0.0000000000	0.0000000000
sensuousness	0	0.0000000000	0.0000000000
sent	1	0.0003306750	0.0051084588
separate	0	0.0000000000	0.0000000000
september	0	0.0000000000	0.0000000000
sequel	1	0.0001419250	0.0003730226
sequels	1	0.0001419250	0.0003730226
sequence	1	0.0001419250	0.0003730226
sequences	0	0.0000000000	0.0000000000
serial	1	0.0003408250	0.0070685758
series	1	0.0003219500	-0.0061786703
serious	3	0.0009487500	0.0113284180
seriously	1	0.0007268250	-0.0091464746
set	3	0.0005874000	0.0001446696
sets	1	0.0002516000	0.0050698684
setting	0	0.0000000000	0.0000000000
several	3	0.0016587250	-0.0016919651
sew	1	0.0003357500	0.0083780427
sex	0	0.0000000000	0.0000000000
sexual	2	0.0006594000	0.0120422844
sexuality	1	0.0010419250	0.0009060697
sexually	1	0.0002516000	0.0046803136
sexy	1	0.0006945750	-0.0047031987
shadowy	1	0.0002754500	-0.0051781316
shakespeare	1	0.0009688000	-0.0139066999
shaking	0	0.0000000000	0.0000000000
shallow	0	0.0000000000	0.0000000000
shame	1	0.0002839500	0.0007463081
shared	1	0.0007777500	-0.0056041827
she	7	0.0034360750	0.0062517755
sheen	2	0.0021059250	-0.0374291036
shelter	1	0.0003903000	0.0048814884
shia	0	0.0000000000	0.0000000000
shining	1	0.0005693250	0.0078311832
ships	1	0.0001419250	0.0003730226
shirts	0	0.0000000000	0.0000000000
shocking	2	0.0017199500	-0.0240163758
shoot	0	0.0000000000	0.0000000000
shooting	1	0.0003408250	0.0070685758
shop	1	0.0003377250	-0.0026396717
shopworn	1	0.0003377250	-0.0026396717
short	4	0.0015530250	0.0074882916
shorter	1	0.0004997500	0.0139581420
shot	1	0.0006945750	-0.0047031987
shots	2	0.0007282500	-0.0123161143
should	6	0.0026163250	-0.0053542310
shouldn	1	0.0001419250	0.0003730226
show	4	0.0012839250	0.0211151286
showing	0	0.0000000000	0.0000000000
shown	0	0.0000000000	0.0000000000
shows	2	0.0010661000	-0.0089589482
shrugs	1	0.0007363250	0.0130443990
shuffling	1	0.0002754500	-0.0051781316
shut	1	0.0007486000	-0.0158482376
sick	1	0.0006347250	0.0075923842
side	1	0.0002285000	0.0046043916
sidewalk	1	0.0002516000	0.0050698684
sign	0	0.0000000000	0.0000000000
signalling	0	0.0000000000	0.0000000000
signs	0	0.0000000000	0.0000000000
silence	1	0.0005693250	0.0078311832
silly	1	0.0001419250	0.0003730226
simply	1	0.0002754500	-0.0051781316
sin	1	0.0006102000	-0.0049359133
since	4	0.0011474250	-0.0008963678
singers	2	0.0016888750	-0.0126278119
single	0	0.0000000000	0.0000000000
sinking	2	0.0007053500	-0.0116251055
sinks	1	0.0002839500	0.0007463081
sir	1	0.0001419250	0.0003730226
sired	1	0.0016483750	-0.0307628482
sissy	1	0.0002516000	0.0050698684
sister	0	0.0000000000	0.0000000000
sit	2	0.0008159000	-0.0046807697
sitcom	1	0.0010935000	-0.0163728000
site	1	0.0006208000	0.0109978106
sitting	1	0.0007218500	-0.0149809273
situation	1	0.0007889000	0.0038314257
skills	1	0.0007777500	-0.0056041827
skitzoid	0	0.0000000000	0.0000000000
sky	0	0.0000000000	0.0000000000
slap	1	0.0002501750	-0.0047029917
slapstick	2	0.0010574250	0.0139671780
sleeping	1	0.0001419250	0.0003730226
sleepwalk	1	0.0006945750	-0.0047031987
sleepwalking	1	0.0003219500	-0.0061786703
slick	0	0.0000000000	0.0000000000
slighter	1	0.0003306750	0.0051084588
slightly	1	0.0001419250	0.0003730226
slips	0	0.0000000000	0.0000000000
slow	6	0.0033621500	-0.0202524625
slowly	0	0.0000000000	0.0000000000
sluggish	1	0.0001419250	0.0003730226
small	1	0.0003049250	0.0076088598
smallest	1	0.0003972750	0.0111953307
smash	1	0.0001419250	0.0003730226
smashes	0	0.0000000000	0.0000000000
smoochy	1	0.0003408250	0.0070685758
sneak	0	0.0000000000	0.0000000000
snobbery	1	0.0010619000	-0.0166041122
so	12	0.0051404000	0.0031183741
soaked	0	0.0000000000	0.0000000000
soap	0	0.0000000000	0.0000000000
social	2	0.0009461250	-0.0136995507
society	1	0.0008089750	0.0000027674
sociopathic	1	0.0003408250	0.0070685758
soft	0	0.0000000000	0.0000000000
soften	0	0.0000000000	0.0000000000
softly	0	0.0000000000	0.0000000000
sold	0	0.0000000000	0.0000000000
solemnly	1	0.0003377250	-0.0026396717
solitude	0	0.0000000000	0.0000000000
somber	1	0.0005693250	0.0078311832
sombre	1	0.0007218500	-0.0149809273
some	16	0.0062582000	0.0190182209
somehow	0	0.0000000000	0.0000000000
someone	2	0.0011013750	-0.0056087971
something	7	0.0034019250	0.0118862600
sometimes	1	0.0009219250	-0.0138038351
somewhat	1	0.0006291750	0.0091902811
somewhere	0	0.0000000000	0.0000000000
son	1	0.0001124750	0.0002956190
songs	0	0.0000000000	0.0000000000
sontag	1	0.0003377250	-0.0026396717
soon	1	0.0003544750	0.0044334246
sord	0	0.0000000000	0.0000000000
sorry	1	0.0007218500	-0.0149809273
sort	2	0.0004384500	0.0067587336
sound	1	0.0007218500	-0.0149809273
sounding	0	0.0000000000	0.0000000000
soundly	1	0.0007314750	0.0113331821
soundtrack	0	0.0000000000	0.0000000000
south	1	0.0003219500	-0.0061786703
southern	1	0.0003219500	-0.0061786703
space	0	0.0000000000	0.0000000000
spaceballs	1	0.0002516000	0.0050698684
speaking	2	0.0011338500	0.0169716462
speaks	2	0.0005036500	-0.0095745781
specialty	0	0.0000000000	0.0000000000
specific	0	0.0000000000	0.0000000000
spectacular	1	0.0001419250	0.0003730226
speech	0	0.0000000000	0.0000000000
spends	1	0.0003544750	0.0044334246
spirit	0	0.0000000000	0.0000000000
spiriting	0	0.0000000000	0.0000000000
spiritually	1	0.0002754500	-0.0051781316
spite	1	0.0006440000	-0.0123592597
splits	0	0.0000000000	0.0000000000
spontaneous	0	0.0000000000	0.0000000000
sport	0	0.0000000000	0.0000000000
sports	0	0.0000000000	0.0000000000
spot	1	0.0007314750	0.0113331821
spotless	1	0.0006102000	-0.0049359133
sprinkled	1	0.0007314750	0.0113331821
square	1	0.0006102000	-0.0049359133
ss	0	0.0000000000	0.0000000000
st	0	0.0000000000	0.0000000000
stage	1	0.0002787750	0.0043066776
stained	1	0.0002754500	-0.0051781316
stand	1	0.0004570000	0.0085012055
standard	0	0.0000000000	0.0000000000
standing	0	0.0000000000	0.0000000000
stands	0	0.0000000000	0.0000000000
stapleton	1	0.0007218500	-0.0149809273
star	1	0.0001289000	0.0003387889
staring	1	0.0003408250	0.0070685758
stark	1	0.0001419250	0.0003730226
starred	1	0.0005693250	0.0078311832
starring	1	0.0006347250	0.0075923842
stars	5	0.0018044250	-0.0006790303
start	1	0.0007054250	-0.0056463653
started	0	0.0000000000	0.0000000000
starts	2	0.0009364500	-0.0114103294
starved	0	0.0000000000	0.0000000000
stated	1	0.0002516000	0.0050698684
states	0	0.0000000000	0.0000000000
stay	1	0.0003482750	-0.0047868960
stays	2	0.0010088000	-0.0122917904
steal	1	0.0001289000	0.0003387889
steals	1	0.0003608000	0.0101674541
steamy	0	0.0000000000	0.0000000000
steer	0	0.0000000000	0.0000000000
stellar	0	0.0000000000	0.0000000000
step	1	0.0002516000	0.0050698684
stephen	0	0.0000000000	0.0000000000
stepped	1	0.0003972750	0.0111953307
stereotypes	0	0.0000000000	0.0000000000
stetner	1	0.0003357500	0.0083780427
stettner	3	0.0018076250	0.0341962178
stevens	1	0.0002579000	0.0006778407
stewart	1	0.0002839500	0.0007463081
stick	2	0.0005545000	0.0018546071
stiff	1	0.0008002750	-0.0100707804
stigma	0	0.0000000000	0.0000000000
still	5	0.0023760250	0.0177622093
stinker	0	0.0000000000	0.0000000000
stinks	1	0.0002516000	0.0050698684
stock	0	0.0000000000	0.0000000000
stone	1	0.0003377250	-0.0026396717
stop	1	0.0003306750	0.0051084588
stories	2	0.0005829750	0.0086840273
story	17	0.0056556000	0.0500467356
storyline	2	0.0009919250	0.0025893012
storyteller	1	0.0003357500	0.0083780427
straight	1	0.0003377250	-0.0026396717
straightforward	1	0.0004997500	0.0139581420
strain	1	0.0010935000	-0.0163728000
strange	2	0.0011826500	-0.0080395909
strangulation	1	0.0003377250	-0.0026396717
strap	0	0.0000000000	0.0000000000
street	1	0.0004570000	0.0092087833
streets	1	0.0010063500	0.0202784662
strength	1	0.0003972750	0.0111953307
strip	1	0.0001419250	0.0003730226
strong	2	0.0010271500	-0.0045068801
struck	0	0.0000000000	0.0000000000
struggle	1	0.0003972750	0.0111953307
struggles	0	0.0000000000	0.0000000000
struggling	1	0.0002501750	-0.0047029917
student	1	0.0015778000	0.0076628515
students	1	0.0015778000	0.0076628515
stuff	2	0.0008398000	-0.0139657650
stunning	1	0.0009931250	-0.0148699012
stupid	1	0.0002121250	0.0042744270
style	2	0.0014934500	-0.0242754148
styled	1	0.0006102000	-0.0049359133
subculture	1	0.0003834500	-0.0052703619
subject	1	0.0003834500	-0.0052703619
submerged	1	0.0001419250	0.0003730226
submitted	1	0.0002516000	0.0046803136
subscribe	1	0.0006347250	0.0075923842
subtitles	0	0.0000000000	0.0000000000
succeed	1	0.0002516000	0.0050698684
succeeded	1	0.0003972750	0.0111953307
succeeds	1	0.0002516000	0.0050698684
success	0	0.0000000000	0.0000000000
successfully	1	0.0010419250	0.0009060697
such	8	0.0041564000	-0.0048028592
sucker	1	0.0004997500	0.0139581420
sudden	1	0.0002516000	0.0046803136
suddenly	1	0.0002516000	0.0046803136
suffer	0	0.0000000000	0.0000000000
suffered	1	0.0003408250	0.0070685758
sufficient	0	0.0000000000	0.0000000000
suffocate	1	0.0001419250	0.0003730226
suggest	0	0.0000000000	0.0000000000
suit	1	0.0012694250	-0.0240380732
suits	0	0.0000000000	0.0000000000
summer	1	0.0004997500	0.0139581420
sun	0	0.0000000000	0.0000000000
sundance	1	0.0004997500	0.0139581420
sunken	1	0.0001419250	0.0003730226
sunshine	1	0.0003408250	0.0070685758
superb	1	0.0006687500	0.0118472711
superiority	0	0.0000000000	0.0000000000
supernatural	1	0.0008367250	-0.0066973172
supply	1	0.0001419250	0.0003730226
support	0	0.0000000000	0.0000000000
supporting	2	0.0005545000	0.0018546071
supportive	1	0.0010619000	-0.0166041122
supposed	2	0.0011437250	-0.0237368087
sure	2	0.0009378750	0.0003415563
surf	1	0.0003377250	-0.0026396717
surpass	0	0.0000000000	0.0000000000
surprise	0	0.0000000000	0.0000000000
surprised	1	0.0006945750	-0.0047031987
surrogate	1	0.0003377250	-0.0026396717
survive	1	0.0007889000	0.0038314257
survivor	2	0.0004338250	0.0079476487
survivors	1	0.0002516000	0.0050698684
susan	1	0.0003377250	-0.0026396717
suspense	5	0.0030067750	0.0042375817
suspenseful	2	0.0009195250	0.0101394925
suspenser	1	0.0002516000	0.0046803136
sweden	1	0.0003377250	-0.0026396717
swedish	1	0.0006754750	-0.0052795388
sweet	0	0.0000000000	0.0000000000
swing	0	0.0000000000	0.0000000000
swinging	0	0.0000000000	0.0000000000
sympathetic	0	0.0000000000	0.0000000000
sympathy	1	0.0002754500	-0.0051781316
synopsis	1	0.0003306750	0.0051084588
t	22	0.0097784750	-0.0145297327
table	0	0.0000000000	0.0000000000
tact	1	0.0003219500	-0.0061786703
tailspin	1	0.0002516000	0.0046803136
take	5	0.0022657000	-0.0107740594
taken	3	0.0010176500	0.0090704211
takes	4	0.0015471250	-0.0109471905
takeshi	0	0.0000000000	0.0000000000
tale	1	0.0003903000	0.0048814884
talent	0	0.0000000000	0.0000000000
talented	1	0.0003067250	-0.0023973745
talents	0	0.0000000000	0.0000000000
talk	4	0.0013183500	0.0086167007
talking	2	0.0011726750	-0.0064935331
talks	0	0.0000000000	0.0000000000
tambor	2	0.0008972500	0.0164516627
tan	0	0.0000000000	0.0000000000
tangible	0	0.0000000000	0.0000000000
tape	1	0.0003306750	0.0051084588
tapped	0	0.0000000000	0.0000000000
tarantino	1	0.0008367250	-0.0066973172
tastes	0	0.0000000000	0.0000000000
tattered	0	0.0000000000	0.0000000000
tatty	0	0.0000000000	0.0000000000
taupin	1	0.0008627750	0.0063526048
tea	1	0.0010935000	-0.0163728000
teach	1	0.0006347250	0.0075923842
teachers	1	0.0028658500	0.0139184833
teaching	1	0.0007889000	0.0038314257
teacup	1	0.0002516000	0.0046803136
tears	0	0.0000000000	0.0000000000
tease	0	0.0000000000	0.0000000000
technical	1	0.0009688000	-0.0139066999
techniques	1	0.0002754500	-0.0051781316
technology	1	0.0002516000	0.0050698684
ted	0	0.0000000000	0.0000000000
teddy	1	0.0002516000	0.0050698684
teenage	1	0.0016483750	-0.0307628482
teens	3	0.0040659250	-0.0559891299
teeth	0	0.0000000000	0.0000000000
telephone	1	0.0005693250	0.0078311832
television	0	0.0000000000	0.0000000000
tell	1	0.0009995000	0.0279162841
telling	0	0.0000000000	0.0000000000
tells	1	0.0003093500	0.0038690455
tempest	1	0.0002516000	0.0046803136
template	0	0.0000000000	0.0000000000
ten	1	0.0006747000	-0.0084905258
tenant	0	0.0000000000	0.0000000000
tender	1	0.0002516000	0.0050698684
tense	1	0.0026296500	-0.0018731361
tension	2	0.0010415000	0.0064474806
tensions	0	0.0000000000	0.0000000000
tenuta	1	0.0006945750	-0.0047031987
term	1	0.0003067250	-0.0023973745
terrible	0	0.0000000000	0.0000000000
terribly	0	0.0000000000	0.0000000000
terrific	2	0.0010998750	-0.0046611744
terry	3	0.0007739750	0.0153163013
th	0	0.0000000000	0.0000000000
than	12	0.0036941000	0.0129640467
thanks	1	0.0005693250	0.0078311832
that	32	0.0160107000	0.0381384882
the	40	0.0549388750	0.0247524560
theater	1	0.0002322250	-0.0043655531
theatrical	1	0.0001419250	0.0003730226
their	12	0.0044825000	0.0049619697
them	7	0.0014911250	-0.0070227425
theme	1	0.0007486000	-0.0158482376
themselves	1	0.0002322250	-0.0043655531
then	3	0.0007874250	0.0008960784
therapy	0	0.0000000000	0.0000000000
there	12	0.0058220750	0.0207168070
these	8	0.0023666500	0.0098360891
thespian	1	0.0003377250	-0.0026396717
they	13	0.0053052750	-0.0471556113
thin	0	0.0000000000	0.0000000000
thing	7	0.0035623750	-0.0291949733
things	4	0.0016861500	-0.0021066181
think	15	0.0046386500	-0.0156668766
thinking	2	0.0008584250	-0.0155498423
thinks	0	0.0000000000	0.0000000000
third	2	0.0014563500	-0.0057352626
thirty	1	0.0002516000	0.0050698684
this	31	0.0161948750	-0.0651025577
thomas	3	0.0015014750	-0.0310271532
those	7	0.0019561250	0.0061277730
though	6	0.0037300250	-0.0026871895
thought	6	0.0020300750	-0.0046524487
threatens	0	0.0000000000	0.0000000000
three	3	0.0020544750	-0.0080699410
thrill	1	0.0007314750	0.0113331821
thriller	6	0.0035906250	0.0191639676
thrillers	1	0.0007314750	0.0113331821
thrilling	2	0.0016731250	-0.0083235614
thrills	1	0.0008002750	-0.0100707804
throat	1	0.0006102000	-0.0049359133
through	11	0.0033685500	0.0033254467
throughout	2	0.0012074000	0.0119583392
throw	1	0.0007564250	-0.0055268116
thrown	1	0.0002516000	0.0050698684
ticket	1	0.0006102000	-0.0049359133
tics	1	0.0003377250	-0.0026396717
tie	1	0.0003357500	0.0083780427
tile	1	0.0001419250	0.0003730226
till	0	0.0000000000	0.0000000000
tilt	1	0.0002516000	0.0046803136
time	15	0.0054382750	-0.0135970478
times	3	0.0010307250	0.0156783684
timid	1	0.0006945750	-0.0047031987
timidity	1	0.0006945750	-0.0047031987
titanic	1	0.0008907250	0.0000030471
titans	0	0.0000000000	0.0000000000
titillate	1	0.0008242250	-0.0174492568
title	0	0.0000000000	0.0000000000
to	38	0.0242915500	-0.0041913076
together	2	0.0009919250	0.0025893012
tokyo	0	0.0000000000	0.0000000000
told	1	0.0007922000	0.0221263434
tolerable	1	0.0003219500	-0.0061786703
tomlin	1	0.0003219500	-0.0061786703
tones	1	0.0003357500	0.0083780427
toni	7	0.0027167000	0.0493482336
too	11	0.0046159750	-0.0053452635
took	1	0.0002501750	-0.0047029917
top	3	0.0011332000	0.0238111662
topics	1	0.0010935000	-0.0163728000
torn	1	0.0003903000	0.0048814884
torrential	0	0.0000000000	0.0000000000
torture	1	0.0003834500	-0.0052703619
total	1	0.0007564250	-0.0055268116
totally	0	0.0000000000	0.0000000000
touch	1	0.0004997500	0.0139581420
touches	1	0.0003608000	0.0101674541
tournament	0	0.0000000000	0.0000000000
towering	1	0.0003377250	-0.0026396717
town	0	0.0000000000	0.0000000000
toy	1	0.0001289000	0.0003387889
track	1	0.0007218500	-0.0149809273
trading	0	0.0000000000	0.0000000000
traditionally	1	0.0008907250	0.0000030471
traffic	1	0.0006102000	-0.0049359133
trained	0	0.0000000000	0.0000000000
trait	1	0.0002516000	0.0046803136
transformation	0	0.0000000000	0.0000000000
transitional	1	0.0013148250	-0.0009365680
translated	1	0.0007777500	-0.0056041827
transparent	0	0.0000000000	0.0000000000
trapped	2	0.0004213000	-0.0052727756
trash	0	0.0000000000	0.0000000000
trashy	0	0.0000000000	0.0000000000
trauma	0	0.0000000000	0.0000000000
travails	1	0.0002516000	0.0046803136
treasure	1	0.0002516000	0.0050698684
treat	0	0.0000000000	0.0000000000
triangle	1	0.0001419250	0.0003730226
tricked	1	0.0003377250	-0.0026396717
tricks	1	0.0003377250	-0.0026396717
tried	2	0.0022135750	-0.0244594044
tries	1	0.0006817750	0.0060557057
tripe	1	0.0002754500	-0.0051781316
triumph	0	0.0000000000	0.0000000000
trouble	0	0.0000000000	0.0000000000
troubled	2	0.0009155000	-0.0007689558
troubles	0	0.0000000000	0.0000000000
troubling	1	0.0003306750	0.0051084588
truck	1	0.0013148250	-0.0009365680
true	4	0.0017762500	0.0097823642
truly	3	0.0017046750	0.0139106861
trust	1	0.0003608000	0.0101674541
truth	1	0.0002754500	-0.0051781316
truths	1	0.0002516000	0.0046803136
try	2	0.0015012000	-0.0266189030
trying	2	0.0004429500	-0.0041291479
turmoil	1	0.0012694250	-0.0240380732
turncoat	1	0.0007363250	0.0130443990
turned	1	0.0016336000	-0.0234496128
turning	1	0.0002847500	-0.0022256171
turns	2	0.0015137250	-0.0116645529
tv	2	0.0009791750	-0.0126813411
twenties	0	0.0000000000	0.0000000000
twentieth	0	0.0000000000	0.0000000000
twenty	1	0.0003482750	-0.0047868960
twist	1	0.0008367250	-0.0066973172
twists	0	0.0000000000	0.0000000000
two	7	0.0027220250	-0.0072275858
typical	2	0.0019818500	-0.0124692206
u	0	0.0000000000	0.0000000000
ubiquitous	1	0.0006945750	-0.0047031987
ufortunately	1	0.0003219500	-0.0061786703
ugly	0	0.0000000000	0.0000000000
ulterior	1	0.0002516000	0.0046803136
ultimately	3	0.0011551750	0.0051807822
unable	0	0.0000000000	0.0000000000
unbearably	1	0.0010619000	-0.0166041122
undeniable	0	0.0000000000	0.0000000000
under	3	0.0011678250	0.0185126825
undercover	0	0.0000000000	0.0000000000
underdog	0	0.0000000000	0.0000000000
underlines	1	0.0002516000	0.0046803136
underrated	1	0.0008907250	0.0000030471
understand	0	0.0000000000	0.0000000000
understanding	1	0.0002754500	-0.0051781316
understated	1	0.0003408250	0.0070685758
underwrites	0	0.0000000000	0.0000000000
unexpected	0	0.0000000000	0.0000000000
unexpectedness	1	0.0010419250	0.0009060697
unexplored	1	0.0008242250	-0.0174492568
unfolds	1	0.0009463000	0.0008229131
unfortunately	2	0.0009364500	-0.0114103294
uniforms	0	0.0000000000	0.0000000000
uninspired	1	0.0007218500	-0.0149809273
unique	0	0.0000000000	0.0000000000
unless	1	0.0003482750	-0.0047868960
unlike	1	0.0008907250	0.0000030471
unmasking	1	0.0006102000	-0.0049359133
unmentioned	1	0.0002516000	0.0046803136
unmistakable	1	0.0002754500	-0.0051781316
unnatural	1	0.0009688000	-0.0139066999
unnecessary	2	0.0016949000	-0.0150253245
unpalatable	1	0.0010619000	-0.0166041122
unscathed	1	0.0016241750	-0.0365085135
unsettled	1	0.0003408250	0.0070685758
unsettling	1	0.0002516000	0.0046803136
unsympathetic	1	0.0001419250	0.0003730226
until	7	0.0022531500	-0.0070930585
unusual	1	0.0013148250	-0.0009365680
unusually	0	0.0000000000	0.0000000000
up	6	0.0013616500	0.0099259969
upon	0	0.0000000000	0.0000000000
upper	1	0.0006747000	-0.0084905258
urgency	1	0.0001419250	0.0003730226
us	6	0.0016689000	0.0032841018
use	2	0.0010365750	-0.0013025664
used	1	0.0004242250	0.0085483503
useful	1	0.0003903000	0.0048814884
users	0	0.0000000000	0.0000000000
using	2	0.0004786750	-0.0000986001
usual	1	0.0006687500	0.0118472711
usually	0	0.0000000000	0.0000000000
utter	1	0.0006347250	-0.0131733591
utterly	1	0.0003219500	-0.0061786703
vagrant	1	0.0002516000	0.0050698684
vain	0	0.0000000000	0.0000000000
valli	0	0.0000000000	0.0000000000
valuable	2	0.0004864000	0.0052822323
value	0	0.0000000000	0.0000000000
values	1	0.0001289000	0.0003387889
vampirism	0	0.0000000000	0.0000000000
vardon	0	0.0000000000	0.0000000000
various	1	0.0003357500	0.0083780427
ve	2	0.0008018000	0.0148089578
vehicle	1	0.0006347250	0.0075923842
veil	1	0.0006945750	-0.0047031987
vein	0	0.0000000000	0.0000000000
vending	1	0.0003306750	0.0051084588
veneer	1	0.0003544750	0.0044334246
venice	0	0.0000000000	0.0000000000
versatile	0	0.0000000000	0.0000000000
version	5	0.0017260500	0.0183215469
versions	1	0.0001419250	0.0003730226
very	13	0.0068753500	0.0236897933
via	0	0.0000000000	0.0000000000
viable	0	0.0000000000	0.0000000000
video	2	0.0003984250	0.0046211547
videos	0	0.0000000000	0.0000000000
view	2	0.0031481000	-0.0139914097
viewer	0	0.0000000000	0.0000000000
viewers	2	0.0012038000	-0.0175579477
viewing	1	0.0016483750	-0.0307628482
vigilance	1	0.0003903000	0.0048814884
villain	0	0.0000000000	0.0000000000
vilmos	1	0.0009688000	-0.0139066999
violence	0	0.0000000000	0.0000000000
violent	1	0.0008799000	-0.0126305793
vip	1	0.0001419250	0.0003730226
visconti	0	0.0000000000	0.0000000000
visions	0	0.0000000000	0.0000000000
visual	1	0.0003067250	-0.0023973745
visually	0	0.0000000000	0.0000000000
visuals	1	0.0010935000	-0.0163728000
vivid	1	0.0003903000	0.0048814884
vividly	0	0.0000000000	0.0000000000
voice	2	0.0009373750	0.0131165139
volumes	1	0.0010419250	0.0009060697
vote	1	0.0002516000	0.0050698684
vulnerable	0	0.0000000000	0.0000000000
waist	0	0.0000000000	0.0000000000
waiting	1	0.0006192000	0.0054998980
waitress	1	0.0003357500	0.0083780427
walk	0	0.0000000000	0.0000000000
walked	1	0.0002754500	-0.0051781316
walker	3	0.0022675000	-0.0310782412
walking	1	0.0003377250	-0.0026396717
walks	0	0.0000000000	0.0000000000
wall	1	0.0002516000	0.0050698684
walter	0	0.0000000000	0.0000000000
wanna	0	0.0000000000	0.0000000000
want	3	0.0012139500	0.0025784986
wanted	0	0.0000000000	0.0000000000
wanting	0	0.0000000000	0.0000000000
wants	5	0.0016658000	0.0306043263
war	1	0.0002516000	0.0050698684
warehouse	1	0.0006687500	0.0118472711
warren	3	0.0023720250	0.0326565179
wars	0	0.0000000000	0.0000000000
was	22	0.0129086000	-0.0100723932
washington	1	0.0003219500	-0.0061786703
wasn	2	0.0014902500	-0.0039393379
wasp	0	0.0000000000	0.0000000000
waste	2	0.0010340750	0.0010160976
wasted	1	0.0007564250	-0.0055268116
watch	8	0.0040221750	-0.0418317472
watchable	1	0.0010935000	-0.0163728000
watched	2	0.0005984500	-0.0094898878
watching	2	0.0007649750	0.0017444159
water	1	0.0001419250	0.0003730226
way	4	0.0016655250	0.0056849940
ways	1	0.0013148250	-0.0009365680
we	4	0.0025774500	0.0109648462
weak	1	0.0003834500	-0.0052703619
wealthy	0	0.0000000000	0.0000000000
web	0	0.0000000000	0.0000000000
weird	1	0.0008367250	-0.0066973172
weirdest	0	0.0000000000	0.0000000000
welcome	1	0.0007889000	0.0038314257
well	10	0.0043567250	0.0032558819
went	0	0.0000000000	0.0000000000
were	14	0.0063426250	-0.0086936921
weren	0	0.0000000000	0.0000000000
werner	0	0.0000000000	0.0000000000
what	12	0.0044025500	0.0051827288
whatever	1	0.0005003250	-0.0094055135
when	14	0.0039239500	0.0033016642
where	8	0.0031003000	0.0211430450
which	13	0.0044323500	0.0343694775
while	3	0.0015236500	0.0084447072
whims	0	0.0000000000	0.0000000000
whining	2	0.0012146250	-0.0197833533
who	20	0.0064762250	0.0068324346
whole	4	0.0026917000	-0.0113565815
whom	1	0.0003219500	-0.0061786703
whoopi	1	0.0006945750	-0.0047031987
whose	2	0.0012406000	0.0142708455
why	3	0.0022406750	-0.0171710051
wide	0	0.0000000000	0.0000000000
widening	1	0.0003306750	0.0051084588
wilde	1	0.0003377250	-0.0026396717
will	9	0.0032034750	-0.0024829446
willem	1	0.0006347250	-0.0131733591
william	3	0.0013308000	0.0175616239
williams	12	0.0089875250	0.1331008018
wilson	2	0.0003574000	0.0049431806
window	0	0.0000000000	0.0000000000
windows	0	0.0000000000	0.0000000000
wine	1	0.0002754500	-0.0051781316
winner	1	0.0004258750	0.0011193307
winners	0	0.0000000000	0.0000000000
winning	0	0.0000000000	0.0000000000
winter	1	0.0003377250	-0.0026396717
wisconsin	1	0.0010071250	0.0251310091
wish	0	0.0000000000	0.0000000000
wishing	0	0.0000000000	0.0000000000
wisp	0	0.0000000000	0.0000000000
with	25	0.0095571750	0.0132123692
withdrawal	0	0.0000000000	0.0000000000
within	1	0.0003608000	0.0101674541
without	5	0.0018170500	0.0114486657
withstanding	0	0.0000000000	0.0000000000
wives	2	0.0010192250	-0.0147580391
woman	6	0.0022712000	0.0032365186
women	1	0.0003003250	0.0046395945
won	1	0.0006777750	0.0099001752
wonder	1	0.0004538750	0.0126768419
wonderful	1	0.0004997500	0.0139581420
wondering	1	0.0009463000	0.0008229131
wont	0	0.0000000000	0.0000000000
wood	1	0.0010619000	-0.0166041122
wooden	1	0.0009644500	-0.0150803616
woody	7	0.0041591750	-0.0682671443
word	0	0.0000000000	0.0000000000
words	2	0.0012452000	0.0187425878
work	7	0.0023785500	-0.0014520988
worker	1	0.0001419250	0.0003730226
workers	0	0.0000000000	0.0000000000
working	0	0.0000000000	0.0000000000
works	1	0.0003357500	0.0083780427
world	4	0.0012654250	0.0139973409
worn	1	0.0016483750	-0.0348969258
worried	1	0.0001419250	0.0003730226
worrying	1	0.0005031750	0.0101392331
worse	2	0.0008557250	-0.0088076857
worst	3	0.0021649000	-0.0407213070
worth	4	0.0021226500	-0.0033313583
would	11	0.0048767500	-0.0179609289
wouldn	0	0.0000000000	0.0000000000
wow	1	0.0007218500	-0.0149809273
wrapped	1	0.0003903000	0.0048814884
wrenching	0	0.0000000000	0.0000000000
write	0	0.0000000000	0.0000000000
writer	3	0.0013646750	0.0137475353
writers	2	0.0009311500	0.0003680683
writing	0	0.0000000000	0.0000000000
written	6	0.0016612750	0.0202412276
wrong	1	0.0007268250	-0.0091464746
wrote	2	0.0005334250	0.0118594626
wrought	1	0.0002754500	-0.0051781316
x	1	0.0006817750	0.0060557057
ya	1	0.0003219500	-0.0061786703
yadayadayada	0	0.0000000000	0.0000000000
yang	0	0.0000000000	0.0000000000
yeah	0	0.0000000000	0.0000000000
year	6	0.0024247250	0.0110063097
years	8	0.0023584500	0.0056823326
yes	1	0.0010419250	0.0009060697
yet	2	0.0010892500	0.0077597342
yoko	0	0.0000000000	0.0000000000
york	5	0.0013075000	0.0167340020
yorker	1	0.0003377250	-0.0026396717
you	19	0.0106949250	0.0109631071
young	5	0.0011704750	0.0134233235
your	4	0.0015358250	0.0063026269
yours	1	0.0003377250	-0.0026396717
yourself	1	0.0007063500	-0.0050897004
youth	1	0.0002285000	0.0042506028
youthful	1	0.0007777500	-0.0056041827
zhang	0	0.0000000000	0.0000000000
zsigmond	1	0.0009688000	-0.0139066999
zuotian	0	0.0000000000	0.0000000000
