test/neg/0_2.txt	a	3	0.017544	57	1.050431	0.018429
test/neg/10000_4.txt	a	4	0.016598	57	1.050431	0.017435
test/neg/10001_1.txt	a	6	0.026786	57	1.050431	0.028137
test/neg/10002_3.txt	a	8	0.025078	57	1.050431	0.026343
test/neg/10003_3.txt	a	4	0.016878	57	1.050431	0.017729
test/neg/10004_2.txt	a	3	0.025424	57	1.050431	0.026706
test/neg/10005_2.txt	a	5	0.030675	57	1.050431	0.032222
test/neg/10006_2.txt	a	5	0.034722	57	1.050431	0.036473
test/neg/10007_4.txt	a	7	0.054264	57	1.050431	0.057001
test/neg/10008_4.txt	a	6	0.035928	57	1.050431	0.037740
test/pos/0_10.txt	a	2	0.013072	57	1.050431	0.013731
test/pos/10000_7.txt	a	13	0.036932	57	1.050431	0.038795
test/pos/10001_9.txt	a	3	0.012146	57	1.050431	0.012759
test/pos/10002_8.txt	a	6	0.046875	57	1.050431	0.049239
test/pos/10003_8.txt	a	7	0.034146	57	1.050431	0.035868
test/pos/10004_9.txt	a	9	0.028571	57	1.050431	0.030012
test/pos/10005_8.txt	a	15	0.043605	57	1.050431	0.045804
test/pos/10006_7.txt	a	4	0.027972	57	1.050431	0.029383
test/pos/10007_10.txt	a	4	0.022989	57	1.050431	0.024148
test/pos/10008_8.txt	a	26	0.027083	57	1.050431	0.028449
train/neg/0_3.txt	a	7	0.061404	57	1.050431	0.064501
train/neg/10000_4.txt	a	22	0.028278	57	1.050431	0.029704
train/neg/10002_1.txt	a	3	0.019608	57	1.050431	0.020597
train/neg/10003_1.txt	a	9	0.022444	57	1.050431	0.023576
train/neg/10004_3.txt	a	2	0.019231	57	1.050431	0.020201
train/neg/10005_3.txt	a	8	0.024465	57	1.050431	0.025699
train/neg/10006_4.txt	a	5	0.031447	57	1.050431	0.033033
train/neg/10007_1.txt	a	2	0.029412	57	1.050431	0.030895
train/neg/10008_2.txt	a	6	0.020833	57	1.050431	0.021884
train/neg/10009_1.txt	a	6	0.017493	57	1.050431	0.018375
train/neg/1000_4.txt	a	3	0.020548	57	1.050431	0.021584
train/neg/10011_3.txt	a	4	0.028986	57	1.050431	0.030448
train/neg/10012_1.txt	a	3	0.017241	57	1.050431	0.018110
train/neg/10013_1.txt	a	7	0.052239	57	1.050431	0.054873
train/neg/10014_2.txt	a	2	0.029851	57	1.050431	0.031356
train/neg/10015_2.txt	a	3	0.034483	57	1.050431	0.036222
train/neg/10016_4.txt	a	4	0.030303	57	1.050431	0.031831
train/neg/10017_4.txt	a	9	0.049724	57	1.050431	0.052232
train/pos/0_9.txt	a	4	0.028571	57	1.050431	0.030012
train/pos/10000_8.txt	a	17	0.038724	57	1.050431	0.040677
train/pos/10001_10.txt	a	6	0.040000	57	1.050431	0.042017
train/pos/10002_7.txt	a	7	0.056452	57	1.050431	0.059299
train/pos/10003_8.txt	a	4	0.033058	57	1.050431	0.034725
train/pos/10004_8.txt	a	9	0.051724	57	1.050431	0.054332
train/pos/10005_7.txt	a	2	0.018868	57	1.050431	0.019820
train/pos/10006_7.txt	a	13	0.038922	57	1.050431	0.040885
train/pos/10007_7.txt	a	12	0.027335	57	1.050431	0.028714
train/pos/10008_7.txt	a	10	0.030864	57	1.050431	0.032420
train/pos/10009_9.txt	a	5	0.017986	57	1.050431	0.018893
train/pos/1000_8.txt	a	2	0.023810	57	1.050431	0.025011
train/pos/10010_7.txt	a	4	0.014134	57	1.050431	0.014847
train/pos/10011_9.txt	a	10	0.045249	57	1.050431	0.047531
train/pos/10012_8.txt	a	9	0.060811	57	1.050431	0.063878
train/pos/10013_7.txt	a	6	0.037037	57	1.050431	0.038905
train/pos/10014_8.txt	a	7	0.036082	57	1.050431	0.037902
train/pos/10015_8.txt	a	11	0.033435	57	1.050431	0.035121
train/pos/10016_8.txt	a	3	0.023438	57	1.050431	0.024620
train/pos/10010_7.txt	abandoned	1	0.003534	1	4.417727	0.015612
train/pos/10007_7.txt	abducted	1	0.002278	1	4.417727	0.010064
train/neg/10003_1.txt	ability	1	0.002494	1	4.417727	0.011018
test/pos/0_10.txt	able	1	0.006536	2	4.012262	0.026224
train/pos/10004_8.txt	able	1	0.005747	2	4.012262	0.023058
test/neg/0_2.txt	about	3	0.017544	30	1.676887	0.029419
test/neg/10001_1.txt	about	1	0.004464	30	1.676887	0.007486
test/neg/10002_3.txt	about	3	0.009404	30	1.676887	0.015769
test/neg/10005_2.txt	about	1	0.006135	30	1.676887	0.010288
test/neg/10007_4.txt	about	1	0.007752	30	1.676887	0.012999
test/pos/10000_7.txt	about	1	0.002841	30	1.676887	0.004764
test/pos/10002_8.txt	about	2	0.015625	30	1.676887	0.026201
test/pos/10003_8.txt	about	2	0.009756	30	1.676887	0.016360
test/pos/10004_9.txt	about	1	0.003175	30	1.676887	0.005324
test/pos/10005_8.txt	about	1	0.002907	30	1.676887	0.004875
test/pos/10008_8.txt	about	3	0.003125	30	1.676887	0.005240
train/neg/10000_4.txt	about	2	0.002571	30	1.676887	0.004311
train/neg/10003_1.txt	about	2	0.004988	30	1.676887	0.008364
train/neg/10005_3.txt	about	1	0.003058	30	1.676887	0.005128
train/neg/10008_2.txt	about	2	0.006944	30	1.676887	0.011644
train/neg/10009_1.txt	about	1	0.002915	30	1.676887	0.004888
train/neg/10011_3.txt	about	1	0.007246	30	1.676887	0.012151
train/neg/10015_2.txt	about	1	0.011494	30	1.676887	0.019274
train/neg/10016_4.txt	about	1	0.007576	30	1.676887	0.012704
train/neg/10017_4.txt	about	1	0.005525	30	1.676887	0.009265
train/pos/0_9.txt	about	1	0.007143	30	1.676887	0.011978
train/pos/10000_8.txt	about	1	0.002278	30	1.676887	0.003820
train/pos/10002_7.txt	about	1	0.008065	30	1.676887	0.013524
train/pos/10006_7.txt	about	2	0.005988	30	1.676887	0.010041
train/pos/10007_7.txt	about	4	0.009112	30	1.676887	0.015280
train/pos/10009_9.txt	about	1	0.003597	30	1.676887	0.006032
train/pos/10010_7.txt	about	1	0.003534	30	1.676887	0.005926
train/pos/10014_8.txt	about	1	0.005155	30	1.676887	0.008644
train/pos/10016_8.txt	about	2	0.015625	30	1.676887	0.026201
train/pos/10017_9.txt	about	2	0.013245	30	1.676887	0.022210
test/neg/10003_3.txt	above	1	0.004219	4	3.501436	0.014773
test/pos/10001_9.txt	above	1	0.004049	4	3.501436	0.014177
train/neg/10013_1.txt	above	1	0.007463	4	3.501436	0.026131
train/pos/10017_9.txt	above	1	0.006623	4	3.501436	0.023190
train/neg/10002_1.txt	absence	1	0.006536	1	4.417727	0.028874
train/pos/10017_9.txt	absolutely	1	0.006623	1	4.417727	0.029259
test/pos/10008_8.txt	absorb	1	0.001042	1	4.417727	0.004603
test/pos/10008_8.txt	abstract	1	0.001042	1	4.417727	0.004603
train/neg/0_3.txt	absurd	2	0.017544	1	4.417727	0.077505
test/neg/10005_2.txt	abuse	1	0.006135	4	3.501436	0.021481
train/pos/10008_7.txt	abuse	1	0.003086	4	3.501436	0.010805
train/pos/10010_7.txt	abuse	1	0.003534	4	3.501436	0.012374
train/pos/10015_8.txt	abuse	1	0.003040	4	3.501436	0.010644
train/pos/10007_7.txt	abused	1	0.002278	1	4.417727	0.010064
train/pos/10008_7.txt	academy	1	0.003086	1	4.417727	0.013633
test/neg/10002_3.txt	accent	1	0.003135	2	4.012262	0.012578
train/neg/10009_1.txt	accent	3	0.008746	2	4.012262	0.035091
test/pos/10001_9.txt	accepted	1	0.004049	1	4.417727	0.017887
test/pos/10008_8.txt	accepts	1	0.001042	1	4.417727	0.004603
test/neg/10004_2.txt	access	1	0.008475	1	4.417727	0.037440
train/pos/10006_7.txt	acclaimed	1	0.002994	1	4.417727	0.013227
train/neg/10000_4.txt	accomplice	1	0.001285	1	4.417727	0.005677
train/pos/10006_7.txt	according	1	0.002994	1	4.417727	0.013227
test/neg/10005_2.txt	accountant	1	0.006135	1	4.417727	0.027103
train/pos/10010_7.txt	accrued	1	0.003534	1	4.417727	0.015612
train/pos/10007_7.txt	accumulated	1	0.002278	1	4.417727	0.010064
train/neg/10014_2.txt	accurate	1	0.014925	1	4.417727	0.065935
train/neg/10004_3.txt	accusations	1	0.009615	1	4.417727	0.042476
train/pos/10001_10.txt	accused	1	0.006667	1	4.417727	0.029453
test/pos/10008_8.txt	accuses	1	0.001042	1	4.417727	0.004603
train/pos/10005_7.txt	achieve	1	0.009434	1	4.417727	0.041677
test/pos/10006_7.txt	achievement	1	0.006993	1	4.417727	0.030893
train/pos/10004_8.txt	achieving	1	0.005747	1	4.417727	0.025389
train/pos/10015_8.txt	acquainted	1	0.003040	1	4.417727	0.013430
train/pos/10015_8.txt	acquaints	1	0.003040	1	4.417727	0.013430
train/neg/10001_4.txt	across	1	0.007042	2	4.012262	0.028254
train/pos/10013_7.txt	across	1	0.006173	2	4.012262	0.024768
test/neg/10001_1.txt	act	2	0.008929	2	4.012262	0.035825
test/pos/10008_8.txt	act	1	0.001042	2	4.012262	0.004181
test/pos/10008_8.txt	acted	1	0.001042	1	4.417727	0.004603
test/neg/10000_4.txt	acting	3	0.012448	13	2.471817	0.030769
test/neg/10001_1.txt	acting	1	0.004464	13	2.471817	0.011034
test/neg/10002_3.txt	acting	2	0.006270	13	2.471817	0.015498
test/neg/10006_2.txt	acting	1	0.006944	13	2.471817	0.017164
test/pos/10002_8.txt	acting	1	0.007812	13	2.471817	0.019310
test/pos/10003_8.txt	acting	2	0.009756	13	2.471817	0.024115
test/pos/10005_8.txt	acting	2	0.005814	13	2.471817	0.014371
test/pos/10008_8.txt	acting	4	0.004167	13	2.471817	0.010300
train/neg/10000_4.txt	acting	1	0.001285	13	2.471817	0.003176
train/pos/10001_10.txt	acting	1	0.006667	13	2.471817	0.016480
train/pos/10003_8.txt	acting	1	0.008264	13	2.471817	0.020427
train/pos/10006_7.txt	acting	1	0.002994	13	2.471817	0.007401
train/pos/10017_9.txt	acting	1	0.006623	13	2.471817	0.016371
test/neg/10000_4.txt	action	2	0.008299	10	2.712979	0.022515
test/neg/10002_3.txt	action	1	0.003135	10	2.712979	0.008505
test/neg/10003_3.txt	action	1	0.004219	10	2.712979	0.011446
test/neg/10007_4.txt	action	1	0.007752	10	2.712979	0.021031
test/neg/10008_4.txt	action	1	0.005988	10	2.712979	0.016245
test/pos/10000_7.txt	action	2	0.005682	10	2.712979	0.015415
train/neg/10000_4.txt	action	1	0.001285	10	2.712979	0.003486
train/neg/10011_3.txt	action	1	0.007246	10	2.712979	0.019658
train/pos/1000_8.txt	action	2	0.023810	10	2.712979	0.064596
train/pos/10015_8.txt	action	1	0.003040	10	2.712979	0.008247
train/pos/10004_8.txt	actions	1	0.005747	1	4.417727	0.025389
test/pos/10000_7.txt	actor	1	0.002841	5	3.319114	0.009430
test/pos/10007_10.txt	actor	1	0.005747	5	3.319114	0.019075
test/pos/10008_8.txt	actor	4	0.004167	5	3.319114	0.013831
train/pos/10003_8.txt	actor	1	0.008264	5	3.319114	0.027429
train/pos/10009_9.txt	actor	1	0.003597	5	3.319114	0.011939
test/neg/10001_1.txt	actors	2	0.008929	8	2.913649	0.026016
test/pos/10002_8.txt	actors	1	0.007812	8	2.913649	0.022761
test/pos/10006_7.txt	actors	1	0.006993	8	2.913649	0.020375
test/pos/10008_8.txt	actors	2	0.002083	8	2.913649	0.006069
train/neg/10001_4.txt	actors	2	0.014085	8	2.913649	0.041039
train/neg/10005_3.txt	actors	2	0.006116	8	2.913649	0.017820
train/neg/10006_4.txt	actors	1	0.006289	8	2.913649	0.018324
train/neg/10012_1.txt	actors	1	0.005747	8	2.913649	0.016745
test/neg/10003_3.txt	actress	1	0.004219	4	3.501436	0.014773
train/neg/10001_4.txt	actress	1	0.007042	4	3.501436	0.024657
train/pos/10003_8.txt	actress	1	0.008264	4	3.501436	0.028936
train/pos/10008_7.txt	actress	1	0.003086	4	3.501436	0.010805
train/neg/10006_4.txt	actresses	1	0.006289	5	3.319114	0.020874
train/neg/10009_1.txt	actresses	2	0.005831	5	3.319114	0.019354
train/neg/1000_4.txt	actresses	1	0.006849	5	3.319114	0.022733
train/neg/10012_1.txt	actresses	1	0.005747	5	3.319114	0.019075
train/pos/10008_7.txt	actresses	1	0.003086	5	3.319114	0.010243
test/pos/10008_8.txt	acts	2	0.002083	1	4.417727	0.009202
test/pos/10001_9.txt	actual	1	0.004049	4	3.501436	0.014177
test/pos/10005_8.txt	actual	1	0.002907	4	3.501436	0.010179
train/pos/10008_7.txt	actual	1	0.003086	4	3.501436	0.010805
train/pos/10014_8.txt	actual	1	0.005155	4	3.501436	0.018050
test/neg/10005_2.txt	actually	1	0.006135	10	2.712979	0.016644
test/pos/10005_8.txt	actually	1	0.002907	10	2.712979	0.007887
train/neg/10000_4.txt	actually	1	0.001285	10	2.712979	0.003486
train/neg/10009_1.txt	actually	1	0.002915	10	2.712979	0.007908
train/neg/1000_4.txt	actually	1	0.006849	10	2.712979	0.018581
train/neg/10012_1.txt	actually	1	0.005747	10	2.712979	0.015591
train/neg/10017_4.txt	actually	1	0.005525	10	2.712979	0.014989
train/pos/10003_8.txt	actually	1	0.008264	10	2.712979	0.022420
train/pos/10004_8.txt	actually	1	0.005747	10	2.712979	0.015591
train/pos/10008_7.txt	actually	1	0.003086	10	2.712979	0.008372
test/pos/10000_7.txt	add	1	0.002841	3	3.724580	0.010582
test/pos/10008_8.txt	add	1	0.001042	3	3.724580	0.003881
train/neg/10000_4.txt	add	1	0.001285	3	3.724580	0.004786
train/pos/10014_8.txt	added	1	0.005155	1	4.417727	0.022773
test/pos/10008_8.txt	additional	1	0.001042	1	4.417727	0.004603
test/pos/10004_9.txt	adds	1	0.003175	2	4.012262	0.012739
train/pos/10011_9.txt	adds	1	0.004525	2	4.012262	0.018155
test/pos/0_10.txt	admit	1	0.006536	2	4.012262	0.026224
train/pos/10010_7.txt	admit	1	0.003534	2	4.012262	0.014179
train/pos/10007_7.txt	adopted	1	0.002278	1	4.417727	0.010064
train/pos/10006_7.txt	adoptive	1	0.002994	2	4.012262	0.012013
train/pos/10014_8.txt	adoptive	1	0.005155	2	4.012262	0.020683
test/pos/10008_8.txt	adopts	2	0.002083	1	4.417727	0.009202
train/pos/10011_9.txt	ads	1	0.004525	1	4.417727	0.019990
train/neg/10017_4.txt	adult	1	0.005525	1	4.417727	0.024408
train/pos/0_9.txt	adults	1	0.007143	1	4.417727	0.031556
train/neg/10000_4.txt	adventure	1	0.001285	1	4.417727	0.005677
train/neg/10009_1.txt	affect	1	0.002915	2	4.012262	0.011696
train/pos/10005_7.txt	affect	1	0.009434	2	4.012262	0.037852
train/neg/10003_1.txt	affected	1	0.002494	1	4.417727	0.011018
test/pos/10003_8.txt	affectionate	1	0.004878	1	4.417727	0.021550
train/pos/10005_7.txt	affects	1	0.009434	1	4.417727	0.041677
train/neg/10003_1.txt	affluence	1	0.002494	1	4.417727	0.011018
train/neg/10005_3.txt	afraid	1	0.003058	1	4.417727	0.013509
test/pos/0_10.txt	after	1	0.006536	8	2.913649	0.019044
test/pos/10008_8.txt	after	1	0.001042	8	2.913649	0.003036
train/neg/10000_4.txt	after	1	0.001285	8	2.913649	0.003744
train/neg/10010_3.txt	after	1	0.009901	8	2.913649	0.028848
train/neg/10011_3.txt	after	1	0.007246	8	2.913649	0.021112
train/neg/10013_1.txt	after	1	0.007463	8	2.913649	0.021745
train/pos/10000_8.txt	after	1	0.002278	8	2.913649	0.006637
train/pos/10001_10.txt	after	1	0.006667	8	2.913649	0.019425
test/neg/0_2.txt	again	1	0.005848	5	3.319114	0.019410
test/pos/10007_10.txt	again	1	0.005747	5	3.319114	0.019075
test/pos/10008_8.txt	again	1	0.001042	5	3.319114	0.003459
train/neg/10000_4.txt	again	1	0.001285	5	3.319114	0.004265
train/pos/10003_8.txt	again	1	0.008264	5	3.319114	0.027429
test/neg/10001_1.txt	against	1	0.004464	6	3.164964	0.014128
test/pos/10000_7.txt	against	1	0.002841	6	3.164964	0.008992
test/pos/10001_9.txt	against	1	0.004049	6	3.164964	0.012815
test/pos/10003_8.txt	against	1	0.004878	6	3.164964	0.015439
test/pos/10004_9.txt	against	2	0.006349	6	3.164964	0.020094
test/pos/10008_8.txt	against	1	0.001042	6	3.164964	0.003298
train/pos/0_9.txt	age	1	0.007143	1	4.417727	0.031556
train/neg/10011_3.txt	aggravates	1	0.007246	1	4.417727	0.032011
train/neg/10008_2.txt	ago	1	0.003472	1	4.417727	0.015338
train/neg/10004_3.txt	agree	1	0.009615	1	4.417727	0.042476
train/pos/10000_8.txt	agreements	1	0.002278	1	4.417727	0.010064
train/neg/10008_2.txt	ahead	1	0.003472	1	4.417727	0.015338
train/pos/10007_7.txt	aids	1	0.002278	3	3.724580	0.008485
train/pos/10008_7.txt	aids	1	0.003086	3	3.724580	0.011494
train/pos/10015_8.txt	aids	1	0.003040	3	3.724580	0.011323
train/pos/10006_7.txt	ailments	1	0.002994	1	4.417727	0.013227
train/neg/10000_4.txt	air	4	0.005141	2	4.012262	0.020627
train/neg/10017_4.txt	air	1	0.005525	2	4.012262	0.022168
test/neg/10008_4.txt	aires	1	0.005988	1	4.417727	0.026453
train/neg/10000_4.txt	airline	1	0.001285	1	4.417727	0.005677
train/neg/10000_4.txt	airport	12	0.015424	1	4.417727	0.068139
train/pos/10007_7.txt	airwaves	1	0.002278	1	4.417727	0.010064
test/neg/10008_4.txt	alice	1	0.005988	1	4.417727	0.026453
test/neg/10003_3.txt	alida	1	0.004219	1	4.417727	0.018638
test/neg/10000_4.txt	aliens	2	0.008299	1	4.417727	0.036663
test/pos/10000_7.txt	alive	1	0.002841	2	4.012262	0.011399
test/pos/10005_8.txt	alive	1	0.002907	2	4.012262	0.011664
test/neg/0_2.txt	all	2	0.011696	24	1.891998	0.022129
test/neg/10000_4.txt	all	1	0.004149	24	1.891998	0.007850
test/neg/10001_1.txt	all	2	0.008929	24	1.891998	0.016894
test/neg/10002_3.txt	all	1	0.003135	24	1.891998	0.005931
test/neg/10005_2.txt	all	1	0.006135	24	1.891998	0.011607
test/pos/10000_7.txt	all	1	0.002841	24	1.891998	0.005375
test/pos/10004_9.txt	all	1	0.003175	24	1.891998	0.006007
test/pos/10005_8.txt	all	1	0.002907	24	1.891998	0.005500
test/pos/10008_8.txt	all	4	0.004167	24	1.891998	0.007884
train/neg/10003_1.txt	all	1	0.002494	24	1.891998	0.004719
train/neg/10005_3.txt	all	2	0.006116	24	1.891998	0.011571
train/neg/10008_2.txt	all	1	0.003472	24	1.891998	0.006569
train/neg/10009_1.txt	all	1	0.002915	24	1.891998	0.005515
train/neg/10014_2.txt	all	1	0.014925	24	1.891998	0.028238
train/pos/0_9.txt	all	1	0.007143	24	1.891998	0.013515
train/pos/10000_8.txt	all	1	0.002278	24	1.891998	0.004310
train/pos/10001_10.txt	all	1	0.006667	24	1.891998	0.012614
train/pos/10003_8.txt	all	2	0.016529	24	1.891998	0.031273
train/pos/10004_8.txt	all	2	0.011494	24	1.891998	0.021747
train/pos/10006_7.txt	all	2	0.005988	24	1.891998	0.011329
train/pos/10008_7.txt	all	1	0.003086	24	1.891998	0.005839
train/pos/10009_9.txt	all	1	0.003597	24	1.891998	0.006806
train/pos/10011_9.txt	all	1	0.004525	24	1.891998	0.008561
train/pos/10017_9.txt	all	2	0.013245	24	1.891998	0.025060
train/neg/10003_1.txt	allen	4	0.009975	3	3.724580	0.037153
train/neg/10004_3.txt	allen	4	0.038462	3	3.724580	0.143255
train/neg/10005_3.txt	allen	2	0.006116	3	3.724580	0.022780
test/neg/10003_3.txt	alluring	1	0.004219	1	4.417727	0.018638
test/neg/10000_4.txt	almost	1	0.004149	7	3.031432	0.012577
test/pos/10007_10.txt	almost	2	0.011494	7	3.031432	0.034843
test/pos/10008_8.txt	almost	1	0.001042	7	3.031432	0.003159
train/neg/10000_4.txt	almost	1	0.001285	7	3.031432	0.003895
train/neg/10011_3.txt	almost	1	0.007246	7	3.031432	0.021966
train/pos/10007_7.txt	almost	1	0.002278	7	3.031432	0.006906
train/pos/10014_8.txt	almost	1	0.005155	7	3.031432	0.015627
test/neg/10000_4.txt	alone	1	0.004149	1	4.417727	0.018329
test/neg/10003_3.txt	along	1	0.004219	5	3.319114	0.014003
test/neg/10006_2.txt	along	1	0.006944	5	3.319114	0.023048
test/pos/10000_7.txt	along	1	0.002841	5	3.319114	0.009430
train/neg/10000_4.txt	along	1	0.001285	5	3.319114	0.004265
train/neg/10003_1.txt	along	1	0.002494	5	3.319114	0.008278
test/neg/10001_1.txt	already	1	0.004464	2	4.012262	0.017911
train/pos/10000_8.txt	already	1	0.002278	2	4.012262	0.009140
train/neg/10000_4.txt	alright	1	0.001285	1	4.417727	0.005677
test/neg/10001_1.txt	also	1	0.004464	14	2.402824	0.010726
test/neg/10005_2.txt	also	1	0.006135	14	2.402824	0.014741
test/neg/10008_4.txt	also	1	0.005988	14	2.402824	0.014388
test/pos/10000_7.txt	also	3	0.008523	14	2.402824	0.020479
test/pos/10003_8.txt	also	1	0.004878	14	2.402824	0.011721
test/pos/10005_8.txt	also	1	0.002907	14	2.402824	0.006985
train/neg/10000_4.txt	also	3	0.003856	14	2.402824	0.009265
train/neg/10005_3.txt	also	1	0.003058	14	2.402824	0.007348
train/pos/10001_10.txt	also	1	0.006667	14	2.402824	0.016020
train/pos/10004_8.txt	also	1	0.005747	14	2.402824	0.013809
train/pos/1000_8.txt	also	2	0.023810	14	2.402824	0.057211
train/pos/10013_7.txt	also	1	0.006173	14	2.402824	0.014833
train/pos/10014_8.txt	also	2	0.010309	14	2.402824	0.024771
train/pos/10015_8.txt	also	1	0.003040	14	2.402824	0.007305
test/neg/10002_3.txt	although	1	0.003135	5	3.319114	0.010405
test/pos/10001_9.txt	although	1	0.004049	5	3.319114	0.013439
test/pos/10008_8.txt	although	1	0.001042	5	3.319114	0.003459
train/neg/10000_4.txt	although	2	0.002571	5	3.319114	0.008533
train/neg/10002_1.txt	although	1	0.006536	5	3.319114	0.021694
test/neg/10000_4.txt	always	1	0.004149	3	3.724580	0.015453
test/neg/10003_3.txt	always	1	0.004219	3	3.724580	0.015714
test/pos/10008_8.txt	always	1	0.001042	3	3.724580	0.003881
test/pos/10004_9.txt	am	1	0.003175	2	4.012262	0.012739
train/neg/10000_4.txt	am	1	0.001285	2	4.012262	0.005156
train/neg/10012_1.txt	amazement	1	0.005747	1	4.417727	0.025389
test/pos/10007_10.txt	amazing	1	0.005747	1	4.417727	0.025389
test/neg/10008_4.txt	ameche	1	0.005988	1	4.417727	0.026453
test/pos/10000_7.txt	american	1	0.002841	4	3.501436	0.009948
test/pos/10003_8.txt	american	1	0.004878	4	3.501436	0.017080
train/neg/10017_4.txt	american	1	0.005525	4	3.501436	0.019345
train/pos/10009_9.txt	american	1	0.003597	4	3.501436	0.012595
train/pos/10012_8.txt	americanized	1	0.006757	1	4.417727	0.029851
test/pos/10001_9.txt	americans	1	0.004049	1	4.417727	0.017887
train/neg/10003_1.txt	amid	1	0.002494	1	4.417727	0.011018
train/pos/10008_7.txt	among	1	0.003086	1	4.417727	0.013633
test/neg/10003_3.txt	amoral	1	0.004219	1	4.417727	0.018638
test/neg/10003_3.txt	amount	1	0.004219	2	4.012262	0.016928
train/pos/10009_9.txt	amount	1	0.003597	2	4.012262	0.014432
train/pos/10004_8.txt	amuse	1	0.005747	1	4.417727	0.025389
train/neg/10017_4.txt	amusing	1	0.005525	1	4.417727	0.024408
test/neg/0_2.txt	an	1	0.005848	32	1.614366	0.009441
test/neg/10000_4.txt	an	1	0.004149	32	1.614366	0.006698
test/neg/10003_3.txt	an	2	0.008439	32	1.614366	0.013624
test/neg/10008_4.txt	an	1	0.005988	32	1.614366	0.009667
test/pos/10000_7.txt	an	2	0.005682	32	1.614366	0.009173
test/pos/10001_9.txt	an	1	0.004049	32	1.614366	0.006537
test/pos/10003_8.txt	an	2	0.009756	32	1.614366	0.015750
test/pos/10006_7.txt	an	1	0.006993	32	1.614366	0.011289
test/pos/10007_10.txt	an	2	0.011494	32	1.614366	0.018556
test/pos/10008_8.txt	an	6	0.006250	32	1.614366	0.010090
train/neg/0_3.txt	an	1	0.008772	32	1.614366	0.014161
train/neg/10000_4.txt	an	3	0.003856	32	1.614366	0.006225
train/neg/10001_4.txt	an	1	0.007042	32	1.614366	0.011368
train/neg/10002_1.txt	an	1	0.006536	32	1.614366	0.010551
train/neg/10003_1.txt	an	2	0.004988	32	1.614366	0.008052
train/neg/10005_3.txt	an	2	0.006116	32	1.614366	0.009873
train/neg/10006_4.txt	an	1	0.006289	32	1.614366	0.010153
train/neg/10013_1.txt	an	2	0.014925	32	1.614366	0.024094
train/neg/10014_2.txt	an	1	0.014925	32	1.614366	0.024094
train/neg/10015_2.txt	an	2	0.022989	32	1.614366	0.037113
train/neg/10016_4.txt	an	1	0.007576	32	1.614366	0.012230
train/neg/10017_4.txt	an	2	0.011050	32	1.614366	0.017839
train/pos/10000_8.txt	an	2	0.004556	32	1.614366	0.007355
train/pos/10005_7.txt	an	1	0.009434	32	1.614366	0.015230
train/pos/10006_7.txt	an	1	0.002994	32	1.614366	0.004833
train/pos/10007_7.txt	an	3	0.006834	32	1.614366	0.011033
train/pos/10008_7.txt	an	3	0.009259	32	1.614366	0.014947
train/pos/10009_9.txt	an	2	0.007194	32	1.614366	0.011614
train/pos/1000_8.txt	an	1	0.011905	32	1.614366	0.019219
train/pos/10010_7.txt	an	1	0.003534	32	1.614366	0.005705
train/pos/10011_9.txt	an	1	0.004525	32	1.614366	0.007305
train/pos/10014_8.txt	an	1	0.005155	32	1.614366	0.008322
test/neg/0_2.txt	and	3	0.017544	58	1.033336	0.018129
test/neg/10000_4.txt	and	9	0.037344	58	1.033336	0.038589
test/neg/10001_1.txt	and	12	0.053571	58	1.033336	0.055357
test/neg/10002_3.txt	and	15	0.047022	58	1.033336	0.048590
test/neg/10003_3.txt	and	8	0.033755	58	1.033336	0.034880
test/neg/10004_2.txt	and	4	0.033898	58	1.033336	0.035028
test/neg/10005_2.txt	and	9	0.055215	58	1.033336	0.057056
test/neg/10006_2.txt	and	4	0.027778	58	1.033336	0.028704
test/neg/10007_4.txt	and	9	0.069767	58	1.033336	0.072093
test/neg/10008_4.txt	and	4	0.023952	58	1.033336	0.024750
test/pos/0_10.txt	and	4	0.026144	58	1.033336	0.027016
test/pos/10000_7.txt	and	10	0.028409	58	1.033336	0.029356
test/pos/10001_9.txt	and	2	0.008097	58	1.033336	0.008367
test/pos/10002_8.txt	and	4	0.031250	58	1.033336	0.032292
test/pos/10003_8.txt	and	6	0.029268	58	1.033336	0.030244
test/pos/10004_9.txt	and	17	0.053968	58	1.033336	0.055767
test/pos/10005_8.txt	and	7	0.020349	58	1.033336	0.021027
test/pos/10006_7.txt	and	6	0.041958	58	1.033336	0.043357
test/pos/10007_10.txt	and	6	0.034483	58	1.033336	0.035633
test/pos/10008_8.txt	and	49	0.051042	58	1.033336	0.052744
train/neg/0_3.txt	and	1	0.008772	58	1.033336	0.009064
train/neg/10001_4.txt	and	3	0.021127	58	1.033336	0.021831
train/neg/10002_1.txt	and	6	0.039216	58	1.033336	0.040523
train/neg/10003_1.txt	and	15	0.037406	58	1.033336	0.038653
train/neg/10004_3.txt	and	3	0.028846	58	1.033336	0.029808
train/neg/10005_3.txt	and	2	0.006116	58	1.033336	0.006320
train/neg/10006_4.txt	and	4	0.025157	58	1.033336	0.025996
train/neg/10007_1.txt	and	2	0.029412	58	1.033336	0.030392
train/neg/10008_2.txt	and	7	0.024306	58	1.033336	0.025116
train/neg/10009_1.txt	and	5	0.014577	58	1.033336	0.015063
train/neg/1000_4.txt	and	4	0.027397	58	1.033336	0.028310
train/neg/10010_3.txt	and	3	0.029703	58	1.033336	0.030693
train/neg/10011_3.txt	and	4	0.028986	58	1.033336	0.029952
train/neg/10012_1.txt	and	6	0.034483	58	1.033336	0.035633
train/neg/10013_1.txt	and	2	0.014925	58	1.033336	0.015423
train/neg/10014_2.txt	and	1	0.014925	58	1.033336	0.015423
train/neg/10016_4.txt	and	2	0.015152	58	1.033336	0.015657
train/neg/10017_4.txt	and	4	0.022099	58	1.033336	0.022836
train/pos/0_9.txt	and	1	0.007143	58	1.033336	0.007381
train/pos/10000_8.txt	and	4	0.009112	58	1.033336	0.009416
train/pos/10001_10.txt	and	4	0.026667	58	1.033336	0.027556
train/pos/10002_7.txt	and	2	0.016129	58	1.033336	0.016667
train/pos/10003_8.txt	and	4	0.033058	58	1.033336	0.034160
train/pos/10004_8.txt	and	3	0.017241	58	1.033336	0.017816
train/pos/10005_7.txt	and	4	0.037736	58	1.033336	0.038994
train/pos/10006_7.txt	and	10	0.029940	58	1.033336	0.030938
train/pos/10007_7.txt	and	12	0.027335	58	1.033336	0.028246
train/pos/10008_7.txt	and	5	0.015432	58	1.033336	0.015946
train/pos/10009_9.txt	and	12	0.043165	58	1.033336	0.044604
train/pos/1000_8.txt	and	1	0.011905	58	1.033336	0.012302
train/pos/10010_7.txt	and	11	0.038869	58	1.033336	0.040165
train/pos/10011_9.txt	and	6	0.027149	58	1.033336	0.028054
train/pos/10012_8.txt	and	1	0.006757	58	1.033336	0.006982
train/pos/10013_7.txt	and	1	0.006173	58	1.033336	0.006379
train/pos/10014_8.txt	and	2	0.010309	58	1.033336	0.010653
train/pos/10015_8.txt	and	13	0.039514	58	1.033336	0.040831
train/pos/10016_8.txt	and	5	0.039062	58	1.033336	0.040364
train/pos/10017_9.txt	and	4	0.026490	58	1.033336	0.027373
train/pos/10006_7.txt	anderson	1	0.002994	3	3.724580	0.011151
train/pos/10007_7.txt	anderson	1	0.002278	3	3.724580	0.008485
train/pos/10015_8.txt	anderson	1	0.003040	3	3.724580	0.011323
test/pos/10008_8.txt	anger	1	0.001042	2	4.012262	0.004181
train/neg/10005_3.txt	anger	1	0.003058	2	4.012262	0.012269
train/neg/10006_4.txt	angie	2	0.012579	2	4.012262	0.050470
train/neg/10007_1.txt	angie	1	0.014706	2	4.012262	0.059004
train/pos/10005_7.txt	angles	1	0.009434	2	4.012262	0.037852
train/pos/1000_8.txt	angles	1	0.011905	2	4.012262	0.047766
test/pos/10007_10.txt	angry	1	0.005747	1	4.417727	0.025389
train/neg/10005_3.txt	angst	1	0.003058	2	4.012262	0.012269
train/neg/10014_2.txt	angst	1	0.014925	2	4.012262	0.059883
train/neg/10003_1.txt	angular	1	0.002494	1	4.417727	0.011018
test/pos/10000_7.txt	animated	1	0.002841	1	4.417727	0.012551
train/pos/10000_8.txt	ann	1	0.002278	4	3.501436	0.007976
train/pos/10001_10.txt	ann	1	0.006667	4	3.501436	0.023344
train/pos/10003_8.txt	ann	1	0.008264	4	3.501436	0.028936
train/pos/10007_7.txt	ann	1	0.002278	4	3.501436	0.007976
test/neg/10003_3.txt	anna	1	0.004219	3	3.724580	0.015714
train/pos/10006_7.txt	anna	1	0.002994	3	3.724580	0.011151
train/pos/10010_7.txt	anna	1	0.003534	3	3.724580	0.013163
test/neg/10001_1.txt	annoying	1	0.004464	1	4.417727	0.019721
train/neg/10000_4.txt	another	2	0.002571	4	3.501436	0.009002
train/neg/1000_4.txt	another	1	0.006849	4	3.501436	0.023981
train/pos/10009_9.txt	another	1	0.003597	4	3.501436	0.012595
train/pos/10013_7.txt	another	1	0.006173	4	3.501436	0.021614
test/pos/10006_7.txt	answer	1	0.006993	1	4.417727	0.030893
train/pos/10008_7.txt	anthony	1	0.003086	1	4.417727	0.013633
test/pos/10003_8.txt	anti	1	0.004878	3	3.724580	0.018168
test/pos/10008_8.txt	anti	1	0.001042	3	3.724580	0.003881
train/neg/10007_1.txt	anti	1	0.014706	3	3.724580	0.054774
train/pos/10007_7.txt	anticipate	1	0.002278	1	4.417727	0.010064
test/neg/0_2.txt	any	1	0.005848	10	2.712979	0.015865
test/neg/10005_2.txt	any	1	0.006135	10	2.712979	0.016644
test/pos/10006_7.txt	any	1	0.006993	10	2.712979	0.018972
test/pos/10008_8.txt	any	1	0.001042	10	2.712979	0.002827
train/neg/10000_4.txt	any	2	0.002571	10	2.712979	0.006975
train/neg/10003_1.txt	any	1	0.002494	10	2.712979	0.006766
train/neg/10011_3.txt	any	1	0.007246	10	2.712979	0.019658
train/neg/10012_1.txt	any	1	0.005747	10	2.712979	0.015591
train/pos/10007_7.txt	any	1	0.002278	10	2.712979	0.006180
train/pos/10015_8.txt	any	2	0.006079	10	2.712979	0.016492
train/neg/10001_4.txt	anybody	1	0.007042	1	4.417727	0.031110
test/neg/0_2.txt	anyone	1	0.005848	6	3.164964	0.018509
test/pos/0_10.txt	anyone	1	0.006536	6	3.164964	0.020686
test/pos/10002_8.txt	anyone	1	0.007812	6	3.164964	0.024725
train/neg/10002_1.txt	anyone	1	0.006536	6	3.164964	0.020686
train/neg/10012_1.txt	anyone	1	0.005747	6	3.164964	0.018189
train/pos/10008_7.txt	anyone	1	0.003086	6	3.164964	0.009767
train/neg/10000_4.txt	anything	1	0.001285	3	3.724580	0.004786
train/neg/10001_4.txt	anything	1	0.007042	3	3.724580	0.026228
train/pos/10001_10.txt	anything	1	0.006667	3	3.724580	0.024832
train/neg/10006_4.txt	anyway	1	0.006289	2	4.012262	0.025233
train/pos/10014_8.txt	anyway	1	0.005155	2	4.012262	0.020683
train/pos/10007_7.txt	apartment	1	0.002278	1	4.417727	0.010064
train/pos/10016_8.txt	apparent	1	0.007812	1	4.417727	0.034511
train/neg/10016_4.txt	apparently	1	0.007576	1	4.417727	0.033469
test/pos/10008_8.txt	appeal	1	0.001042	1	4.417727	0.004603
test/pos/10005_8.txt	appear	1	0.002907	1	4.417727	0.012842
test/neg/0_2.txt	appears	1	0.005848	5	3.319114	0.019410
test/pos/10003_8.txt	appears	1	0.004878	5	3.319114	0.016191
test/pos/10004_9.txt	appears	1	0.003175	5	3.319114	0.010538
train/neg/10004_3.txt	appears	1	0.009615	5	3.319114	0.031913
train/neg/10017_4.txt	appears	1	0.005525	5	3.319114	0.018338
train/neg/10004_3.txt	applauded	1	0.009615	1	4.417727	0.042476
train/neg/10008_2.txt	applause	1	0.003472	1	4.417727	0.015338
test/pos/10008_8.txt	apples	1	0.001042	1	4.417727	0.004603
train/neg/10017_4.txt	arch	1	0.005525	1	4.417727	0.024408
train/neg/10013_1.txt	arcs	1	0.007463	1	4.417727	0.032969
test/neg/0_2.txt	are	4	0.023392	32	1.614366	0.037763
test/neg/10000_4.txt	are	3	0.012448	32	1.614366	0.020096
test/neg/10001_1.txt	are	1	0.004464	32	1.614366	0.007207
test/neg/10002_3.txt	are	2	0.006270	32	1.614366	0.010122
test/neg/10003_3.txt	are	5	0.021097	32	1.614366	0.034058
test/neg/10005_2.txt	are	1	0.006135	32	1.614366	0.009904
test/neg/10008_4.txt	are	1	0.005988	32	1.614366	0.009667
test/pos/10000_7.txt	are	1	0.002841	32	1.614366	0.004586
test/pos/10001_9.txt	are	1	0.004049	32	1.614366	0.006537
test/pos/10002_8.txt	are	1	0.007812	32	1.614366	0.012611
test/pos/10003_8.txt	are	1	0.004878	32	1.614366	0.007875
test/pos/10006_7.txt	are	1	0.006993	32	1.614366	0.011289
test/pos/10008_8.txt	are	5	0.005208	32	1.614366	0.008408
train/neg/10000_4.txt	are	4	0.005141	32	1.614366	0.008299
train/neg/10004_3.txt	are	1	0.009615	32	1.614366	0.015522
train/neg/10005_3.txt	are	3	0.009174	32	1.614366	0.014810
train/neg/10008_2.txt	are	1	0.003472	32	1.614366	0.005605
train/neg/10009_1.txt	are	1	0.002915	32	1.614366	0.004706
train/neg/10010_3.txt	are	2	0.019802	32	1.614366	0.031968
train/neg/10011_3.txt	are	1	0.007246	32	1.614366	0.011698
train/neg/10012_1.txt	are	4	0.022989	32	1.614366	0.037113
train/neg/10015_2.txt	are	1	0.011494	32	1.614366	0.018556
train/neg/10017_4.txt	are	1	0.005525	32	1.614366	0.008919
train/pos/10000_8.txt	are	1	0.002278	32	1.614366	0.003678
train/pos/10001_10.txt	are	2	0.013333	32	1.614366	0.021524
train/pos/10002_7.txt	are	1	0.008065	32	1.614366	0.013020
train/pos/10005_7.txt	are	1	0.009434	32	1.614366	0.015230
train/pos/10006_7.txt	are	1	0.002994	32	1.614366	0.004833
train/pos/10009_9.txt	are	3	0.010791	32	1.614366	0.017421
train/pos/10010_7.txt	are	3	0.010601	32	1.614366	0.017114
train/pos/10015_8.txt	are	2	0.006079	32	1.614366	0.009814
train/pos/10016_8.txt	are	3	0.023438	32	1.614366	0.037838
train/neg/10000_4.txt	aren	1	0.001285	1	4.417727	0.005677
test/neg/10008_4.txt	argentina	1	0.005988	1	4.417727	0.026453
train/neg/10011_3.txt	argument	1	0.007246	1	4.417727	0.032011
test/pos/10008_8.txt	arise	1	0.001042	2	4.012262	0.004181
train/pos/10006_7.txt	arise	1	0.002994	2	4.012262	0.012013
test/neg/10003_3.txt	aristocratic	1	0.004219	1	4.417727	0.018638
test/pos/10000_7.txt	aristocrats	1	0.002841	1	4.417727	0.012551
train/pos/10006_7.txt	armistead	1	0.002994	4	3.501436	0.010483
train/pos/10007_7.txt	armistead	1	0.002278	4	3.501436	0.007976
train/pos/10009_9.txt	armistead	2	0.007194	4	3.501436	0.025189
train/pos/10015_8.txt	armistead	1	0.003040	4	3.501436	0.010644
test/pos/10005_8.txt	arms	1	0.002907	1	4.417727	0.012842
test/neg/0_2.txt	around	1	0.005848	5	3.319114	0.019410
test/neg/10003_3.txt	around	1	0.004219	5	3.319114	0.014003
test/neg/10008_4.txt	around	1	0.005988	5	3.319114	0.019875
train/neg/10009_1.txt	around	1	0.002915	5	3.319114	0.009675
train/pos/10009_9.txt	around	1	0.003597	5	3.319114	0.011939
train/pos/10014_8.txt	arrange	1	0.005155	1	4.417727	0.022773
test/pos/10008_8.txt	arrive	1	0.001042	2	4.012262	0.004181
train/neg/10016_4.txt	arrive	1	0.007576	2	4.012262	0.030397
train/neg/10017_4.txt	arriving	1	0.005525	1	4.417727	0.024408
test/pos/10004_9.txt	art	1	0.003175	5	3.319114	0.010538
test/pos/10008_8.txt	art	1	0.001042	5	3.319114	0.003459
train/neg/10002_1.txt	art	1	0.006536	5	3.319114	0.021694
train/pos/10005_7.txt	art	1	0.009434	5	3.319114	0.031313
train/pos/10009_9.txt	art	1	0.003597	5	3.319114	0.011939
test/pos/10008_8.txt	artist	2	0.002083	1	4.417727	0.009202
train/neg/10008_2.txt	artistic	1	0.003472	1	4.417727	0.015338
test/pos/10004_9.txt	artistically	1	0.003175	1	4.417727	0.014026
test/pos/10008_8.txt	arts	1	0.001042	1	4.417727	0.004603
test/neg/0_2.txt	as	1	0.005848	39	1.421994	0.008316
test/neg/10001_1.txt	as	2	0.008929	39	1.421994	0.012697
test/neg/10002_3.txt	as	2	0.006270	39	1.421994	0.008916
test/neg/10005_2.txt	as	2	0.012270	39	1.421994	0.017448
test/neg/10006_2.txt	as	1	0.006944	39	1.421994	0.009874
test/neg/10007_4.txt	as	2	0.015504	39	1.421994	0.022047
test/neg/10008_4.txt	as	1	0.005988	39	1.421994	0.008515
test/pos/0_10.txt	as	1	0.006536	39	1.421994	0.009294
test/pos/10000_7.txt	as	2	0.005682	39	1.421994	0.008080
test/pos/10001_9.txt	as	3	0.012146	39	1.421994	0.017272
test/pos/10002_8.txt	as	2	0.015625	39	1.421994	0.022219
test/pos/10003_8.txt	as	3	0.014634	39	1.421994	0.020809
test/pos/10005_8.txt	as	7	0.020349	39	1.421994	0.028936
test/pos/10006_7.txt	as	2	0.013986	39	1.421994	0.019888
test/pos/10007_10.txt	as	1	0.005747	39	1.421994	0.008172
test/pos/10008_8.txt	as	11	0.011458	39	1.421994	0.016293
train/neg/10000_4.txt	as	11	0.014139	39	1.421994	0.020106
train/neg/10001_4.txt	as	1	0.007042	39	1.421994	0.010014
train/neg/10003_1.txt	as	1	0.002494	39	1.421994	0.003546
train/neg/10006_4.txt	as	1	0.006289	39	1.421994	0.008943
train/neg/10007_1.txt	as	2	0.029412	39	1.421994	0.041824
train/neg/10008_2.txt	as	4	0.013889	39	1.421994	0.019750
train/neg/10009_1.txt	as	3	0.008746	39	1.421994	0.012437
train/neg/10016_4.txt	as	1	0.007576	39	1.421994	0.010773
train/pos/0_9.txt	as	2	0.014286	39	1.421994	0.020315
train/pos/10000_8.txt	as	5	0.011390	39	1.421994	0.016197
train/pos/10001_10.txt	as	3	0.020000	39	1.421994	0.028440
train/pos/10002_7.txt	as	2	0.016129	39	1.421994	0.022935
train/pos/10004_8.txt	as	1	0.005747	39	1.421994	0.008172
train/pos/10006_7.txt	as	4	0.011976	39	1.421994	0.017030
train/pos/10007_7.txt	as	2	0.004556	39	1.421994	0.006479
train/pos/10008_7.txt	as	3	0.009259	39	1.421994	0.013166
train/pos/10009_9.txt	as	4	0.014388	39	1.421994	0.020460
train/pos/1000_8.txt	as	1	0.011905	39	1.421994	0.016929
train/pos/10010_7.txt	as	2	0.007067	39	1.421994	0.010049
train/pos/10011_9.txt	as	1	0.004525	39	1.421994	0.006435
train/pos/10013_7.txt	as	1	0.006173	39	1.421994	0.008778
train/pos/10014_8.txt	as	3	0.015464	39	1.421994	0.021990
train/pos/10016_8.txt	as	1	0.007812	39	1.421994	0.011109
train/pos/10006_7.txt	ashe	1	0.002994	2	4.012262	0.012013
train/pos/10007_7.txt	ashe	1	0.002278	2	4.012262	0.009140
test/neg/0_2.txt	ashton	1	0.005848	2	4.012262	0.023464
test/pos/0_10.txt	ashton	1	0.006536	2	4.012262	0.026224
test/neg/0_2.txt	aside	1	0.005848	1	4.417727	0.025835
train/pos/10010_7.txt	asks	1	0.003534	1	4.417727	0.015612
test/neg/10008_4.txt	asleep	1	0.005988	1	4.417727	0.026453
test/neg/10004_2.txt	aspect	1	0.008475	2	4.012262	0.034004
test/pos/10006_7.txt	aspect	1	0.006993	2	4.012262	0.028058
test/pos/10006_7.txt	aspects	1	0.006993	1	4.417727	0.030893
train/pos/10007_7.txt	associates	1	0.002278	1	4.417727	0.010064
test/pos/10008_8.txt	assumed	1	0.001042	1	4.417727	0.004603
test/neg/10003_3.txt	astonishing	1	0.004219	1	4.417727	0.018638
test/neg/10000_4.txt	at	3	0.012448	29	1.709676	0.021282
test/neg/10001_1.txt	at	2	0.008929	29	1.709676	0.015266
test/neg/10002_3.txt	at	1	0.003135	29	1.709676	0.005360
test/neg/10004_2.txt	at	2	0.016949	29	1.709676	0.028977
test/neg/10005_2.txt	at	2	0.012270	29	1.709676	0.020978
test/pos/10000_7.txt	at	1	0.002841	29	1.709676	0.004857
test/pos/10001_9.txt	at	2	0.008097	29	1.709676	0.013843
test/pos/10003_8.txt	at	1	0.004878	29	1.709676	0.008340
test/pos/10004_9.txt	at	4	0.012698	29	1.709676	0.021709
test/pos/10005_8.txt	at	2	0.005814	29	1.709676	0.009940
test/pos/10007_10.txt	at	1	0.005747	29	1.709676	0.009826
test/pos/10008_8.txt	at	1	0.001042	29	1.709676	0.001781
train/neg/10001_4.txt	at	2	0.014085	29	1.709676	0.024081
train/neg/10002_1.txt	at	1	0.006536	29	1.709676	0.011174
train/neg/10005_3.txt	at	1	0.003058	29	1.709676	0.005228
train/neg/10007_1.txt	at	2	0.029412	29	1.709676	0.050285
train/neg/10008_2.txt	at	2	0.006944	29	1.709676	0.011872
train/neg/1000_4.txt	at	1	0.006849	29	1.709676	0.011710
train/neg/10010_3.txt	at	1	0.009901	29	1.709676	0.016928
train/neg/10014_2.txt	at	1	0.014925	29	1.709676	0.025517
train/neg/10016_4.txt	at	1	0.007576	29	1.709676	0.012953
train/neg/10017_4.txt	at	2	0.011050	29	1.709676	0.018892
train/pos/0_9.txt	at	2	0.014286	29	1.709676	0.024424
train/pos/10008_7.txt	at	3	0.009259	29	1.709676	0.015830
train/pos/10010_7.txt	at	1	0.003534	29	1.709676	0.006042
train/pos/10014_8.txt	at	2	0.010309	29	1.709676	0.017625
train/pos/10015_8.txt	at	1	0.003040	29	1.709676	0.005197
train/pos/10016_8.txt	at	1	0.007812	29	1.709676	0.013356
train/pos/10017_9.txt	at	1	0.006623	29	1.709676	0.011323
test/pos/10000_7.txt	atmosphere	1	0.002841	1	4.417727	0.012551
train/neg/10005_3.txt	attempt	1	0.003058	3	3.724580	0.011390
train/neg/10007_1.txt	attempt	1	0.014706	3	3.724580	0.054774
train/neg/10008_2.txt	attempt	1	0.003472	3	3.724580	0.012932
test/pos/10001_9.txt	attempts	1	0.004049	3	3.724580	0.015081
train/neg/10009_1.txt	attempts	1	0.002915	3	3.724580	0.010857
train/pos/10004_8.txt	attempts	1	0.005747	3	3.724580	0.021405
train/pos/10006_7.txt	attendants	1	0.002994	1	4.417727	0.013227
train/pos/10014_8.txt	attention	1	0.005155	1	4.417727	0.022773
test/neg/10003_3.txt	attractive	2	0.008439	2	4.012262	0.033859
test/neg/10005_2.txt	attractive	1	0.006135	2	4.012262	0.024615
test/pos/10000_7.txt	audience	1	0.002841	7	3.031432	0.008612
test/pos/10005_8.txt	audience	1	0.002907	7	3.031432	0.008812
train/neg/0_3.txt	audience	1	0.008772	7	3.031432	0.026592
train/neg/10003_1.txt	audience	1	0.002494	7	3.031432	0.007560
train/pos/10003_8.txt	audience	1	0.008264	7	3.031432	0.025052
train/pos/10011_9.txt	audience	2	0.009050	7	3.031432	0.027434
train/pos/10016_8.txt	audience	1	0.007812	7	3.031432	0.023682
train/pos/10010_7.txt	audiences	1	0.003534	1	4.417727	0.015612
test/neg/10008_4.txt	aunt	1	0.005988	1	4.417727	0.026453
train/neg/10005_3.txt	aural	1	0.003058	1	4.417727	0.013509
train/pos/10010_7.txt	authentic	1	0.003534	1	4.417727	0.015612
train/neg/10017_4.txt	auto	1	0.005525	1	4.417727	0.024408
train/pos/10008_7.txt	autobiography	1	0.003086	1	4.417727	0.013633
train/neg/10013_1.txt	automatically	1	0.007463	1	4.417727	0.032969
test/pos/10008_8.txt	available	1	0.001042	1	4.417727	0.004603
test/pos/10000_7.txt	average	1	0.002841	2	4.012262	0.011399
train/pos/10009_9.txt	average	1	0.003597	2	4.012262	0.014432
train/pos/10009_9.txt	avoid	1	0.003597	1	4.417727	0.015891
train/neg/10000_4.txt	await	1	0.001285	1	4.417727	0.005677
test/pos/10004_9.txt	award	2	0.006349	4	3.501436	0.022231
train/neg/10000_4.txt	award	1	0.001285	4	3.501436	0.004499
train/pos/10006_7.txt	award	1	0.002994	4	3.501436	0.010483
train/pos/10008_7.txt	award	1	0.003086	4	3.501436	0.010805
train/pos/10006_7.txt	awards	1	0.002994	1	4.417727	0.013227
test/neg/10002_3.txt	aware	1	0.003135	2	4.012262	0.012578
test/neg/10005_2.txt	aware	1	0.006135	2	4.012262	0.024615
test/neg/10001_1.txt	away	1	0.004464	3	3.724580	0.016627
train/neg/1000_4.txt	away	1	0.006849	3	3.724580	0.025510
train/pos/10013_7.txt	away	2	0.012346	3	3.724580	0.045984
test/neg/10006_2.txt	awful	1	0.006944	3	3.724580	0.025863
test/neg/10008_4.txt	awful	1	0.005988	3	3.724580	0.022303
train/neg/10012_1.txt	awful	1	0.005747	3	3.724580	0.021405
train/neg/10017_4.txt	b	1	0.005525	1	4.417727	0.024408
train/neg/10003_1.txt	babble	1	0.002494	1	4.417727	0.011018
train/neg/10009_1.txt	bacall	1	0.002915	2	4.012262	0.011696
train/neg/10013_1.txt	bacall	1	0.007463	2	4.012262	0.029944
test/neg/10002_3.txt	back	2	0.006270	7	3.031432	0.019007
test/pos/10004_9.txt	back	1	0.003175	7	3.031432	0.009625
test/pos/10005_8.txt	back	1	0.002907	7	3.031432	0.008812
test/pos/10008_8.txt	back	5	0.005208	7	3.031432	0.015788
train/neg/10000_4.txt	back	1	0.001285	7	3.031432	0.003895
train/pos/10005_7.txt	back	1	0.009434	7	3.031432	0.028599
train/pos/10015_8.txt	back	1	0.003040	7	3.031432	0.009216
test/pos/10004_9.txt	backdrop	1	0.003175	2	4.012262	0.012739
train/neg/10003_1.txt	backdrop	1	0.002494	2	4.012262	0.010007
test/pos/10000_7.txt	background	1	0.002841	2	4.012262	0.011399
train/neg/10000_4.txt	background	1	0.001285	2	4.012262	0.005156
train/pos/10007_7.txt	backgrounds	1	0.002278	1	4.417727	0.010064
test/neg/10008_4.txt	backlot	1	0.005988	1	4.417727	0.026453
train/neg/10000_4.txt	bad	1	0.001285	7	3.031432	0.003895
train/neg/10008_2.txt	bad	1	0.003472	7	3.031432	0.010525
train/neg/10009_1.txt	bad	4	0.011662	7	3.031432	0.035353
train/neg/10012_1.txt	bad	1	0.005747	7	3.031432	0.017422
train/pos/10009_9.txt	bad	1	0.003597	7	3.031432	0.010904
train/pos/10013_7.txt	bad	1	0.006173	7	3.031432	0.018713
train/pos/10015_8.txt	bad	1	0.003040	7	3.031432	0.009216
test/neg/10004_2.txt	badly	1	0.008475	2	4.012262	0.034004
train/neg/10000_4.txt	badly	1	0.001285	2	4.012262	0.005156
train/neg/10007_1.txt	bag	1	0.014706	1	4.417727	0.064967
train/neg/10003_1.txt	baked	1	0.002494	1	4.417727	0.011018
train/pos/10007_7.txt	baker	1	0.002278	1	4.417727	0.010064
train/neg/10000_4.txt	bang	1	0.001285	1	4.417727	0.005677
test/pos/10008_8.txt	bangs	1	0.001042	1	4.417727	0.004603
test/pos/10008_8.txt	banishes	1	0.001042	1	4.417727	0.004603
train/neg/10000_4.txt	banker	1	0.001285	1	4.417727	0.005677
test/neg/10000_4.txt	barely	1	0.004149	3	3.724580	0.015453
train/neg/10000_4.txt	barely	1	0.001285	3	3.724580	0.004786
train/neg/10009_1.txt	barely	1	0.002915	3	3.724580	0.010857
test/neg/10005_2.txt	based	1	0.006135	7	3.031432	0.018598
test/pos/10000_7.txt	based	1	0.002841	7	3.031432	0.008612
test/pos/10004_9.txt	based	1	0.003175	7	3.031432	0.009625
train/pos/10006_7.txt	based	1	0.002994	7	3.031432	0.009076
train/pos/10007_7.txt	based	2	0.004556	7	3.031432	0.013811
train/pos/10008_7.txt	based	1	0.003086	7	3.031432	0.009355
train/pos/10015_8.txt	based	1	0.003040	7	3.031432	0.009216
test/neg/10002_3.txt	basic	1	0.003135	2	4.012262	0.012578
train/neg/10005_3.txt	basic	2	0.006116	2	4.012262	0.024539
test/neg/10003_3.txt	basically	1	0.004219	2	4.012262	0.016928
train/neg/1000_4.txt	basically	1	0.006849	2	4.012262	0.027480
train/neg/10006_4.txt	bath	1	0.006289	1	4.417727	0.027783
train/pos/10000_8.txt	bathroom	1	0.002278	1	4.417727	0.010064
test/pos/10001_9.txt	battles	1	0.004049	1	4.417727	0.017887
test/neg/0_2.txt	be	2	0.011696	32	1.614366	0.018882
test/neg/10003_3.txt	be	1	0.004219	32	1.614366	0.006811
test/neg/10004_2.txt	be	1	0.008475	32	1.614366	0.013682
test/neg/10005_2.txt	be	1	0.006135	32	1.614366	0.009904
test/neg/10006_2.txt	be	2	0.013889	32	1.614366	0.022422
test/pos/10000_7.txt	be	1	0.002841	32	1.614366	0.004586
test/pos/10002_8.txt	be	2	0.015625	32	1.614366	0.025224
test/pos/10005_8.txt	be	2	0.005814	32	1.614366	0.009386
test/pos/10008_8.txt	be	4	0.004167	32	1.614366	0.006727
train/neg/0_3.txt	be	2	0.017544	32	1.614366	0.028322
train/neg/10000_4.txt	be	1	0.001285	32	1.614366	0.002074
train/neg/10002_1.txt	be	1	0.006536	32	1.614366	0.010551
train/neg/10003_1.txt	be	1	0.002494	32	1.614366	0.004026
train/neg/10005_3.txt	be	1	0.003058	32	1.614366	0.004937
train/neg/10006_4.txt	be	1	0.006289	32	1.614366	0.010153
train/neg/10008_2.txt	be	1	0.003472	32	1.614366	0.005605
train/neg/10009_1.txt	be	2	0.005831	32	1.614366	0.009413
train/neg/1000_4.txt	be	1	0.006849	32	1.614366	0.011057
train/neg/10011_3.txt	be	2	0.014493	32	1.614366	0.023397
train/neg/10012_1.txt	be	3	0.017241	32	1.614366	0.027833
train/neg/10013_1.txt	be	1	0.007463	32	1.614366	0.012048
train/neg/10015_2.txt	be	1	0.011494	32	1.614366	0.018556
train/neg/10017_4.txt	be	1	0.005525	32	1.614366	0.008919
train/pos/10000_8.txt	be	4	0.009112	32	1.614366	0.014710
train/pos/10006_7.txt	be	5	0.014970	32	1.614366	0.024167
train/pos/10007_7.txt	be	1	0.002278	32	1.614366	0.003678
train/pos/10008_7.txt	be	3	0.009259	32	1.614366	0.014947
train/pos/10009_9.txt	be	1	0.003597	32	1.614366	0.005807
train/pos/10010_7.txt	be	2	0.007067	32	1.614366	0.011409
train/pos/10011_9.txt	be	2	0.009050	32	1.614366	0.014610
train/pos/10012_8.txt	be	1	0.006757	32	1.614366	0.010908
train/pos/10015_8.txt	be	1	0.003040	32	1.614366	0.004908
train/neg/10005_3.txt	beach	1	0.003058	1	4.417727	0.013509
train/neg/10010_3.txt	bearable	1	0.009901	1	4.417727	0.043740
test/neg/10006_2.txt	beat	1	0.006944	1	4.417727	0.030677
test/neg/10005_2.txt	beatings	1	0.006135	1	4.417727	0.027103
test/neg/10002_3.txt	beatles	1	0.003135	3	3.724580	0.011677
test/pos/10006_7.txt	beatles	1	0.006993	3	3.724580	0.026046
test/pos/10008_8.txt	beatles	1	0.001042	3	3.724580	0.003881
train/neg/10006_4.txt	beautiful	1	0.006289	1	4.417727	0.027783
test/pos/10001_9.txt	beauty	1	0.004049	1	4.417727	0.017887
test/pos/0_10.txt	because	1	0.006536	12	2.545925	0.016640
test/pos/10000_7.txt	because	2	0.005682	12	2.545925	0.014466
test/pos/10002_8.txt	because	1	0.007812	12	2.545925	0.019889
test/pos/10007_10.txt	because	3	0.017241	12	2.545925	0.043894
train/neg/10011_3.txt	because	1	0.007246	12	2.545925	0.018448
train/neg/10015_2.txt	because	1	0.011494	12	2.545925	0.029263
train/pos/10008_7.txt	because	1	0.003086	12	2.545925	0.007857
train/pos/10009_9.txt	because	1	0.003597	12	2.545925	0.009158
train/pos/10010_7.txt	because	1	0.003534	12	2.545925	0.008997
train/pos/10011_9.txt	because	1	0.004525	12	2.545925	0.011520
train/pos/10013_7.txt	because	1	0.006173	12	2.545925	0.015716
train/pos/10016_8.txt	because	1	0.007812	12	2.545925	0.019889
train/pos/10007_7.txt	becky	1	0.002278	1	4.417727	0.010064
test/pos/10008_8.txt	become	1	0.001042	2	4.012262	0.004181
train/neg/10000_4.txt	become	1	0.001285	2	4.012262	0.005156
test/pos/10008_8.txt	becomes	1	0.001042	6	3.164964	0.003298
train/neg/10011_3.txt	becomes	1	0.007246	6	3.164964	0.022933
train/pos/10006_7.txt	becomes	1	0.002994	6	3.164964	0.009476
train/pos/10007_7.txt	becomes	1	0.002278	6	3.164964	0.007210
train/pos/10014_8.txt	becomes	1	0.005155	6	3.164964	0.016315
train/pos/10015_8.txt	becomes	1	0.003040	6	3.164964	0.009621
train/neg/10005_3.txt	becoming	1	0.003058	1	4.417727	0.013509
train/neg/10010_3.txt	bed	1	0.009901	1	4.417727	0.043740
test/neg/10002_3.txt	been	1	0.003135	16	2.277661	0.007140
test/neg/10004_2.txt	been	1	0.008475	16	2.277661	0.019303
test/pos/10005_8.txt	been	1	0.002907	16	2.277661	0.006621
train/neg/10000_4.txt	been	2	0.002571	16	2.277661	0.005856
train/neg/10001_4.txt	been	2	0.014085	16	2.277661	0.032081
train/neg/10006_4.txt	been	1	0.006289	16	2.277661	0.014324
train/neg/10008_2.txt	been	1	0.003472	16	2.277661	0.007908
train/neg/10009_1.txt	been	3	0.008746	16	2.277661	0.019920
train/pos/10000_8.txt	been	1	0.002278	16	2.277661	0.005189
train/pos/10003_8.txt	been	2	0.016529	16	2.277661	0.037647
train/pos/10006_7.txt	been	1	0.002994	16	2.277661	0.006819
train/pos/10008_7.txt	been	2	0.006173	16	2.277661	0.014060
train/pos/10009_9.txt	been	1	0.003597	16	2.277661	0.008193
train/pos/10010_7.txt	been	1	0.003534	16	2.277661	0.008049
train/pos/10013_7.txt	been	1	0.006173	16	2.277661	0.014060
train/pos/10014_8.txt	been	1	0.005155	16	2.277661	0.011741
test/neg/10001_1.txt	before	1	0.004464	9	2.808289	0.012536
test/pos/0_10.txt	before	1	0.006536	9	2.808289	0.018355
test/pos/10002_8.txt	before	1	0.007812	9	2.808289	0.021938
test/pos/10008_8.txt	before	1	0.001042	9	2.808289	0.002926
train/neg/10010_3.txt	before	1	0.009901	9	2.808289	0.027805
train/pos/10000_8.txt	before	2	0.004556	9	2.808289	0.012795
train/pos/10009_9.txt	before	2	0.007194	9	2.808289	0.020203
train/pos/10012_8.txt	before	1	0.006757	9	2.808289	0.018976
train/pos/10014_8.txt	before	1	0.005155	9	2.808289	0.014477
test/pos/10008_8.txt	begin	1	0.001042	1	4.417727	0.004603
test/pos/10000_7.txt	beginning	1	0.002841	3	3.724580	0.010582
train/neg/10009_1.txt	beginning	2	0.005831	3	3.724580	0.021718
train/neg/1000_4.txt	beginning	1	0.006849	3	3.724580	0.025510
train/neg/10013_1.txt	behavior	1	0.007463	1	4.417727	0.032969
test/pos/10000_7.txt	behind	1	0.002841	2	4.012262	0.011399
train/neg/10000_4.txt	behind	1	0.001285	2	4.012262	0.005156
test/pos/10006_7.txt	beijing	1	0.006993	2	4.012262	0.028058
test/pos/10008_8.txt	beijing	2	0.002083	2	4.012262	0.008358
test/neg/10006_2.txt	being	1	0.006944	18	2.166435	0.015044
test/neg/10007_4.txt	being	1	0.007752	18	2.166435	0.016794
test/pos/0_10.txt	being	1	0.006536	18	2.166435	0.014160
test/pos/10001_9.txt	being	3	0.012146	18	2.166435	0.026314
test/pos/10004_9.txt	being	2	0.006349	18	2.166435	0.013755
test/pos/10005_8.txt	being	1	0.002907	18	2.166435	0.006298
test/pos/10007_10.txt	being	1	0.005747	18	2.166435	0.012451
test/pos/10008_8.txt	being	3	0.003125	18	2.166435	0.006770
train/neg/10000_4.txt	being	1	0.001285	18	2.166435	0.002784
train/neg/10001_4.txt	being	1	0.007042	18	2.166435	0.015256
train/neg/10005_3.txt	being	1	0.003058	18	2.166435	0.006625
train/neg/10008_2.txt	being	1	0.003472	18	2.166435	0.007522
train/neg/10009_1.txt	being	2	0.005831	18	2.166435	0.012632
train/pos/10000_8.txt	being	2	0.004556	18	2.166435	0.009870
train/pos/10001_10.txt	being	3	0.020000	18	2.166435	0.043329
train/pos/10007_7.txt	being	1	0.002278	18	2.166435	0.004935
train/pos/10009_9.txt	being	1	0.003597	18	2.166435	0.007793
train/pos/10013_7.txt	being	1	0.006173	18	2.166435	0.013373
test/pos/10004_9.txt	believable	1	0.003175	5	3.319114	0.010538
train/neg/10008_2.txt	believable	1	0.003472	5	3.319114	0.011524
train/pos/10006_7.txt	believable	1	0.002994	5	3.319114	0.009937
train/pos/10011_9.txt	believable	1	0.004525	5	3.319114	0.015019
train/pos/10013_7.txt	believable	1	0.006173	5	3.319114	0.020489
train/pos/0_9.txt	believe	1	0.007143	3	3.724580	0.026605
train/pos/10007_7.txt	believe	1	0.002278	3	3.724580	0.008485
train/pos/10009_9.txt	believe	1	0.003597	3	3.724580	0.013397
train/neg/10000_4.txt	belonging	1	0.001285	1	4.417727	0.005677
train/pos/10006_7.txt	belongs	1	0.002994	2	4.012262	0.012013
train/pos/10010_7.txt	belongs	1	0.003534	2	4.012262	0.014179
test/pos/0_10.txt	ben	1	0.006536	1	4.417727	0.028874
train/pos/10006_7.txt	benefit	1	0.002994	1	4.417727	0.013227
train/neg/10002_1.txt	bergman	1	0.006536	4	3.501436	0.022885
train/neg/10003_1.txt	bergman	1	0.002494	4	3.501436	0.008733
train/neg/10004_3.txt	bergman	3	0.028846	4	3.501436	0.101002
train/neg/10005_3.txt	bergman	2	0.006116	4	3.501436	0.021415
train/neg/10003_1.txt	berman	1	0.002494	1	4.417727	0.011018
train/neg/10000_4.txt	bermuda	1	0.001285	1	4.417727	0.005677
test/neg/0_2.txt	best	1	0.005848	16	2.277661	0.013320
test/neg/10003_3.txt	best	1	0.004219	16	2.277661	0.009609
test/pos/10001_9.txt	best	1	0.004049	16	2.277661	0.009222
test/pos/10003_8.txt	best	1	0.004878	16	2.277661	0.011110
test/pos/10005_8.txt	best	2	0.005814	16	2.277661	0.013242
train/neg/10000_4.txt	best	1	0.001285	16	2.277661	0.002927
train/neg/10003_1.txt	best	1	0.002494	16	2.277661	0.005680
train/neg/10005_3.txt	best	1	0.003058	16	2.277661	0.006965
train/neg/10007_1.txt	best	1	0.014706	16	2.277661	0.033495
train/pos/10001_10.txt	best	1	0.006667	16	2.277661	0.015185
train/pos/10003_8.txt	best	1	0.008264	16	2.277661	0.018823
train/pos/10006_7.txt	best	1	0.002994	16	2.277661	0.006819
train/pos/10008_7.txt	best	3	0.009259	16	2.277661	0.021089
train/pos/10010_7.txt	best	1	0.003534	16	2.277661	0.008049
train/pos/10011_9.txt	best	1	0.004525	16	2.277661	0.010306
train/pos/10012_8.txt	best	1	0.006757	16	2.277661	0.015390
train/pos/10000_8.txt	bet	4	0.009112	1	4.417727	0.040254
train/neg/10005_3.txt	beth	1	0.003058	1	4.417727	0.013509
test/neg/0_2.txt	better	1	0.005848	13	2.471817	0.014455
test/neg/10000_4.txt	better	3	0.012448	13	2.471817	0.030769
test/pos/10000_7.txt	better	1	0.002841	13	2.471817	0.007022
test/pos/10002_8.txt	better	1	0.007812	13	2.471817	0.019310
train/neg/0_3.txt	better	1	0.008772	13	2.471817	0.021683
train/neg/10007_1.txt	better	1	0.014706	13	2.471817	0.036351
train/neg/10010_3.txt	better	1	0.009901	13	2.471817	0.024473
train/neg/10013_1.txt	better	1	0.007463	13	2.471817	0.018447
train/pos/10001_10.txt	better	1	0.006667	13	2.471817	0.016480
train/pos/10009_9.txt	better	1	0.003597	13	2.471817	0.008891
train/pos/10011_9.txt	better	1	0.004525	13	2.471817	0.011185
train/pos/10013_7.txt	better	1	0.006173	13	2.471817	0.015259
train/pos/10016_8.txt	better	3	0.023438	13	2.471817	0.057934
test/neg/10008_4.txt	betty	2	0.011976	1	4.417727	0.052907
test/neg/10005_2.txt	between	1	0.006135	5	3.319114	0.020363
test/pos/10008_8.txt	between	2	0.002083	5	3.319114	0.006914
train/neg/10003_1.txt	between	1	0.002494	5	3.319114	0.008278
train/neg/1000_4.txt	between	1	0.006849	5	3.319114	0.022733
train/pos/10000_8.txt	between	1	0.002278	5	3.319114	0.007561
train/neg/10003_1.txt	beyond	2	0.004988	1	4.417727	0.022036
test/pos/10005_8.txt	biased	1	0.002907	1	4.417727	0.012842
test/pos/10005_8.txt	bicycle	1	0.002907	1	4.417727	0.012842
test/neg/10001_1.txt	big	1	0.004464	6	3.164964	0.014128
test/neg/10007_4.txt	big	1	0.007752	6	3.164964	0.024535
test/neg/10008_4.txt	big	1	0.005988	6	3.164964	0.018952
test/pos/10004_9.txt	big	1	0.003175	6	3.164964	0.010049
test/pos/10008_8.txt	big	1	0.001042	6	3.164964	0.003298
train/pos/10001_10.txt	big	1	0.006667	6	3.164964	0.021101
train/neg/10017_4.txt	biggest	1	0.005525	1	4.417727	0.024408
test/pos/10007_10.txt	bike	1	0.005747	2	4.012262	0.023058
test/pos/10008_8.txt	bike	1	0.001042	2	4.012262	0.004181
test/neg/10000_4.txt	bill	2	0.008299	5	3.319114	0.027545
test/neg/10001_1.txt	bill	1	0.004464	5	3.319114	0.014817
test/neg/10002_3.txt	bill	1	0.003135	5	3.319114	0.010405
test/pos/10000_7.txt	bill	1	0.002841	5	3.319114	0.009430
test/pos/10003_8.txt	bill	1	0.004878	5	3.319114	0.016191
test/neg/10001_1.txt	billies	1	0.004464	1	4.417727	0.019721
train/neg/10016_4.txt	bird	1	0.007576	1	4.417727	0.033469
test/neg/10008_4.txt	bit	1	0.005988	5	3.319114	0.019875
train/neg/10000_4.txt	bit	1	0.001285	5	3.319114	0.004265
train/pos/10003_8.txt	bit	1	0.008264	5	3.319114	0.027429
train/pos/10007_7.txt	bit	1	0.002278	5	3.319114	0.007561
train/pos/10015_8.txt	bit	1	0.003040	5	3.319114	0.010090
train/neg/10007_1.txt	bitchy	1	0.014706	1	4.417727	0.064967
train/pos/10017_9.txt	bits	1	0.006623	1	4.417727	0.029259
train/pos/10010_7.txt	bizarre	1	0.003534	1	4.417727	0.015612
test/neg/10001_1.txt	black	1	0.004464	4	3.501436	0.015630
test/neg/10003_3.txt	black	1	0.004219	4	3.501436	0.014773
test/pos/10000_7.txt	black	1	0.002841	4	3.501436	0.009948
test/pos/10008_8.txt	black	1	0.001042	4	3.501436	0.003648
train/neg/10015_2.txt	blaisdell	2	0.022989	1	4.417727	0.101559
train/neg/10006_4.txt	blame	1	0.006289	2	4.012262	0.025233
train/neg/10011_3.txt	blame	1	0.007246	2	4.012262	0.029073
train/neg/10000_4.txt	bland	1	0.001285	1	4.417727	0.005677
train/pos/10000_8.txt	blazing	1	0.002278	2	4.012262	0.009140
train/pos/10001_10.txt	blazing	1	0.006667	2	4.012262	0.026750
train/pos/10001_10.txt	bleeds	1	0.006667	1	4.417727	0.029453
train/neg/10009_1.txt	bleibtreau	1	0.002915	1	4.417727	0.012878
train/pos/10008_7.txt	bless	1	0.003086	1	4.417727	0.013633
train/pos/10006_7.txt	blindness	1	0.002994	1	4.417727	0.013227
train/neg/10012_1.txt	blockbuster	1	0.005747	1	4.417727	0.025389
test/neg/10008_4.txt	blonde	1	0.005988	1	4.417727	0.026453
test/neg/10005_2.txt	blood	2	0.012270	1	4.417727	0.054206
test/pos/10008_8.txt	bloody	1	0.001042	1	4.417727	0.004603
test/pos/10005_8.txt	blow	1	0.002907	2	4.012262	0.011664
train/neg/10002_1.txt	blow	1	0.006536	2	4.012262	0.026224
test/pos/10008_8.txt	blue	1	0.001042	1	4.417727	0.004603
test/pos/10008_8.txt	board	1	0.001042	2	4.012262	0.004181
train/neg/10000_4.txt	board	1	0.001285	2	4.012262	0.005156
train/pos/10006_7.txt	bobby	1	0.002994	6	3.164964	0.009476
train/pos/10007_7.txt	bobby	1	0.002278	6	3.164964	0.007210
train/pos/10009_9.txt	bobby	1	0.003597	6	3.164964	0.011384
train/pos/10010_7.txt	bobby	1	0.003534	6	3.164964	0.011185
train/pos/10014_8.txt	bobby	1	0.005155	6	3.164964	0.016315
train/pos/10015_8.txt	bobby	1	0.003040	6	3.164964	0.009621
train/neg/10000_4.txt	bodies	1	0.001285	1	4.417727	0.005677
test/pos/10008_8.txt	body	1	0.001042	1	4.417727	0.004603
train/pos/10007_7.txt	boiler	1	0.002278	1	4.417727	0.010064
train/pos/10000_8.txt	bolt	7	0.015945	2	4.012262	0.063976
train/pos/10001_10.txt	bolt	1	0.006667	2	4.012262	0.026750
train/pos/10008_7.txt	bombed	1	0.003086	1	4.417727	0.013633
train/neg/10008_2.txt	bondage	1	0.003472	1	4.417727	0.015338
train/pos/10014_8.txt	bonus	1	0.005155	1	4.417727	0.022773
test/neg/10006_2.txt	book	1	0.006944	4	3.501436	0.024314
train/pos/10009_9.txt	book	1	0.003597	4	3.501436	0.012595
train/pos/10015_8.txt	book	1	0.003040	4	3.501436	0.010644
train/pos/10016_8.txt	book	1	0.007812	4	3.501436	0.027353
test/neg/10008_4.txt	boost	1	0.005988	1	4.417727	0.026453
test/pos/10008_8.txt	boot	1	0.001042	2	4.012262	0.004181
train/pos/10015_8.txt	boot	1	0.003040	2	4.012262	0.012197
train/neg/10009_1.txt	bored	1	0.002915	1	4.417727	0.012878
test/neg/10003_3.txt	boredom	1	0.004219	2	4.012262	0.016928
train/neg/10011_3.txt	boredom	1	0.007246	2	4.012262	0.029073
test/neg/10000_4.txt	boring	1	0.004149	8	2.913649	0.012089
test/pos/10000_7.txt	boring	1	0.002841	8	2.913649	0.008278
test/pos/10007_10.txt	boring	1	0.005747	8	2.913649	0.016745
train/neg/10000_4.txt	boring	1	0.001285	8	2.913649	0.003744
train/neg/10003_1.txt	boring	1	0.002494	8	2.913649	0.007267
train/neg/10008_2.txt	boring	1	0.003472	8	2.913649	0.010116
train/neg/10011_3.txt	boring	1	0.007246	8	2.913649	0.021112
train/neg/10012_1.txt	boring	2	0.011494	8	2.913649	0.033489
train/pos/10010_7.txt	born	1	0.003534	1	4.417727	0.015612
train/pos/10001_10.txt	boss	1	0.006667	1	4.417727	0.029453
test/pos/10000_7.txt	boston	1	0.002841	1	4.417727	0.012551
test/neg/10001_1.txt	both	1	0.004464	8	2.913649	0.013007
test/neg/10002_3.txt	both	1	0.003135	8	2.913649	0.009134
test/neg/10004_2.txt	both	1	0.008475	8	2.913649	0.024693
test/pos/10003_8.txt	both	1	0.004878	8	2.913649	0.014213
test/pos/10008_8.txt	both	2	0.002083	8	2.913649	0.006069
train/pos/10003_8.txt	both	1	0.008264	8	2.913649	0.024078
train/pos/10009_9.txt	both	1	0.003597	8	2.913649	0.010480
train/pos/10010_7.txt	both	1	0.003534	8	2.913649	0.010297
test/neg/10000_4.txt	bother	1	0.004149	1	4.417727	0.018329
test/neg/10006_2.txt	bothered	1	0.006944	1	4.417727	0.030677
test/neg/10002_3.txt	bottom	1	0.003135	3	3.724580	0.011677
train/neg/10000_4.txt	bottom	1	0.001285	3	3.724580	0.004786
train/neg/10012_1.txt	bottom	1	0.005747	3	3.724580	0.021405
train/neg/10009_1.txt	bounced	1	0.002915	1	4.417727	0.012878
test/pos/10008_8.txt	bound	1	0.001042	1	4.417727	0.004603
test/pos/10004_9.txt	boy	1	0.003175	10	2.712979	0.008614
train/neg/10012_1.txt	boy	1	0.005747	10	2.712979	0.015591
train/pos/10004_8.txt	boy	1	0.005747	10	2.712979	0.015591
train/pos/10006_7.txt	boy	1	0.002994	10	2.712979	0.008123
train/pos/10007_7.txt	boy	2	0.004556	10	2.712979	0.012360
train/pos/10010_7.txt	boy	2	0.007067	10	2.712979	0.019173
train/pos/10013_7.txt	boy	1	0.006173	10	2.712979	0.016747
train/pos/10014_8.txt	boy	3	0.015464	10	2.712979	0.041954
train/pos/10015_8.txt	boy	1	0.003040	10	2.712979	0.008247
train/pos/10016_8.txt	boy	1	0.007812	10	2.712979	0.021194
train/neg/10008_2.txt	boyfriend	1	0.003472	3	3.724580	0.012932
train/neg/10009_1.txt	boyfriend	1	0.002915	3	3.724580	0.010857
train/pos/10014_8.txt	boyfriend	1	0.005155	3	3.724580	0.019200
test/neg/10000_4.txt	boyz	1	0.004149	1	4.417727	0.018329
train/pos/10000_8.txt	bracelet	1	0.002278	1	4.417727	0.010064
test/neg/10001_1.txt	brain	2	0.008929	1	4.417727	0.039446
train/neg/10002_1.txt	brains	1	0.006536	1	4.417727	0.028874
train/neg/10005_3.txt	branagh	1	0.003058	1	4.417727	0.013509
train/neg/10000_4.txt	brand	1	0.001285	1	4.417727	0.005677
test/neg/10003_3.txt	brass	3	0.012658	1	4.417727	0.055920
test/neg/10003_3.txt	brassy	1	0.004219	1	4.417727	0.018638
test/pos/10001_9.txt	break	1	0.004049	1	4.417727	0.017887
test/neg/10005_2.txt	breaks	1	0.006135	1	4.417727	0.027103
train/neg/10004_3.txt	brian	1	0.009615	1	4.417727	0.042476
test/pos/10008_8.txt	bridges	1	0.001042	1	4.417727	0.004603
train/neg/10003_1.txt	brie	1	0.002494	1	4.417727	0.011018
train/neg/10017_4.txt	brief	1	0.005525	1	4.417727	0.024408
train/neg/0_3.txt	briefly	1	0.008772	1	4.417727	0.038752
test/neg/10008_4.txt	bright	1	0.005988	1	4.417727	0.026453
train/neg/10005_3.txt	brilliant	1	0.003058	3	3.724580	0.011390
train/pos/10001_10.txt	brilliant	1	0.006667	3	3.724580	0.024832
train/pos/10015_8.txt	brilliant	1	0.003040	3	3.724580	0.011323
train/pos/10008_7.txt	brilliantly	1	0.003086	1	4.417727	0.013633
test/pos/10008_8.txt	bring	1	0.001042	1	4.417727	0.004603
test/pos/10000_7.txt	bristish	1	0.002841	1	4.417727	0.012551
test/pos/10004_9.txt	britain	1	0.003175	1	4.417727	0.014026
test/pos/10000_7.txt	british	1	0.002841	2	4.012262	0.011399
test/pos/10003_8.txt	british	1	0.004878	2	4.012262	0.019572
test/neg/10007_4.txt	bro	1	0.007752	1	4.417727	0.034246
train/pos/0_9.txt	bromwell	4	0.028571	1	4.417727	0.126219
train/pos/10000_8.txt	brooks	2	0.004556	3	3.724580	0.016969
train/pos/10002_7.txt	brooks	2	0.016129	3	3.724580	0.060074
train/pos/10003_8.txt	brooks	2	0.016529	3	3.724580	0.061564
train/neg/10005_3.txt	brother	1	0.003058	1	4.417727	0.013509
test/pos/10000_7.txt	brought	1	0.002841	1	4.417727	0.012551
train/neg/10002_1.txt	brutal	1	0.006536	2	4.012262	0.026224
train/pos/10010_7.txt	brutal	1	0.003534	2	4.012262	0.014179
train/neg/10006_4.txt	bubble	1	0.006289	1	4.417727	0.027783
test/pos/10008_8.txt	buddy	1	0.001042	1	4.417727	0.004603
test/neg/10008_4.txt	buenos	1	0.005988	1	4.417727	0.026453
train/neg/10017_4.txt	buffs	1	0.005525	1	4.417727	0.024408
test/neg/10002_3.txt	building	1	0.003135	1	4.417727	0.013850
train/pos/10000_8.txt	buildings	1	0.002278	1	4.417727	0.010064
test/pos/10008_8.txt	bullshit	2	0.002083	1	4.417727	0.009202
train/neg/10000_4.txt	bunch	1	0.001285	1	4.417727	0.005677
train/pos/0_9.txt	burn	1	0.007143	1	4.417727	0.031556
test/neg/10002_3.txt	burning	1	0.003135	1	4.417727	0.013850
test/neg/10007_4.txt	bus	1	0.007752	1	4.417727	0.034246
train/neg/10017_4.txt	business	1	0.005525	1	4.417727	0.024408
train/neg/10000_4.txt	businessman	1	0.001285	1	4.417727	0.005677
train/pos/10010_7.txt	busy	1	0.003534	1	4.417727	0.015612
test/neg/10000_4.txt	but	2	0.008299	43	1.326684	0.011010
test/neg/10001_1.txt	but	2	0.008929	43	1.326684	0.011846
test/neg/10002_3.txt	but	3	0.009404	43	1.326684	0.012476
test/neg/10003_3.txt	but	3	0.012658	43	1.326684	0.016793
test/neg/10005_2.txt	but	2	0.012270	43	1.326684	0.016278
test/neg/10008_4.txt	but	1	0.005988	43	1.326684	0.007944
test/pos/0_10.txt	but	1	0.006536	43	1.326684	0.008671
test/pos/10000_7.txt	but	4	0.011364	43	1.326684	0.015076
test/pos/10001_9.txt	but	2	0.008097	43	1.326684	0.010742
test/pos/10002_8.txt	but	1	0.007812	43	1.326684	0.010364
test/pos/10003_8.txt	but	2	0.009756	43	1.326684	0.012943
test/pos/10004_9.txt	but	1	0.003175	43	1.326684	0.004212
test/pos/10005_8.txt	but	4	0.011628	43	1.326684	0.015427
test/pos/10006_7.txt	but	2	0.013986	43	1.326684	0.018555
test/pos/10008_8.txt	but	5	0.005208	43	1.326684	0.006909
train/neg/10000_4.txt	but	5	0.006427	43	1.326684	0.008527
train/neg/10001_4.txt	but	2	0.014085	43	1.326684	0.018686
train/neg/10002_1.txt	but	2	0.013072	43	1.326684	0.017342
train/neg/10003_1.txt	but	5	0.012469	43	1.326684	0.016542
train/neg/10004_3.txt	but	1	0.009615	43	1.326684	0.012756
train/neg/10005_3.txt	but	1	0.003058	43	1.326684	0.004057
train/neg/10006_4.txt	but	2	0.012579	43	1.326684	0.016688
train/neg/10009_1.txt	but	1	0.002915	43	1.326684	0.003867
train/neg/1000_4.txt	but	1	0.006849	43	1.326684	0.009086
train/neg/10010_3.txt	but	2	0.019802	43	1.326684	0.026271
train/neg/10011_3.txt	but	1	0.007246	43	1.326684	0.009613
train/neg/10012_1.txt	but	4	0.022989	43	1.326684	0.030499
train/neg/10013_1.txt	but	1	0.007463	43	1.326684	0.009901
train/neg/10016_4.txt	but	3	0.022727	43	1.326684	0.030152
train/neg/10017_4.txt	but	1	0.005525	43	1.326684	0.007330
train/pos/10000_8.txt	but	2	0.004556	43	1.326684	0.006044
train/pos/10002_7.txt	but	2	0.016129	43	1.326684	0.021398
train/pos/10003_8.txt	but	2	0.016529	43	1.326684	0.021929
train/pos/10004_8.txt	but	1	0.005747	43	1.326684	0.007624
train/pos/10006_7.txt	but	1	0.002994	43	1.326684	0.003972
train/pos/10007_7.txt	but	4	0.009112	43	1.326684	0.012089
train/pos/10008_7.txt	but	1	0.003086	43	1.326684	0.004094
train/pos/10011_9.txt	but	1	0.004525	43	1.326684	0.006003
train/pos/10012_8.txt	but	4	0.027027	43	1.326684	0.035856
train/pos/10013_7.txt	but	2	0.012346	43	1.326684	0.016379
train/pos/10014_8.txt	but	1	0.005155	43	1.326684	0.006839
train/pos/10015_8.txt	but	1	0.003040	43	1.326684	0.004033
train/pos/10017_9.txt	but	1	0.006623	43	1.326684	0.008787
test/neg/0_2.txt	by	1	0.005848	32	1.614366	0.009441
test/neg/10001_1.txt	by	1	0.004464	32	1.614366	0.007207
test/neg/10003_3.txt	by	1	0.004219	32	1.614366	0.006811
test/neg/10007_4.txt	by	1	0.007752	32	1.614366	0.012515
test/neg/10008_4.txt	by	1	0.005988	32	1.614366	0.009667
test/pos/0_10.txt	by	2	0.013072	32	1.614366	0.021103
test/pos/10000_7.txt	by	2	0.005682	32	1.614366	0.009173
test/pos/10001_9.txt	by	2	0.008097	32	1.614366	0.013072
test/pos/10004_9.txt	by	3	0.009524	32	1.614366	0.015375
test/pos/10005_8.txt	by	1	0.002907	32	1.614366	0.004693
test/pos/10007_10.txt	by	1	0.005747	32	1.614366	0.009278
test/pos/10008_8.txt	by	2	0.002083	32	1.614366	0.003363
train/neg/0_3.txt	by	2	0.017544	32	1.614366	0.028322
train/neg/10000_4.txt	by	3	0.003856	32	1.614366	0.006225
train/neg/10003_1.txt	by	3	0.007481	32	1.614366	0.012077
train/neg/10005_3.txt	by	1	0.003058	32	1.614366	0.004937
train/neg/10009_1.txt	by	2	0.005831	32	1.614366	0.009413
train/neg/1000_4.txt	by	1	0.006849	32	1.614366	0.011057
train/neg/10013_1.txt	by	1	0.007463	32	1.614366	0.012048
train/neg/10015_2.txt	by	1	0.011494	32	1.614366	0.018556
train/neg/10017_4.txt	by	1	0.005525	32	1.614366	0.008919
train/pos/10000_8.txt	by	2	0.004556	32	1.614366	0.007355
train/pos/10001_10.txt	by	1	0.006667	32	1.614366	0.010763
train/pos/10005_7.txt	by	1	0.009434	32	1.614366	0.015230
train/pos/10006_7.txt	by	2	0.005988	32	1.614366	0.009667
train/pos/10007_7.txt	by	4	0.009112	32	1.614366	0.014710
train/pos/10008_7.txt	by	2	0.006173	32	1.614366	0.009965
train/pos/10009_9.txt	by	3	0.010791	32	1.614366	0.017421
train/pos/10010_7.txt	by	2	0.007067	32	1.614366	0.011409
train/pos/10011_9.txt	by	1	0.004525	32	1.614366	0.007305
train/pos/10014_8.txt	by	2	0.010309	32	1.614366	0.016643
train/pos/10015_8.txt	by	2	0.006079	32	1.614366	0.009814
test/neg/10007_4.txt	c	1	0.007752	2	4.012262	0.031103
train/neg/10009_1.txt	c	1	0.002915	2	4.012262	0.011696
test/pos/10001_9.txt	caddie	1	0.004049	1	4.417727	0.017887
test/pos/10004_9.txt	caddies	1	0.003175	1	4.417727	0.014026
test/pos/10000_7.txt	caddy	1	0.002841	3	3.724580	0.010582
test/pos/10003_8.txt	caddy	1	0.004878	3	3.724580	0.018168
test/pos/10004_9.txt	caddy	2	0.006349	3	3.724580	0.023647
test/neg/10006_2.txt	called	1	0.006944	3	3.724580	0.025863
train/neg/1000_4.txt	called	1	0.006849	3	3.724580	0.025510
train/pos/10010_7.txt	called	2	0.007067	3	3.724580	0.026322
test/neg/10002_3.txt	came	1	0.003135	6	3.164964	0.009922
test/neg/10005_2.txt	came	1	0.006135	6	3.164964	0.019417
train/neg/10001_4.txt	came	1	0.007042	6	3.164964	0.022288
train/neg/10009_1.txt	came	1	0.002915	6	3.164964	0.009226
train/pos/10008_7.txt	came	1	0.003086	6	3.164964	0.009767
train/pos/10013_7.txt	came	1	0.006173	6	3.164964	0.019537
test/neg/10006_2.txt	cameo	1	0.006944	1	4.417727	0.030677
test/neg/10000_4.txt	camera	1	0.004149	4	3.501436	0.014527
test/pos/10000_7.txt	camera	1	0.002841	4	3.501436	0.009948
train/neg/10009_1.txt	camera	2	0.005831	4	3.501436	0.020417
train/pos/10008_7.txt	camera	1	0.003086	4	3.501436	0.010805
test/neg/10001_1.txt	can	1	0.004464	19	2.115142	0.009442
test/neg/10006_2.txt	can	1	0.006944	19	2.115142	0.014688
test/pos/0_10.txt	can	1	0.006536	19	2.115142	0.013825
test/pos/10008_8.txt	can	3	0.003125	19	2.115142	0.006610
train/neg/0_3.txt	can	1	0.008772	19	2.115142	0.018554
train/neg/10000_4.txt	can	2	0.002571	19	2.115142	0.005438
train/neg/10002_1.txt	can	2	0.013072	19	2.115142	0.027649
train/neg/10003_1.txt	can	1	0.002494	19	2.115142	0.005275
train/neg/10009_1.txt	can	2	0.005831	19	2.115142	0.012333
train/neg/1000_4.txt	can	1	0.006849	19	2.115142	0.014487
train/neg/10012_1.txt	can	2	0.011494	19	2.115142	0.024311
train/neg/10016_4.txt	can	1	0.007576	19	2.115142	0.016024
train/pos/0_9.txt	can	1	0.007143	19	2.115142	0.015108
train/pos/10000_8.txt	can	3	0.006834	19	2.115142	0.014455
train/pos/10005_7.txt	can	2	0.018868	19	2.115142	0.039908
train/pos/10007_7.txt	can	1	0.002278	19	2.115142	0.004818
train/pos/10009_9.txt	can	1	0.003597	19	2.115142	0.007608
train/pos/10012_8.txt	can	1	0.006757	19	2.115142	0.014292
train/pos/10013_7.txt	can	1	0.006173	19	2.115142	0.013057
train/pos/10013_7.txt	canadian	1	0.006173	1	4.417727	0.027271
test/pos/10004_9.txt	canceled	1	0.003175	1	4.417727	0.014026
train/pos/10006_7.txt	cannavale	1	0.002994	6	3.164964	0.009476
train/pos/10007_7.txt	cannavale	2	0.004556	6	3.164964	0.014420
train/pos/10009_9.txt	cannavale	1	0.003597	6	3.164964	0.011384
train/pos/10010_7.txt	cannavale	1	0.003534	6	3.164964	0.011185
train/pos/10014_8.txt	cannavale	1	0.005155	6	3.164964	0.016315
train/pos/10015_8.txt	cannavale	2	0.006079	6	3.164964	0.019240
train/pos/10002_7.txt	cannon	1	0.008065	1	4.417727	0.035629
test/neg/10005_2.txt	cannot	1	0.006135	2	4.012262	0.024615
train/neg/10015_2.txt	cannot	1	0.011494	2	4.012262	0.046117
test/neg/10000_4.txt	capable	1	0.004149	1	4.417727	0.018329
train/pos/10006_7.txt	captivated	1	0.002994	2	4.012262	0.012013
train/pos/10010_7.txt	captivated	1	0.003534	2	4.012262	0.014179
train/pos/10009_9.txt	captures	1	0.003597	1	4.417727	0.015891
train/neg/10008_2.txt	car	2	0.006944	3	3.724580	0.025863
train/neg/10014_2.txt	car	1	0.014925	3	3.724580	0.055589
train/neg/10017_4.txt	car	2	0.011050	3	3.724580	0.041157
test/neg/10000_4.txt	carbon	1	0.004149	1	4.417727	0.018329
test/neg/0_2.txt	care	3	0.017544	5	3.319114	0.058231
test/neg/10001_1.txt	care	1	0.004464	5	3.319114	0.014817
test/neg/10005_2.txt	care	1	0.006135	5	3.319114	0.020363
test/pos/10007_10.txt	care	1	0.005747	5	3.319114	0.019075
train/neg/10008_2.txt	care	1	0.003472	5	3.319114	0.011524
test/pos/10005_8.txt	career	1	0.002907	2	4.012262	0.011664
train/neg/10003_1.txt	career	2	0.004988	2	4.012262	0.020013
test/neg/10002_3.txt	careers	1	0.003135	1	4.417727	0.013850
train/pos/10007_7.txt	careful	1	0.002278	1	4.417727	0.010064
train/pos/10009_9.txt	cares	1	0.003597	1	4.417727	0.015891
train/pos/10008_7.txt	caretaker	1	0.003086	1	4.417727	0.013633
train/neg/10000_4.txt	cargo	1	0.001285	1	4.417727	0.005677
train/neg/10005_3.txt	caring	1	0.003058	1	4.417727	0.013509
train/neg/10005_3.txt	carl	1	0.003058	1	4.417727	0.013509
train/pos/10000_8.txt	carlin	1	0.002278	1	4.417727	0.010064
test/neg/10008_4.txt	carmen	1	0.005988	1	4.417727	0.026453
test/pos/10000_7.txt	carnivale	1	0.002841	1	4.417727	0.012551
train/neg/10007_1.txt	carries	1	0.014706	1	4.417727	0.064967
train/pos/10009_9.txt	carry	2	0.007194	1	4.417727	0.031781
train/neg/10008_2.txt	carter	1	0.003472	1	4.417727	0.015338
train/pos/0_9.txt	cartoon	1	0.007143	1	4.417727	0.031556
test/pos/10003_8.txt	casablanca	1	0.004878	1	4.417727	0.021550
train/neg/10013_1.txt	case	2	0.014925	3	3.724580	0.055589
train/neg/10016_4.txt	case	1	0.007576	3	3.724580	0.028217
train/pos/10008_7.txt	case	1	0.003086	3	3.724580	0.011494
test/neg/10001_1.txt	cast	1	0.004464	12	2.545925	0.011365
test/neg/10007_4.txt	cast	2	0.015504	12	2.545925	0.039472
test/pos/10005_8.txt	cast	1	0.002907	12	2.545925	0.007401
train/neg/10005_3.txt	cast	1	0.003058	12	2.545925	0.007785
train/neg/10006_4.txt	cast	1	0.006289	12	2.545925	0.016011
train/neg/10009_1.txt	cast	2	0.005831	12	2.545925	0.014845
train/neg/10011_3.txt	cast	1	0.007246	12	2.545925	0.018448
train/neg/10012_1.txt	cast	2	0.011494	12	2.545925	0.029263
train/pos/10002_7.txt	cast	1	0.008065	12	2.545925	0.020533
train/pos/10006_7.txt	cast	1	0.002994	12	2.545925	0.007622
train/pos/10011_9.txt	cast	1	0.004525	12	2.545925	0.011520
train/pos/10015_8.txt	cast	1	0.003040	12	2.545925	0.007740
test/pos/10005_8.txt	casting	1	0.002907	2	4.012262	0.011664
train/pos/10017_9.txt	casting	1	0.006623	2	4.012262	0.026573
test/pos/10003_8.txt	catholic	1	0.004878	1	4.417727	0.021550
test/neg/10005_2.txt	caught	1	0.006135	1	4.417727	0.027103
train/pos/10000_8.txt	cause	1	0.002278	1	4.417727	0.010064
train/neg/10003_1.txt	caused	1	0.002494	1	4.417727	0.011018
train/pos/10010_7.txt	causes	1	0.003534	1	4.417727	0.015612
test/pos/10001_9.txt	ceiling	1	0.004049	1	4.417727	0.017887
train/pos/10006_7.txt	celebrated	1	0.002994	1	4.417727	0.013227
test/pos/10005_8.txt	celebrates	1	0.002907	1	4.417727	0.012842
train/pos/10007_7.txt	celebrities	1	0.002278	1	4.417727	0.010064
train/neg/10005_3.txt	celebrity	1	0.003058	1	4.417727	0.013509
test/neg/10007_4.txt	cell	1	0.007752	1	4.417727	0.034246
test/neg/10005_2.txt	cemeteries	1	0.006135	1	4.417727	0.027103
test/pos/10008_8.txt	central	1	0.001042	1	4.417727	0.004603
test/neg/10003_3.txt	century	1	0.004219	6	3.164964	0.013353
test/neg/10008_4.txt	century	1	0.005988	6	3.164964	0.018952
test/pos/10000_7.txt	century	1	0.002841	6	3.164964	0.008992
test/pos/10001_9.txt	century	1	0.004049	6	3.164964	0.012815
test/pos/10003_8.txt	century	1	0.004878	6	3.164964	0.015439
test/pos/10004_9.txt	century	1	0.003175	6	3.164964	0.010049
train/neg/10010_3.txt	ceremony	1	0.009901	1	4.417727	0.043740
test/neg/10008_4.txt	certain	1	0.005988	3	3.724580	0.022303
train/pos/10006_7.txt	certain	1	0.002994	3	3.724580	0.011151
train/pos/10016_8.txt	certain	1	0.007812	3	3.724580	0.029096
test/pos/10006_7.txt	certainly	2	0.013986	3	3.724580	0.052092
train/pos/10006_7.txt	certainly	1	0.002994	3	3.724580	0.011151
train/pos/10016_8.txt	certainly	2	0.015625	3	3.724580	0.058197
test/pos/10008_8.txt	challenge	1	0.001042	1	4.417727	0.004603
train/neg/10000_4.txt	chambers	2	0.002571	1	4.417727	0.011358
test/pos/10008_8.txt	chance	1	0.001042	2	4.012262	0.004181
train/pos/10009_9.txt	chance	1	0.003597	2	4.012262	0.014432
test/pos/10008_8.txt	change	2	0.002083	4	3.501436	0.007293
train/neg/10013_1.txt	change	1	0.007463	4	3.501436	0.026131
train/pos/10009_9.txt	change	1	0.003597	4	3.501436	0.012595
train/pos/10011_9.txt	change	1	0.004525	4	3.501436	0.015844
test/neg/10002_3.txt	changing	1	0.003135	2	4.012262	0.012578
train/pos/10009_9.txt	changing	1	0.003597	2	4.012262	0.014432
train/neg/0_3.txt	chantings	1	0.008772	1	4.417727	0.038752
train/neg/10017_4.txt	chaperone	1	0.005525	1	4.417727	0.024408
test/neg/0_2.txt	character	2	0.011696	16	2.277661	0.026640
test/neg/10000_4.txt	character	3	0.012448	16	2.277661	0.028352
test/neg/10001_1.txt	character	2	0.008929	16	2.277661	0.020337
test/neg/10005_2.txt	character	1	0.006135	16	2.277661	0.013973
test/pos/0_10.txt	character	1	0.006536	16	2.277661	0.014887
test/pos/10000_7.txt	character	1	0.002841	16	2.277661	0.006471
test/pos/10005_8.txt	character	2	0.005814	16	2.277661	0.013242
test/pos/10008_8.txt	character	1	0.001042	16	2.277661	0.002373
train/neg/10000_4.txt	character	2	0.002571	16	2.277661	0.005856
train/neg/10008_2.txt	character	2	0.006944	16	2.277661	0.015816
train/neg/10013_1.txt	character	1	0.007463	16	2.277661	0.016998
train/neg/10016_4.txt	character	2	0.015152	16	2.277661	0.034511
train/pos/10001_10.txt	character	1	0.006667	16	2.277661	0.015185
train/pos/10004_8.txt	character	1	0.005747	16	2.277661	0.013090
train/pos/10007_7.txt	character	1	0.002278	16	2.277661	0.005189
train/pos/10012_8.txt	character	1	0.006757	16	2.277661	0.015390
train/pos/10003_8.txt	characteristic	1	0.008264	1	4.417727	0.036508
train/pos/10006_7.txt	characterization	1	0.002994	1	4.417727	0.013227
test/neg/0_2.txt	characters	1	0.005848	12	2.545925	0.014889
test/neg/10001_1.txt	characters	1	0.004464	12	2.545925	0.011365
test/neg/10002_3.txt	characters	1	0.003135	12	2.545925	0.007981
test/neg/10006_2.txt	characters	1	0.006944	12	2.545925	0.017679
test/pos/10001_9.txt	characters	1	0.004049	12	2.545925	0.010308
test/pos/10006_7.txt	characters	1	0.006993	12	2.545925	0.017804
train/neg/10003_1.txt	characters	2	0.004988	12	2.545925	0.012699
train/neg/10010_3.txt	characters	1	0.009901	12	2.545925	0.025207
train/neg/10013_1.txt	characters	1	0.007463	12	2.545925	0.019000
train/pos/10000_8.txt	characters	1	0.002278	12	2.545925	0.005800
train/pos/10011_9.txt	characters	1	0.004525	12	2.545925	0.011520
train/pos/10014_8.txt	characters	1	0.005155	12	2.545925	0.013124
train/neg/10001_4.txt	charisma	1	0.007042	1	4.417727	0.031110
train/neg/10006_4.txt	charlie	1	0.006289	2	4.012262	0.025233
train/neg/10007_1.txt	charlie	2	0.029412	2	4.012262	0.118009
test/neg/10008_4.txt	charlotte	1	0.005988	1	4.417727	0.026453
test/pos/10002_8.txt	charming	1	0.007812	1	4.417727	0.034511
train/pos/10013_7.txt	cheap	1	0.006173	2	4.012262	0.024768
train/pos/10017_9.txt	cheap	1	0.006623	2	4.012262	0.026573
train/neg/10017_4.txt	cheats	1	0.005525	1	4.417727	0.024408
test/pos/10006_7.txt	check	1	0.006993	2	4.012262	0.028058
test/pos/10008_8.txt	check	1	0.001042	2	4.012262	0.004181
train/neg/10003_1.txt	cheese	1	0.002494	1	4.417727	0.011018
test/pos/10006_7.txt	cheesy	1	0.006993	1	4.417727	0.030893
train/neg/10001_4.txt	chef	1	0.007042	1	4.417727	0.031110
train/neg/10001_4.txt	chemistry	1	0.007042	1	4.417727	0.031110
test/neg/10005_2.txt	child	1	0.006135	5	3.319114	0.020363
test/pos/10000_7.txt	child	1	0.002841	5	3.319114	0.009430
test/pos/10004_9.txt	child	1	0.003175	5	3.319114	0.010538
test/pos/10006_7.txt	child	1	0.006993	5	3.319114	0.023211
train/pos/10008_7.txt	child	1	0.003086	5	3.319114	0.010243
test/pos/10001_9.txt	childhood	1	0.004049	1	4.417727	0.017887
train/pos/10008_7.txt	chilling	1	0.003086	1	4.417727	0.013633
train/pos/10015_8.txt	chilly	1	0.003040	1	4.417727	0.013430
test/pos/10006_7.txt	chinese	1	0.006993	2	4.012262	0.028058
test/pos/10008_8.txt	chinese	1	0.001042	2	4.012262	0.004181
train/neg/10005_3.txt	chock	1	0.003058	1	4.417727	0.013509
train/neg/10000_4.txt	choices	1	0.001285	2	4.012262	0.005156
train/pos/10017_9.txt	choices	1	0.006623	2	4.012262	0.026573
train/pos/10006_7.txt	chopped	1	0.002994	1	4.417727	0.013227
train/neg/10003_1.txt	chose	1	0.002494	1	4.417727	0.011018
test/pos/10005_8.txt	christ	1	0.002907	1	4.417727	0.012842
train/neg/10000_4.txt	christopher	1	0.001285	1	4.417727	0.005677
train/neg/10003_1.txt	cigarettes	1	0.002494	1	4.417727	0.011018
test/pos/10000_7.txt	cinderella	1	0.002841	1	4.417727	0.012551
test/neg/10000_4.txt	cinematography	1	0.004149	5	3.319114	0.013771
test/pos/10002_8.txt	cinematography	1	0.007812	5	3.319114	0.025929
test/pos/10004_9.txt	cinematography	1	0.003175	5	3.319114	0.010538
test/pos/10006_7.txt	cinematography	1	0.006993	5	3.319114	0.023211
train/neg/0_3.txt	cinematography	1	0.008772	5	3.319114	0.029115
train/neg/10011_3.txt	circle	1	0.007246	1	4.417727	0.032011
test/pos/10008_8.txt	circumstance	1	0.001042	1	4.417727	0.004603
train/pos/10002_7.txt	citizen	1	0.008065	1	4.417727	0.035629
test/neg/10000_4.txt	city	1	0.004149	3	3.724580	0.015453
train/pos/10007_7.txt	city	1	0.002278	3	3.724580	0.008485
train/pos/10014_8.txt	city	1	0.005155	3	3.724580	0.019200
test/neg/10003_3.txt	class	1	0.004219	6	3.164964	0.013353
test/pos/10001_9.txt	class	5	0.020243	6	3.164964	0.064068
test/pos/10003_8.txt	class	2	0.009756	6	3.164964	0.030877
test/pos/10004_9.txt	class	3	0.009524	6	3.164964	0.030143
test/pos/10008_8.txt	class	1	0.001042	6	3.164964	0.003298
train/neg/10011_3.txt	class	1	0.007246	6	3.164964	0.022933
train/neg/10000_4.txt	classic	1	0.001285	5	3.319114	0.004265
train/pos/0_9.txt	classic	1	0.007143	5	3.319114	0.023708
train/pos/10001_10.txt	classic	1	0.006667	5	3.319114	0.022129
train/pos/10004_8.txt	classic	1	0.005747	5	3.319114	0.019075
train/pos/10008_7.txt	classic	1	0.003086	5	3.319114	0.010243
train/pos/10001_10.txt	classics	1	0.006667	1	4.417727	0.029453
test/neg/10006_2.txt	clear	1	0.006944	4	3.501436	0.024314
test/pos/10003_8.txt	clear	1	0.004878	4	3.501436	0.017080
train/pos/10015_8.txt	clear	1	0.003040	4	3.501436	0.010644
train/pos/10016_8.txt	clear	1	0.007812	4	3.501436	0.027353
test/neg/10003_3.txt	clearly	1	0.004219	1	4.417727	0.018638
train/neg/10012_1.txt	clever	1	0.005747	1	4.417727	0.025389
test/neg/10001_1.txt	clich	1	0.004464	2	4.012262	0.017911
test/pos/10008_8.txt	clich	1	0.001042	2	4.012262	0.004181
test/neg/10000_4.txt	cliched	1	0.004149	1	4.417727	0.018329
train/neg/10017_4.txt	climactic	1	0.005525	1	4.417727	0.024408
train/pos/10013_7.txt	climax	1	0.006173	1	4.417727	0.027271
test/neg/10000_4.txt	close	1	0.004149	4	3.501436	0.014527
train/neg/10005_3.txt	close	1	0.003058	4	3.501436	0.010707
train/pos/10004_8.txt	close	1	0.005747	4	3.501436	0.020123
train/pos/10017_9.txt	close	1	0.006623	4	3.501436	0.023190
train/pos/0_9.txt	closer	1	0.007143	1	4.417727	0.031556
test/neg/0_2.txt	closet	2	0.011696	1	4.417727	0.051670
train/pos/10001_10.txt	clothes	1	0.006667	1	4.417727	0.029453
test/neg/10005_2.txt	clothing	1	0.006135	1	4.417727	0.027103
test/pos/10008_8.txt	cloud	1	0.001042	1	4.417727	0.004603
train/neg/10015_2.txt	club	1	0.011494	1	4.417727	0.050777
test/pos/10004_9.txt	clubs	2	0.006349	1	4.417727	0.028048
train/neg/10006_4.txt	clueless	1	0.006289	1	4.417727	0.027783
test/pos/10008_8.txt	clumsy	1	0.001042	2	4.012262	0.004181
train/neg/10009_1.txt	clumsy	1	0.002915	2	4.012262	0.011696
test/neg/0_2.txt	cluttered	1	0.005848	1	4.417727	0.025835
test/neg/10005_2.txt	co	1	0.006135	4	3.501436	0.021481
train/neg/10000_4.txt	co	1	0.001285	4	3.501436	0.004499
train/pos/10007_7.txt	co	1	0.002278	4	3.501436	0.007976
train/pos/10015_8.txt	co	1	0.003040	4	3.501436	0.010644
test/pos/0_10.txt	coaxed	1	0.006536	1	4.417727	0.028874
test/pos/10005_8.txt	cocked	1	0.002907	1	4.417727	0.012842
test/neg/0_2.txt	cocky	1	0.005848	1	4.417727	0.025835
train/pos/10015_8.txt	collete	1	0.003040	2	4.012262	0.012197
train/pos/10016_8.txt	collete	1	0.007812	2	4.012262	0.031344
train/pos/10006_7.txt	collette	6	0.017964	8	2.913649	0.052341
train/pos/10007_7.txt	collette	3	0.006834	8	2.913649	0.019912
train/pos/10008_7.txt	collette	2	0.006173	8	2.913649	0.017986
train/pos/10010_7.txt	collette	1	0.003534	8	2.913649	0.010297
train/pos/10011_9.txt	collette	1	0.004525	8	2.913649	0.013184
train/pos/10013_7.txt	collette	1	0.006173	8	2.913649	0.017986
train/pos/10014_8.txt	collette	2	0.010309	8	2.913649	0.030037
train/pos/10015_8.txt	collette	2	0.006079	8	2.913649	0.017712
train/pos/1000_8.txt	colors	1	0.011905	1	4.417727	0.052593
train/neg/10009_1.txt	comatose	1	0.002915	1	4.417727	0.012878
train/neg/10014_2.txt	combine	1	0.014925	1	4.417727	0.065935
test/neg/10003_3.txt	come	1	0.004219	6	3.164964	0.013353
test/pos/10005_8.txt	come	1	0.002907	6	3.164964	0.009201
train/neg/10007_1.txt	come	2	0.029412	6	3.164964	0.093088
train/neg/10017_4.txt	come	1	0.005525	6	3.164964	0.017486
train/pos/10012_8.txt	come	1	0.006757	6	3.164964	0.021386
train/pos/10017_9.txt	come	1	0.006623	6	3.164964	0.020962
test/pos/10008_8.txt	comeback	1	0.001042	1	4.417727	0.004603
train/pos/10004_8.txt	comedic	1	0.005747	2	4.012262	0.023058
train/pos/10014_8.txt	comedic	1	0.005155	2	4.012262	0.020683
train/pos/10002_7.txt	comedies	1	0.008065	2	4.012262	0.032359
train/pos/10008_7.txt	comedies	1	0.003086	2	4.012262	0.012382
test/pos/0_10.txt	comedy	1	0.006536	6	3.164964	0.020686
train/neg/0_3.txt	comedy	1	0.008772	6	3.164964	0.027763
train/neg/10007_1.txt	comedy	2	0.029412	6	3.164964	0.093088
train/neg/10014_2.txt	comedy	1	0.014925	6	3.164964	0.047237
train/pos/0_9.txt	comedy	1	0.007143	6	3.164964	0.022607
train/pos/10000_8.txt	comedy	1	0.002278	6	3.164964	0.007210
test/neg/0_2.txt	comes	1	0.005848	4	3.501436	0.020476
test/neg/10000_4.txt	comes	1	0.004149	4	3.501436	0.014527
test/neg/10002_3.txt	comes	1	0.003135	4	3.501436	0.010977
train/neg/10005_3.txt	comes	1	0.003058	4	3.501436	0.010707
train/neg/10003_1.txt	comic	1	0.002494	2	4.012262	0.010007
train/pos/10011_9.txt	comic	1	0.004525	2	4.012262	0.018155
train/pos/10010_7.txt	comical	1	0.003534	1	4.417727	0.015612
test/pos/10005_8.txt	coming	1	0.002907	3	3.724580	0.010827
test/pos/10008_8.txt	coming	1	0.001042	3	3.724580	0.003881
train/neg/1000_4.txt	coming	1	0.006849	3	3.724580	0.025510
train/pos/10016_8.txt	commendable	1	0.007812	1	4.417727	0.034511
train/pos/10013_7.txt	commenters	1	0.006173	1	4.417727	0.027271
train/pos/10006_7.txt	comments	1	0.002994	2	4.012262	0.012013
train/pos/10017_9.txt	comments	1	0.006623	2	4.012262	0.026573
test/neg/10003_3.txt	commercials	1	0.004219	1	4.417727	0.018638
train/neg/10017_4.txt	commit	1	0.005525	1	4.417727	0.024408
train/neg/10009_1.txt	companion	1	0.002915	1	4.417727	0.012878
train/pos/10000_8.txt	compared	1	0.002278	1	4.417727	0.010064
test/pos/10008_8.txt	compel	1	0.001042	1	4.417727	0.004603
test/pos/10000_7.txt	compelling	1	0.002841	3	3.724580	0.010582
train/neg/10013_1.txt	compelling	1	0.007463	3	3.724580	0.027797
train/pos/10015_8.txt	compelling	1	0.003040	3	3.724580	0.011323
train/pos/10015_8.txt	compels	1	0.003040	1	4.417727	0.013430
test/pos/10004_9.txt	compete	1	0.003175	1	4.417727	0.014026
test/pos/10001_9.txt	competing	1	0.004049	1	4.417727	0.017887
train/neg/10002_1.txt	complaining	1	0.006536	1	4.417727	0.028874
train/pos/10002_7.txt	complaint	1	0.008065	2	4.012262	0.032359
train/pos/10011_9.txt	complaint	1	0.004525	2	4.012262	0.018155
test/neg/10000_4.txt	complete	1	0.004149	3	3.724580	0.015453
test/pos/10008_8.txt	complete	1	0.001042	3	3.724580	0.003881
train/pos/10016_8.txt	complete	1	0.007812	3	3.724580	0.029096
test/neg/10003_3.txt	completely	1	0.004219	4	3.501436	0.014773
train/neg/1000_4.txt	completely	1	0.006849	4	3.501436	0.023981
train/neg/10013_1.txt	completely	2	0.014925	4	3.501436	0.052259
train/pos/10017_9.txt	completely	1	0.006623	4	3.501436	0.023190
test/pos/10005_8.txt	complex	1	0.002907	1	4.417727	0.012842
train/pos/10000_8.txt	computer	1	0.002278	1	4.417727	0.010064
train/pos/10008_7.txt	concept	1	0.003086	1	4.417727	0.013633
train/neg/10017_4.txt	concerned	1	0.005525	1	4.417727	0.024408
train/neg/10015_2.txt	concerns	1	0.011494	1	4.417727	0.050777
train/neg/10000_4.txt	concorde	1	0.001285	1	4.417727	0.005677
train/neg/10011_3.txt	condensed	1	0.007246	1	4.417727	0.032011
test/pos/10004_9.txt	conditions	1	0.003175	1	4.417727	0.014026
train/pos/10008_7.txt	confirmed	1	0.003086	1	4.417727	0.013633
train/pos/10007_7.txt	conflicted	1	0.002278	1	4.417727	0.010064
test/neg/10002_3.txt	confused	1	0.003135	2	4.012262	0.012578
train/pos/10008_7.txt	confused	1	0.003086	2	4.012262	0.012382
test/pos/10008_8.txt	confusion	1	0.001042	1	4.417727	0.004603
train/neg/10003_1.txt	connect	1	0.002494	1	4.417727	0.011018
test/neg/10005_2.txt	connection	1	0.006135	4	3.501436	0.021481
test/pos/10008_8.txt	connection	1	0.001042	4	3.501436	0.003648
train/neg/10003_1.txt	connection	1	0.002494	4	3.501436	0.008733
train/pos/10000_8.txt	connection	1	0.002278	4	3.501436	0.007976
train/pos/10006_7.txt	consideration	1	0.002994	1	4.417727	0.013227
train/neg/10014_2.txt	considered	1	0.014925	2	4.012262	0.059883
train/pos/10000_8.txt	considered	1	0.002278	2	4.012262	0.009140
test/pos/10005_8.txt	consistencies	1	0.002907	1	4.417727	0.012842
train/pos/10010_7.txt	constant	1	0.003534	1	4.417727	0.015612
test/neg/10008_4.txt	constantly	1	0.005988	2	4.012262	0.024025
train/pos/10008_7.txt	constantly	1	0.003086	2	4.012262	0.012382
test/pos/10008_8.txt	contact	1	0.001042	2	4.012262	0.004181
train/pos/10014_8.txt	contact	1	0.005155	2	4.012262	0.020683
test/pos/10002_8.txt	contained	1	0.007812	1	4.417727	0.034511
test/pos/10002_8.txt	contains	1	0.007812	1	4.417727	0.034511
test/pos/10005_8.txt	contemplates	1	0.002907	1	4.417727	0.012842
train/neg/10004_3.txt	contemporaneous	1	0.009615	1	4.417727	0.042476
train/neg/10003_1.txt	contempt	1	0.002494	1	4.417727	0.011018
train/pos/10012_8.txt	content	1	0.006757	1	4.417727	0.029851
test/neg/10003_3.txt	context	1	0.004219	1	4.417727	0.018638
train/pos/10008_7.txt	contracted	1	0.003086	1	4.417727	0.013633
train/neg/10004_3.txt	contrary	1	0.009615	1	4.417727	0.042476
test/pos/10008_8.txt	control	1	0.001042	2	4.012262	0.004181
train/neg/10000_4.txt	control	1	0.001285	2	4.012262	0.005156
train/neg/10001_4.txt	convinced	1	0.007042	1	4.417727	0.031110
test/pos/10008_8.txt	convincing	1	0.001042	1	4.417727	0.004603
test/pos/10006_7.txt	convincingly	1	0.006993	1	4.417727	0.030893
test/neg/10002_3.txt	cooking	1	0.003135	1	4.417727	0.013850
test/pos/10008_8.txt	cool	1	0.001042	1	4.417727	0.004603
test/neg/10007_4.txt	cop	1	0.007752	1	4.417727	0.034246
test/neg/10000_4.txt	copy	1	0.004149	2	4.012262	0.016647
train/neg/10005_3.txt	copy	1	0.003058	2	4.012262	0.012269
train/pos/10005_7.txt	core	1	0.009434	2	4.012262	0.037852
train/pos/10007_7.txt	core	1	0.002278	2	4.012262	0.009140
train/pos/10001_10.txt	corn	1	0.006667	1	4.417727	0.029453
test/neg/10004_2.txt	corpses	1	0.008475	1	4.417727	0.037440
train/pos/10006_7.txt	correct	1	0.002994	1	4.417727	0.013227
train/pos/10007_7.txt	correspondence	1	0.002278	1	4.417727	0.010064
train/neg/10010_3.txt	corruption	1	0.009901	1	4.417727	0.043740
train/neg/10003_1.txt	cosmopolitan	1	0.002494	1	4.417727	0.011018
test/neg/0_2.txt	costner	4	0.023392	2	4.012262	0.093855
test/pos/0_10.txt	costner	1	0.006536	2	4.012262	0.026224
test/pos/10000_7.txt	costume	1	0.002841	1	4.417727	0.012551
test/pos/10000_7.txt	cottage	1	0.002841	1	4.417727	0.012551
test/neg/0_2.txt	could	1	0.005848	21	2.019831	0.011812
test/neg/10001_1.txt	could	1	0.004464	21	2.019831	0.009017
test/neg/10002_3.txt	could	1	0.003135	21	2.019831	0.006332
test/neg/10006_2.txt	could	1	0.006944	21	2.019831	0.014026
test/pos/10001_9.txt	could	1	0.004049	21	2.019831	0.008178
test/pos/10002_8.txt	could	1	0.007812	21	2.019831	0.015779
test/pos/10004_9.txt	could	1	0.003175	21	2.019831	0.006413
train/neg/10000_4.txt	could	3	0.003856	21	2.019831	0.007788
train/neg/10001_4.txt	could	2	0.014085	21	2.019831	0.028449
train/neg/10002_1.txt	could	1	0.006536	21	2.019831	0.013202
train/neg/10003_1.txt	could	1	0.002494	21	2.019831	0.005037
train/neg/10006_4.txt	could	1	0.006289	21	2.019831	0.012703
train/neg/10009_1.txt	could	1	0.002915	21	2.019831	0.005888
train/neg/10011_3.txt	could	1	0.007246	21	2.019831	0.014636
train/neg/10017_4.txt	could	1	0.005525	21	2.019831	0.011160
train/pos/10003_8.txt	could	2	0.016529	21	2.019831	0.033386
train/pos/10006_7.txt	could	3	0.008982	21	2.019831	0.018142
train/pos/10009_9.txt	could	1	0.003597	21	2.019831	0.007265
train/pos/10011_9.txt	could	1	0.004525	21	2.019831	0.009140
train/pos/10013_7.txt	could	1	0.006173	21	2.019831	0.012468
train/pos/10017_9.txt	could	1	0.006623	21	2.019831	0.013377
test/neg/10006_2.txt	couldn	1	0.006944	3	3.724580	0.025863
train/neg/10001_4.txt	couldn	1	0.007042	3	3.724580	0.026228
train/neg/10009_1.txt	couldn	1	0.002915	3	3.724580	0.010857
train/pos/10010_7.txt	counselors	1	0.003534	1	4.417727	0.015612
test/pos/10008_8.txt	counter	1	0.001042	1	4.417727	0.004603
test/neg/10000_4.txt	countless	1	0.004149	1	4.417727	0.018329
test/pos/10004_9.txt	country	1	0.003175	2	4.012262	0.012739
train/neg/10008_2.txt	country	1	0.003472	2	4.012262	0.013931
train/neg/10000_4.txt	couple	2	0.002571	3	3.724580	0.009576
train/neg/1000_4.txt	couple	1	0.006849	3	3.724580	0.025510
train/pos/10006_7.txt	couple	1	0.002994	3	3.724580	0.011151
test/pos/10004_9.txt	courage	1	0.003175	1	4.417727	0.014026
test/neg/10005_2.txt	course	1	0.006135	6	3.164964	0.019417
test/pos/10000_7.txt	course	1	0.002841	6	3.164964	0.008992
test/pos/10001_9.txt	course	1	0.004049	6	3.164964	0.012815
test/pos/10005_8.txt	course	1	0.002907	6	3.164964	0.009201
test/pos/10006_7.txt	course	1	0.006993	6	3.164964	0.022133
train/neg/10000_4.txt	course	1	0.001285	6	3.164964	0.004067
train/neg/10006_4.txt	cowardice	1	0.006289	1	4.417727	0.027783
test/neg/10001_1.txt	crap	1	0.004464	5	3.319114	0.014817
test/neg/10002_3.txt	crap	1	0.003135	5	3.319114	0.010405
test/pos/10006_7.txt	crap	1	0.006993	5	3.319114	0.023211
train/neg/10003_1.txt	crap	1	0.002494	5	3.319114	0.008278
train/pos/10002_7.txt	crap	1	0.008065	5	3.319114	0.026769
train/neg/10000_4.txt	crashing	2	0.002571	1	4.417727	0.011358
test/neg/10008_4.txt	crawford	1	0.005988	1	4.417727	0.026453
test/neg/10008_4.txt	crawfords	1	0.005988	1	4.417727	0.026453
test/pos/10008_8.txt	crazed	1	0.001042	1	4.417727	0.004603
train/neg/0_3.txt	crazy	1	0.008772	1	4.417727	0.038752
train/neg/10008_2.txt	create	1	0.003472	1	4.417727	0.015338
test/pos/10000_7.txt	creating	1	0.002841	1	4.417727	0.012551
test/pos/10001_9.txt	creation	1	0.004049	1	4.417727	0.017887
test/pos/10000_7.txt	creative	1	0.002841	2	4.012262	0.011399
test/pos/10002_8.txt	creative	1	0.007812	2	4.012262	0.031344
train/neg/10015_2.txt	creature	1	0.011494	1	4.417727	0.050777
test/pos/10000_7.txt	credit	1	0.002841	1	4.417727	0.012551
test/pos/10000_7.txt	credits	2	0.005682	2	4.012262	0.022798
train/neg/10000_4.txt	credits	1	0.001285	2	4.012262	0.005156
train/pos/10006_7.txt	creepy	1	0.002994	3	3.724580	0.011151
train/pos/10007_7.txt	creepy	1	0.002278	3	3.724580	0.008485
train/pos/10014_8.txt	creepy	1	0.005155	3	3.724580	0.019200
train/neg/10000_4.txt	crew	1	0.001285	1	4.417727	0.005677
test/neg/10002_3.txt	cringe	1	0.003135	1	4.417727	0.013850
train/pos/10006_7.txt	critically	1	0.002994	1	4.417727	0.013227
test/pos/10008_8.txt	criticism	1	0.001042	1	4.417727	0.004603
train/neg/10004_3.txt	critics	2	0.019231	1	4.417727	0.084957
train/neg/10000_4.txt	cross	1	0.001285	1	4.417727	0.005677
train/pos/10001_10.txt	crush	1	0.006667	1	4.417727	0.029453
test/pos/10001_9.txt	crust	1	0.004049	1	4.417727	0.017887
test/pos/10007_10.txt	cry	1	0.005747	2	4.012262	0.023058
train/pos/10008_7.txt	cry	1	0.003086	2	4.012262	0.012382
test/pos/0_10.txt	crying	1	0.006536	1	4.417727	0.028874
train/neg/0_3.txt	cryptic	1	0.008772	1	4.417727	0.038752
test/neg/10000_4.txt	cube	2	0.008299	2	4.012262	0.033298
test/neg/10002_3.txt	cube	1	0.003135	2	4.012262	0.012578
test/pos/10008_8.txt	cues	1	0.001042	1	4.417727	0.004603
test/neg/10002_3.txt	cuff	1	0.003135	1	4.417727	0.013850
train/neg/10001_4.txt	culinary	1	0.007042	1	4.417727	0.031110
train/pos/10004_8.txt	culkin	1	0.005747	6	3.164964	0.018189
train/pos/10006_7.txt	culkin	2	0.005988	6	3.164964	0.018952
train/pos/10007_7.txt	culkin	2	0.004556	6	3.164964	0.014420
train/pos/10010_7.txt	culkin	1	0.003534	6	3.164964	0.011185
train/pos/10014_8.txt	culkin	2	0.010309	6	3.164964	0.032628
train/pos/10015_8.txt	culkin	2	0.006079	6	3.164964	0.019240
train/pos/10007_7.txt	cullum	1	0.002278	2	4.012262	0.009140
train/pos/10010_7.txt	cullum	1	0.003534	2	4.012262	0.014179
train/pos/10008_7.txt	cult	1	0.003086	1	4.417727	0.013633
test/pos/10006_7.txt	cultural	1	0.006993	2	4.012262	0.028058
train/neg/10004_3.txt	cultural	1	0.009615	2	4.012262	0.038578
test/pos/10006_7.txt	culture	1	0.006993	1	4.417727	0.030893
train/neg/10005_3.txt	curiosity	1	0.003058	1	4.417727	0.013509
test/pos/10008_8.txt	current	1	0.001042	1	4.417727	0.004603
test/neg/10001_1.txt	curse	1	0.004464	1	4.417727	0.019721
train/neg/10000_4.txt	cut	1	0.001285	7	3.031432	0.003895
train/neg/10008_2.txt	cut	1	0.003472	7	3.031432	0.010525
train/neg/10009_1.txt	cut	1	0.002915	7	3.031432	0.008837
train/pos/10003_8.txt	cut	1	0.008264	7	3.031432	0.025052
train/pos/10006_7.txt	cut	1	0.002994	7	3.031432	0.009076
train/pos/10011_9.txt	cut	1	0.004525	7	3.031432	0.013717
train/pos/10013_7.txt	cut	1	0.006173	7	3.031432	0.018713
test/neg/10006_2.txt	cutest	1	0.006944	1	4.417727	0.030677
test/pos/10002_8.txt	d	1	0.007812	6	3.164964	0.024725
train/neg/10009_1.txt	d	1	0.002915	6	3.164964	0.009226
train/neg/10017_4.txt	d	2	0.011050	6	3.164964	0.034973
train/pos/1000_8.txt	d	1	0.011905	6	3.164964	0.037679
train/pos/10010_7.txt	d	1	0.003534	6	3.164964	0.011185
train/pos/10015_8.txt	d	1	0.003040	6	3.164964	0.009621
test/pos/10007_10.txt	dad	1	0.005747	2	4.012262	0.023058
train/neg/10017_4.txt	dad	1	0.005525	2	4.012262	0.022168
train/neg/10012_1.txt	dafoe	1	0.005747	1	4.417727	0.025389
train/neg/10003_1.txt	damage	1	0.002494	1	4.417727	0.011018
train/pos/10012_8.txt	damn	1	0.006757	1	4.417727	0.029851
test/neg/10008_4.txt	dance	1	0.005988	1	4.417727	0.026453
test/pos/10008_8.txt	dancer	1	0.001042	2	4.012262	0.004181
train/pos/10000_8.txt	dancer	1	0.002278	2	4.012262	0.009140
test/neg/10008_4.txt	dancing	1	0.005988	2	4.012262	0.024025
train/neg/10002_1.txt	dancing	1	0.006536	2	4.012262	0.026224
train/neg/10000_4.txt	danger	1	0.001285	1	4.417727	0.005677
train/pos/10008_7.txt	dangerous	1	0.003086	1	4.417727	0.013633
test/neg/10005_2.txt	dark	1	0.006135	9	2.808289	0.017229
test/pos/10007_10.txt	dark	1	0.005747	9	2.808289	0.016139
train/neg/10002_1.txt	dark	1	0.006536	9	2.808289	0.018355
train/neg/10003_1.txt	dark	1	0.002494	9	2.808289	0.007004
train/neg/10008_2.txt	dark	1	0.003472	9	2.808289	0.009750
train/neg/1000_4.txt	dark	2	0.013699	9	2.808289	0.038471
train/pos/10008_7.txt	dark	1	0.003086	9	2.808289	0.008666
train/pos/10015_8.txt	dark	1	0.003040	9	2.808289	0.008537
train/pos/10016_8.txt	dark	1	0.007812	9	2.808289	0.021938
test/pos/10008_8.txt	darkness	1	0.001042	2	4.012262	0.004181
train/pos/10009_9.txt	darkness	1	0.003597	2	4.012262	0.014432
train/neg/10000_4.txt	dated	1	0.001285	1	4.417727	0.005677
train/neg/10000_4.txt	daughter	1	0.001285	1	4.417727	0.005677
train/neg/1000_4.txt	dawson	1	0.006849	1	4.417727	0.030257
test/neg/10005_2.txt	day	1	0.006135	4	3.501436	0.021481
test/pos/10000_7.txt	day	1	0.002841	4	3.501436	0.009948
train/neg/10005_3.txt	day	1	0.003058	4	3.501436	0.010707
train/pos/10000_8.txt	day	1	0.002278	4	3.501436	0.007976
train/pos/10000_8.txt	days	1	0.002278	2	4.012262	0.009140
train/pos/10011_9.txt	days	1	0.004525	2	4.012262	0.018155
train/neg/10008_2.txt	dc	1	0.003472	1	4.417727	0.015338
test/neg/10001_1.txt	dead	1	0.004464	3	3.724580	0.016627
test/neg/10005_2.txt	dead	1	0.006135	3	3.724580	0.022850
train/neg/10000_4.txt	dead	1	0.001285	3	3.724580	0.004786
train/pos/10006_7.txt	deadly	1	0.002994	1	4.417727	0.013227
test/neg/10004_2.txt	deaf	1	0.008475	2	4.012262	0.034004
test/neg/10005_2.txt	deaf	1	0.006135	2	4.012262	0.024615
train/neg/10005_3.txt	deafening	1	0.003058	1	4.417727	0.013509
test/neg/10000_4.txt	deal	1	0.004149	2	4.012262	0.016647
test/pos/10008_8.txt	deal	1	0.001042	2	4.012262	0.004181
test/pos/10003_8.txt	deals	1	0.004878	1	4.417727	0.021550
train/neg/10003_1.txt	death	1	0.002494	3	3.724580	0.009289
train/neg/10005_3.txt	death	1	0.003058	3	3.724580	0.011390
train/pos/10008_7.txt	death	1	0.003086	3	3.724580	0.011494
test/pos/10000_7.txt	debut	1	0.002841	1	4.417727	0.012551
train/pos/10008_7.txt	decade	1	0.003086	1	4.417727	0.013633
train/pos/10010_7.txt	decades	1	0.003534	1	4.417727	0.015612
test/neg/10000_4.txt	decent	1	0.004149	3	3.724580	0.015453
train/neg/10000_4.txt	decent	1	0.001285	3	3.724580	0.004786
train/neg/10017_4.txt	decent	1	0.005525	3	3.724580	0.020578
train/neg/10015_2.txt	decide	1	0.011494	2	4.012262	0.046117
train/neg/10016_4.txt	decide	1	0.007576	2	4.012262	0.030397
train/pos/10007_7.txt	decides	1	0.002278	2	4.012262	0.009140
train/pos/10015_8.txt	decides	1	0.003040	2	4.012262	0.012197
train/pos/10000_8.txt	deciding	1	0.002278	1	4.417727	0.010064
train/neg/10009_1.txt	decrescendos	1	0.002915	1	4.417727	0.012878
train/pos/10010_7.txt	deepening	1	0.003534	1	4.417727	0.015612
train/neg/10003_1.txt	defined	1	0.002494	1	4.417727	0.011018
test/pos/10006_7.txt	definitely	1	0.006993	5	3.319114	0.023211
train/neg/10013_1.txt	definitely	1	0.007463	5	3.319114	0.024771
train/pos/10004_8.txt	definitely	1	0.005747	5	3.319114	0.019075
train/pos/10006_7.txt	definitely	1	0.002994	5	3.319114	0.009937
train/pos/10012_8.txt	definitely	1	0.006757	5	3.319114	0.022427
train/neg/10017_4.txt	defying	1	0.005525	1	4.417727	0.024408
train/pos/10006_7.txt	deleted	1	0.002994	1	4.417727	0.013227
test/neg/10003_3.txt	delight	1	0.004219	1	4.417727	0.018638
test/pos/10002_8.txt	delightful	1	0.007812	2	4.012262	0.031344
test/pos/10003_8.txt	delightful	1	0.004878	2	4.012262	0.019572
train/neg/10009_1.txt	deliver	1	0.002915	1	4.417727	0.012878
test/pos/10003_8.txt	delivers	1	0.004878	2	4.012262	0.019572
train/neg/10009_1.txt	delivers	1	0.002915	2	4.012262	0.011696
train/pos/10013_7.txt	delivery	1	0.006173	1	4.417727	0.027271
test/pos/10008_8.txt	demands	1	0.001042	1	4.417727	0.004603
train/neg/10007_1.txt	demeanor	1	0.014706	1	4.417727	0.064967
test/pos/10005_8.txt	demme	1	0.002907	1	4.417727	0.012842
train/pos/10001_10.txt	demolition	1	0.006667	1	4.417727	0.029453
test/pos/10003_8.txt	demonstration	1	0.004878	1	4.417727	0.021550
train/neg/10006_4.txt	denise	1	0.006289	2	4.012262	0.025233
train/neg/10007_1.txt	denise	1	0.014706	2	4.012262	0.059004
train/neg/10004_3.txt	depalma	1	0.009615	1	4.417727	0.042476
test/pos/10000_7.txt	department	1	0.002841	1	4.417727	0.012551
test/pos/10008_8.txt	departure	1	0.001042	2	4.012262	0.004181
train/pos/10007_7.txt	departure	1	0.002278	2	4.012262	0.009140
test/pos/10001_9.txt	depicted	1	0.004049	1	4.417727	0.017887
test/pos/10000_7.txt	depicting	1	0.002841	1	4.417727	0.012551
train/pos/10010_7.txt	depicts	1	0.003534	1	4.417727	0.015612
test/pos/10007_10.txt	depression	2	0.011494	1	4.417727	0.050777
test/pos/10000_7.txt	depth	1	0.002841	2	4.012262	0.011399
train/neg/10003_1.txt	depth	1	0.002494	2	4.012262	0.010007
train/pos/10007_7.txt	derange	1	0.002278	1	4.417727	0.010064
train/neg/10000_4.txt	descent	1	0.001285	2	4.012262	0.005156
train/neg/1000_4.txt	descent	2	0.013699	2	4.012262	0.054964
test/neg/10001_1.txt	deserve	1	0.004464	3	3.724580	0.016627
test/pos/10002_8.txt	deserve	1	0.007812	3	3.724580	0.029096
train/pos/10006_7.txt	deserve	1	0.002994	3	3.724580	0.011151
test/pos/10007_10.txt	deserved	1	0.005747	1	4.417727	0.025389
test/neg/10003_3.txt	deserves	1	0.004219	3	3.724580	0.015714
test/pos/10000_7.txt	deserves	1	0.002841	3	3.724580	0.010582
train/neg/10014_2.txt	deserves	1	0.014925	3	3.724580	0.055589
train/neg/10000_4.txt	design	1	0.001285	2	4.012262	0.005156
train/neg/10002_1.txt	design	1	0.006536	2	4.012262	0.026224
test/pos/10000_7.txt	designers	1	0.002841	1	4.417727	0.012551
test/pos/10001_9.txt	desire	1	0.004049	1	4.417727	0.017887
train/pos/10005_7.txt	desired	1	0.009434	1	4.417727	0.041677
train/pos/10010_7.txt	despair	1	0.003534	1	4.417727	0.015612
train/neg/10003_1.txt	desperate	1	0.002494	3	3.724580	0.009289
train/neg/1000_4.txt	desperate	1	0.006849	3	3.724580	0.025510
train/pos/10010_7.txt	desperate	1	0.003534	3	3.724580	0.013163
test/pos/0_10.txt	desperately	1	0.006536	1	4.417727	0.028874
train/pos/10007_7.txt	desperation	1	0.002278	1	4.417727	0.010064
test/pos/10000_7.txt	despite	1	0.002841	5	3.319114	0.009430
test/pos/10004_9.txt	despite	1	0.003175	5	3.319114	0.010538
train/neg/10011_3.txt	despite	1	0.007246	5	3.319114	0.024050
train/pos/10007_7.txt	despite	1	0.002278	5	3.319114	0.007561
train/pos/10008_7.txt	despite	1	0.003086	5	3.319114	0.010243
test/pos/10000_7.txt	destroyed	1	0.002841	1	4.417727	0.012551
train/pos/10015_8.txt	detail	1	0.003040	1	4.417727	0.013430
train/pos/10015_8.txt	detailing	1	0.003040	1	4.417727	0.013430
test/pos/10005_8.txt	details	1	0.002907	1	4.417727	0.012842
test/pos/10008_8.txt	determination	1	0.001042	1	4.417727	0.004603
train/pos/10012_8.txt	determine	1	0.006757	1	4.417727	0.029851
test/pos/10001_9.txt	detract	1	0.004049	1	4.417727	0.017887
test/pos/10005_8.txt	developing	1	0.002907	1	4.417727	0.012842
test/pos/10000_7.txt	development	1	0.002841	2	4.012262	0.011399
train/neg/10010_3.txt	development	1	0.009901	2	4.012262	0.039725
test/pos/10005_8.txt	device	1	0.002907	1	4.417727	0.012842
train/pos/10007_7.txt	devious	1	0.002278	1	4.417727	0.010064
train/neg/10011_3.txt	devoid	1	0.007246	1	4.417727	0.032011
train/neg/10005_3.txt	dialog	1	0.003058	1	4.417727	0.013509
test/neg/10000_4.txt	dialogue	1	0.004149	6	3.164964	0.013131
test/neg/10004_2.txt	dialogue	1	0.008475	6	3.164964	0.026823
train/neg/0_3.txt	dialogue	1	0.008772	6	3.164964	0.027763
train/neg/10000_4.txt	dialogue	1	0.001285	6	3.164964	0.004067
train/neg/10002_1.txt	dialogue	1	0.006536	6	3.164964	0.020686
train/neg/10003_1.txt	dialogue	1	0.002494	6	3.164964	0.007893
train/neg/10005_3.txt	dickens	1	0.003058	1	4.417727	0.013509
test/neg/0_2.txt	did	2	0.011696	14	2.402824	0.028103
test/neg/10001_1.txt	did	1	0.004464	14	2.402824	0.010726
test/pos/0_10.txt	did	1	0.006536	14	2.402824	0.015705
test/pos/10006_7.txt	did	1	0.006993	14	2.402824	0.016803
test/pos/10007_10.txt	did	2	0.011494	14	2.402824	0.027618
train/neg/10008_2.txt	did	1	0.003472	14	2.402824	0.008343
train/neg/10010_3.txt	did	1	0.009901	14	2.402824	0.023790
train/neg/10012_1.txt	did	1	0.005747	14	2.402824	0.013809
train/neg/10017_4.txt	did	1	0.005525	14	2.402824	0.013276
train/pos/10000_8.txt	did	2	0.004556	14	2.402824	0.010947
train/pos/10003_8.txt	did	1	0.008264	14	2.402824	0.019857
train/pos/10006_7.txt	did	1	0.002994	14	2.402824	0.007194
train/pos/10011_9.txt	did	1	0.004525	14	2.402824	0.010873
train/pos/10017_9.txt	did	1	0.006623	14	2.402824	0.015914
test/pos/10002_8.txt	didn	1	0.007812	8	2.913649	0.022761
test/pos/10008_8.txt	didn	1	0.001042	8	2.913649	0.003036
train/neg/10000_4.txt	didn	1	0.001285	8	2.913649	0.003744
train/neg/10008_2.txt	didn	5	0.017361	8	2.913649	0.050584
train/neg/10016_4.txt	didn	1	0.007576	8	2.913649	0.022074
train/neg/10017_4.txt	didn	1	0.005525	8	2.913649	0.016098
train/pos/10007_7.txt	didn	1	0.002278	8	2.913649	0.006637
train/pos/10009_9.txt	didn	1	0.003597	8	2.913649	0.010480
test/neg/10000_4.txt	died	1	0.004149	1	4.417727	0.018329
test/neg/10001_1.txt	dies	1	0.004464	1	4.417727	0.019721
test/pos/10008_8.txt	differences	1	0.001042	1	4.417727	0.004603
test/neg/10006_2.txt	different	1	0.006944	4	3.501436	0.024314
test/pos/10006_7.txt	different	1	0.006993	4	3.501436	0.024486
train/neg/10000_4.txt	different	1	0.001285	4	3.501436	0.004499
train/pos/10012_8.txt	different	1	0.006757	4	3.501436	0.023659
test/pos/10005_8.txt	difficult	1	0.002907	1	4.417727	0.012842
train/pos/10001_10.txt	diggers	1	0.006667	1	4.417727	0.029453
test/pos/10003_8.txt	dignified	1	0.004878	1	4.417727	0.021550
test/neg/10003_3.txt	dignity	1	0.004219	2	4.012262	0.016928
train/neg/10009_1.txt	dignity	1	0.002915	2	4.012262	0.011696
train/neg/10000_4.txt	dilemma	1	0.001285	1	4.417727	0.005677
test/pos/10003_8.txt	dillane	1	0.004878	1	4.417727	0.021550
test/pos/10000_7.txt	dime	1	0.002841	2	4.012262	0.011399
test/pos/10002_8.txt	dime	1	0.007812	2	4.012262	0.031344
train/neg/10009_1.txt	dimensional	1	0.002915	1	4.417727	0.012878
train/neg/10010_3.txt	dinner	1	0.009901	1	4.417727	0.043740
train/pos/10007_7.txt	dir	1	0.002278	1	4.417727	0.010064
train/neg/10000_4.txt	directed	1	0.001285	4	3.501436	0.004499
train/neg/10005_3.txt	directed	1	0.003058	4	3.501436	0.010707
train/pos/10007_7.txt	directed	1	0.002278	4	3.501436	0.007976
train/pos/10015_8.txt	directed	1	0.003040	4	3.501436	0.010644
test/pos/10003_8.txt	directing	1	0.004878	2	4.012262	0.019572
train/neg/10009_1.txt	directing	2	0.005831	2	4.012262	0.023395
test/pos/10004_9.txt	direction	1	0.003175	6	3.164964	0.010049
train/neg/10000_4.txt	direction	1	0.001285	6	3.164964	0.004067
train/neg/10002_1.txt	direction	1	0.006536	6	3.164964	0.020686
train/neg/10003_1.txt	direction	1	0.002494	6	3.164964	0.007893
train/pos/10005_7.txt	direction	1	0.009434	6	3.164964	0.029858
train/pos/10017_9.txt	direction	1	0.006623	6	3.164964	0.020962
test/pos/10003_8.txt	directly	1	0.004878	2	4.012262	0.019572
train/pos/10003_8.txt	directly	1	0.008264	2	4.012262	0.033157
test/neg/10004_2.txt	director	1	0.008475	12	2.545925	0.021577
test/pos/10000_7.txt	director	1	0.002841	12	2.545925	0.007233
test/pos/10008_8.txt	director	3	0.003125	12	2.545925	0.007956
train/neg/10001_4.txt	director	1	0.007042	12	2.545925	0.017928
train/neg/10006_4.txt	director	2	0.012579	12	2.545925	0.032025
train/neg/1000_4.txt	director	1	0.006849	12	2.545925	0.017437
train/pos/10002_7.txt	director	1	0.008065	12	2.545925	0.020533
train/pos/10006_7.txt	director	2	0.005988	12	2.545925	0.015245
train/pos/10007_7.txt	director	1	0.002278	12	2.545925	0.005800
train/pos/10009_9.txt	director	1	0.003597	12	2.545925	0.009158
train/pos/10011_9.txt	director	2	0.009050	12	2.545925	0.023041
train/pos/10013_7.txt	director	2	0.012346	12	2.545925	0.031432
test/pos/10000_7.txt	directorial	1	0.002841	2	4.012262	0.011399
train/neg/10005_3.txt	directorial	1	0.003058	2	4.012262	0.012269
train/neg/10003_1.txt	directors	1	0.002494	2	4.012262	0.010007
train/pos/10011_9.txt	directors	1	0.004525	2	4.012262	0.018155
train/pos/10000_8.txt	directs	1	0.002278	1	4.417727	0.010064
test/pos/10006_7.txt	disappointed	1	0.006993	3	3.724580	0.026046
train/neg/10001_4.txt	disappointed	1	0.007042	3	3.724580	0.026228
train/pos/10011_9.txt	disappointed	1	0.004525	3	3.724580	0.016854
train/neg/10000_4.txt	disaster	4	0.005141	1	4.417727	0.022712
test/neg/10002_3.txt	disbelief	1	0.003135	1	4.417727	0.013850
test/pos/10003_8.txt	disciplined	1	0.004878	1	4.417727	0.021550
train/pos/10010_7.txt	discover	1	0.003534	1	4.417727	0.015612
train/pos/10007_7.txt	discovering	1	0.002278	1	4.417727	0.010064
train/pos/10015_8.txt	discovers	1	0.003040	1	4.417727	0.013430
train/neg/10000_4.txt	discovery	1	0.001285	1	4.417727	0.005677
train/neg/10010_3.txt	discussion	1	0.009901	1	4.417727	0.043740
test/pos/10008_8.txt	disengagement	1	0.001042	1	4.417727	0.004603
train/pos/10001_10.txt	dishonest	1	0.006667	1	4.417727	0.029453
test/pos/10001_9.txt	disney	5	0.020243	1	4.417727	0.089428
test/pos/10000_7.txt	disneyfied	1	0.002841	1	4.417727	0.012551
train/pos/10006_7.txt	dispersion	1	0.002994	1	4.417727	0.013227
train/pos/10009_9.txt	displayed	1	0.003597	1	4.417727	0.015891
test/pos/10004_9.txt	displays	1	0.003175	1	4.417727	0.014026
test/pos/10008_8.txt	dissonance	1	0.001042	1	4.417727	0.004603
train/neg/10005_3.txt	distance	1	0.003058	1	4.417727	0.013509
train/neg/10003_1.txt	distorted	1	0.002494	1	4.417727	0.011018
test/pos/10008_8.txt	distrust	1	0.001042	1	4.417727	0.004603
train/pos/10007_7.txt	disturbed	1	0.002278	1	4.417727	0.010064
train/neg/1000_4.txt	disturbing	1	0.006849	2	4.012262	0.027480
train/pos/10011_9.txt	disturbing	1	0.004525	2	4.012262	0.018155
train/neg/10000_4.txt	disused	1	0.001285	1	4.417727	0.005677
train/neg/10003_1.txt	divorce	1	0.002494	2	4.012262	0.010007
train/pos/10000_8.txt	divorce	1	0.002278	2	4.012262	0.009140
test/neg/0_2.txt	do	1	0.005848	14	2.402824	0.014052
test/neg/10001_1.txt	do	1	0.004464	14	2.402824	0.010726
test/pos/0_10.txt	do	1	0.006536	14	2.402824	0.015705
test/pos/10001_9.txt	do	1	0.004049	14	2.402824	0.009729
test/pos/10002_8.txt	do	2	0.015625	14	2.402824	0.037544
test/pos/10007_10.txt	do	1	0.005747	14	2.402824	0.013809
test/pos/10008_8.txt	do	1	0.001042	14	2.402824	0.002504
train/neg/10000_4.txt	do	1	0.001285	14	2.402824	0.003088
train/pos/10000_8.txt	do	3	0.006834	14	2.402824	0.016421
train/pos/10003_8.txt	do	1	0.008264	14	2.402824	0.019857
train/pos/10007_7.txt	do	1	0.002278	14	2.402824	0.005474
train/pos/10011_9.txt	do	1	0.004525	14	2.402824	0.010873
train/pos/10016_8.txt	do	1	0.007812	14	2.402824	0.018771
train/pos/10017_9.txt	do	1	0.006623	14	2.402824	0.015914
test/neg/10002_3.txt	documentary	1	0.003135	2	4.012262	0.012578
test/pos/10007_10.txt	documentary	1	0.005747	2	4.012262	0.023058
test/pos/10005_8.txt	documenting	1	0.002907	1	4.417727	0.012842
test/neg/10000_4.txt	does	1	0.004149	13	2.471817	0.010256
test/neg/10004_2.txt	does	2	0.016949	13	2.471817	0.041895
test/pos/10000_7.txt	does	2	0.005682	13	2.471817	0.014045
test/pos/10001_9.txt	does	1	0.004049	13	2.471817	0.010008
test/pos/10002_8.txt	does	2	0.015625	13	2.471817	0.038622
test/pos/10007_10.txt	does	2	0.011494	13	2.471817	0.028411
test/pos/10008_8.txt	does	2	0.002083	13	2.471817	0.005149
train/neg/10006_4.txt	does	1	0.006289	13	2.471817	0.015545
train/neg/10013_1.txt	does	1	0.007463	13	2.471817	0.018447
train/pos/10002_7.txt	does	1	0.008065	13	2.471817	0.019935
train/pos/10007_7.txt	does	2	0.004556	13	2.471817	0.011262
train/pos/10014_8.txt	does	1	0.005155	13	2.471817	0.012742
train/pos/10015_8.txt	does	1	0.003040	13	2.471817	0.007514
test/neg/10001_1.txt	doesn	1	0.004464	8	2.913649	0.013007
test/pos/10002_8.txt	doesn	1	0.007812	8	2.913649	0.022761
train/neg/10000_4.txt	doesn	1	0.001285	8	2.913649	0.003744
train/neg/1000_4.txt	doesn	1	0.006849	8	2.913649	0.019956
train/pos/10005_7.txt	doesn	1	0.009434	8	2.913649	0.027487
train/pos/10008_7.txt	doesn	1	0.003086	8	2.913649	0.008992
train/pos/10015_8.txt	doesn	1	0.003040	8	2.913649	0.008857
train/pos/10016_8.txt	doesn	1	0.007812	8	2.913649	0.022761
test/pos/10008_8.txt	doggedly	1	0.001042	1	4.417727	0.004603
test/neg/10000_4.txt	doing	1	0.004149	1	4.417727	0.018329
test/neg/10005_2.txt	doll	1	0.006135	1	4.417727	0.027103
train/neg/10005_3.txt	domineering	1	0.003058	1	4.417727	0.013509
test/neg/10002_3.txt	domino	1	0.003135	1	4.417727	0.013850
test/neg/10000_4.txt	don	1	0.004149	18	2.166435	0.008989
test/neg/10002_3.txt	don	1	0.003135	18	2.166435	0.006792
test/neg/10006_2.txt	don	1	0.006944	18	2.166435	0.015044
test/neg/10008_4.txt	don	1	0.005988	18	2.166435	0.012973
train/neg/10000_4.txt	don	1	0.001285	18	2.166435	0.002784
train/neg/10001_4.txt	don	2	0.014085	18	2.166435	0.030514
train/neg/10004_3.txt	don	1	0.009615	18	2.166435	0.020830
train/neg/10005_3.txt	don	2	0.006116	18	2.166435	0.013250
train/neg/10006_4.txt	don	1	0.006289	18	2.166435	0.013625
train/neg/10008_2.txt	don	3	0.010417	18	2.166435	0.022568
train/neg/10009_1.txt	don	1	0.002915	18	2.166435	0.006315
train/neg/1000_4.txt	don	1	0.006849	18	2.166435	0.014838
train/neg/10016_4.txt	don	1	0.007576	18	2.166435	0.016413
train/pos/10000_8.txt	don	1	0.002278	18	2.166435	0.004935
train/pos/10005_7.txt	don	1	0.009434	18	2.166435	0.020438
train/pos/10006_7.txt	don	1	0.002994	18	2.166435	0.006486
train/pos/10013_7.txt	don	1	0.006173	18	2.166435	0.013373
train/pos/10015_8.txt	don	1	0.003040	18	2.166435	0.006586
test/pos/10000_7.txt	done	1	0.002841	3	3.724580	0.010582
train/pos/10008_7.txt	done	1	0.003086	3	3.724580	0.011494
train/pos/1000_8.txt	done	2	0.023810	3	3.724580	0.088682
train/pos/10006_7.txt	donna	1	0.002994	5	3.319114	0.009937
train/pos/10007_7.txt	donna	2	0.004556	5	3.319114	0.015122
train/pos/10009_9.txt	donna	1	0.003597	5	3.319114	0.011939
train/pos/10010_7.txt	donna	1	0.003534	5	3.319114	0.011730
train/pos/10015_8.txt	donna	2	0.006079	5	3.319114	0.020177
train/neg/10017_4.txt	doo	1	0.005525	1	4.417727	0.024408
test/pos/10008_8.txt	doors	1	0.001042	2	4.012262	0.004181
train/neg/10000_4.txt	doors	1	0.001285	2	4.012262	0.005156
train/neg/10017_4.txt	double	1	0.005525	1	4.417727	0.024408
test/pos/10008_8.txt	doubt	1	0.001042	3	3.724580	0.003881
train/pos/10007_7.txt	doubt	1	0.002278	3	3.724580	0.008485
train/pos/10014_8.txt	doubt	1	0.005155	3	3.724580	0.019200
test/neg/10005_2.txt	down	1	0.006135	6	3.164964	0.019417
test/pos/10005_8.txt	down	1	0.002907	6	3.164964	0.009201
test/pos/10006_7.txt	down	1	0.006993	6	3.164964	0.022133
test/pos/10008_8.txt	down	2	0.002083	6	3.164964	0.006593
train/neg/10017_4.txt	down	1	0.005525	6	3.164964	0.017486
train/pos/0_9.txt	down	1	0.007143	6	3.164964	0.022607
test/pos/10000_7.txt	dozen	1	0.002841	2	4.012262	0.011399
test/pos/10002_8.txt	dozen	1	0.007812	2	4.012262	0.031344
train/neg/10017_4.txt	drag	1	0.005525	1	4.417727	0.024408
test/neg/0_2.txt	dragged	1	0.005848	1	4.417727	0.025835
test/pos/10005_8.txt	dragons	1	0.002907	1	4.417727	0.012842
train/neg/10015_2.txt	dragstrip	1	0.011494	3	3.724580	0.042810
train/neg/10016_4.txt	dragstrip	1	0.007576	3	3.724580	0.028217
train/neg/10017_4.txt	dragstrip	1	0.005525	3	3.724580	0.020578
train/neg/10003_1.txt	draining	1	0.002494	2	4.012262	0.010007
train/neg/10009_1.txt	draining	1	0.002915	2	4.012262	0.011696
test/neg/10007_4.txt	drama	1	0.007752	6	3.164964	0.024535
test/pos/10000_7.txt	drama	1	0.002841	6	3.164964	0.008992
train/neg/10003_1.txt	drama	1	0.002494	6	3.164964	0.007893
train/neg/10004_3.txt	drama	1	0.009615	6	3.164964	0.030431
train/pos/10004_8.txt	drama	2	0.011494	6	3.164964	0.036378
train/pos/10009_9.txt	drama	2	0.007194	6	3.164964	0.022769
train/pos/10008_7.txt	dramas	1	0.003086	1	4.417727	0.013633
train/pos/10001_10.txt	dramatic	1	0.006667	3	3.724580	0.024832
train/pos/10008_7.txt	dramatic	1	0.003086	3	3.724580	0.011494
train/pos/10012_8.txt	dramatic	1	0.006757	3	3.724580	0.025167
train/pos/10004_8.txt	dramatization	1	0.005747	1	4.417727	0.025389
train/pos/10006_7.txt	drawn	1	0.002994	1	4.417727	0.013227
train/pos/10016_8.txt	draws	1	0.007812	1	4.417727	0.034511
train/neg/10013_1.txt	dreadful	1	0.007463	2	4.012262	0.029944
train/pos/10007_7.txt	dreadful	1	0.002278	2	4.012262	0.009140
test/pos/10001_9.txt	dream	1	0.004049	1	4.417727	0.017887
train/neg/1000_4.txt	dreams	1	0.006849	1	4.417727	0.030257
train/neg/10003_1.txt	drenched	1	0.002494	1	4.417727	0.011018
test/pos/10008_8.txt	drenching	1	0.001042	1	4.417727	0.004603
train/neg/10002_1.txt	dress	1	0.006536	1	4.417727	0.028874
test/neg/10003_3.txt	dressing	1	0.004219	1	4.417727	0.018638
test/pos/10008_8.txt	drifts	1	0.001042	1	4.417727	0.004603
test/pos/10008_8.txt	drink	1	0.001042	1	4.417727	0.004603
test/neg/10005_2.txt	drinking	1	0.006135	2	4.012262	0.024615
train/neg/10010_3.txt	drinking	1	0.009901	2	4.012262	0.039725
test/neg/10005_2.txt	drinks	1	0.006135	1	4.417727	0.027103
train/neg/10014_2.txt	drive	1	0.014925	1	4.417727	0.065935
test/neg/0_2.txt	driven	1	0.005848	1	4.417727	0.025835
test/neg/10008_4.txt	driver	1	0.005988	1	4.417727	0.026453
test/pos/10008_8.txt	drives	1	0.001042	1	4.417727	0.004603
test/pos/10001_9.txt	drone	1	0.004049	1	4.417727	0.017887
train/neg/10013_1.txt	drones	1	0.007463	1	4.417727	0.032969
train/neg/10000_4.txt	drown	1	0.001285	1	4.417727	0.005677
test/pos/10006_7.txt	drug	1	0.006993	2	4.012262	0.028058
test/pos/10008_8.txt	drug	2	0.002083	2	4.012262	0.008358
test/pos/10005_8.txt	drugs	3	0.008721	3	3.724580	0.032482
test/pos/10007_10.txt	drugs	1	0.005747	3	3.724580	0.021405
test/pos/10008_8.txt	drugs	4	0.004167	3	3.724580	0.015520
train/neg/10000_4.txt	drunk	1	0.001285	1	4.417727	0.005677
test/neg/10004_2.txt	dubbed	1	0.008475	2	4.012262	0.034004
test/pos/10000_7.txt	dubbed	1	0.002841	2	4.012262	0.011399
train/neg/10014_2.txt	duck	1	0.014925	1	4.417727	0.065935
train/pos/10006_7.txt	due	1	0.002994	2	4.012262	0.012013
train/pos/10014_8.txt	due	1	0.005155	2	4.012262	0.020683
train/neg/10000_4.txt	dull	2	0.002571	2	4.012262	0.010316
train/neg/10003_1.txt	dull	1	0.002494	2	4.012262	0.010007
test/pos/10008_8.txt	dulled	1	0.001042	1	4.417727	0.004603
train/pos/10008_7.txt	dumb	1	0.003086	1	4.417727	0.013633
test/neg/10003_3.txt	during	1	0.004219	6	3.164964	0.013353
test/neg/10005_2.txt	during	1	0.006135	6	3.164964	0.019417
test/pos/0_10.txt	during	2	0.013072	6	3.164964	0.041372
test/pos/10005_8.txt	during	1	0.002907	6	3.164964	0.009201
train/neg/10009_1.txt	during	1	0.002915	6	3.164964	0.009226
train/neg/10012_1.txt	during	1	0.005747	6	3.164964	0.018189
train/pos/10008_7.txt	dvd	1	0.003086	1	4.417727	0.013633
train/neg/10005_3.txt	dwarfs	1	0.003058	1	4.417727	0.013509
train/pos/10007_7.txt	dying	1	0.002278	1	4.417727	0.010064
train/neg/10005_3.txt	dysfunctional	1	0.003058	1	4.417727	0.013509
test/neg/10001_1.txt	e	1	0.004464	1	4.417727	0.019721
test/neg/10000_4.txt	each	1	0.004149	5	3.319114	0.013771
test/neg/10001_1.txt	each	1	0.004464	5	3.319114	0.014817
test/neg/10002_3.txt	each	1	0.003135	5	3.319114	0.010405
train/neg/10006_4.txt	each	1	0.006289	5	3.319114	0.020874
train/pos/10001_10.txt	each	1	0.006667	5	3.319114	0.022129
train/neg/10005_3.txt	earlier	1	0.003058	1	4.417727	0.013509
test/neg/0_2.txt	early	1	0.005848	7	3.031432	0.017728
test/pos/10001_9.txt	early	1	0.004049	7	3.031432	0.012274
test/pos/10003_8.txt	early	1	0.004878	7	3.031432	0.014787
test/pos/10004_9.txt	early	2	0.006349	7	3.031432	0.019247
test/pos/10006_7.txt	early	1	0.006993	7	3.031432	0.021199
test/pos/10008_8.txt	early	1	0.001042	7	3.031432	0.003159
train/pos/10010_7.txt	early	1	0.003534	7	3.031432	0.010713
test/pos/10008_8.txt	earrings	1	0.001042	1	4.417727	0.004603
train/neg/10012_1.txt	earth	1	0.005747	1	4.417727	0.025389
train/neg/10010_3.txt	ease	1	0.009901	1	4.417727	0.043740
train/pos/10002_7.txt	easily	1	0.008065	1	4.417727	0.035629
train/neg/10009_1.txt	east	1	0.002915	1	4.417727	0.012878
test/pos/10000_7.txt	easy	1	0.002841	2	4.012262	0.011399
train/neg/0_3.txt	easy	1	0.008772	2	4.012262	0.035196
test/neg/10002_3.txt	eat	1	0.003135	1	4.417727	0.013850
test/neg/10003_3.txt	ecstasy	1	0.004219	1	4.417727	0.018638
train/pos/10017_9.txt	edge	1	0.006623	1	4.417727	0.029259
test/neg/10008_4.txt	edges	1	0.005988	2	4.012262	0.024025
test/pos/10008_8.txt	edges	1	0.001042	2	4.012262	0.004181
test/pos/10004_9.txt	editing	1	0.003175	3	3.724580	0.011826
train/pos/10006_7.txt	editing	1	0.002994	3	3.724580	0.011151
train/pos/10013_7.txt	editing	1	0.006173	3	3.724580	0.022992
train/pos/10007_7.txt	editor	1	0.002278	1	4.417727	0.010064
train/pos/10013_7.txt	eerie	1	0.006173	1	4.417727	0.027271
test/pos/10000_7.txt	effect	1	0.002841	1	4.417727	0.012551
test/pos/10000_7.txt	effective	1	0.002841	1	4.417727	0.012551
test/pos/10008_8.txt	effects	1	0.001042	2	4.012262	0.004181
train/neg/10000_4.txt	effects	1	0.001285	2	4.012262	0.005156
train/neg/10007_1.txt	effort	1	0.014706	3	3.724580	0.054774
train/neg/1000_4.txt	effort	1	0.006849	3	3.724580	0.025510
train/pos/10016_8.txt	effort	2	0.015625	3	3.724580	0.058197
train/neg/10000_4.txt	either	2	0.002571	5	3.319114	0.008533
train/neg/10002_1.txt	either	1	0.006536	5	3.319114	0.021694
train/neg/10008_2.txt	either	2	0.006944	5	3.319114	0.023048
train/pos/10002_7.txt	either	1	0.008065	5	3.319114	0.026769
train/pos/10006_7.txt	either	1	0.002994	5	3.319114	0.009937
train/pos/10000_8.txt	elections	1	0.002278	1	4.417727	0.010064
train/neg/10003_1.txt	elevated	1	0.002494	1	4.417727	0.011018
test/neg/10008_4.txt	eleventh	1	0.005988	1	4.417727	0.026453
train/neg/10009_1.txt	elite	1	0.002915	1	4.417727	0.012878
test/neg/0_2.txt	else	1	0.005848	8	2.913649	0.017039
test/neg/10005_2.txt	else	1	0.006135	8	2.913649	0.017875
test/neg/10008_4.txt	else	1	0.005988	8	2.913649	0.017447
train/neg/10001_4.txt	else	1	0.007042	8	2.913649	0.020518
train/neg/10008_2.txt	else	1	0.003472	8	2.913649	0.010116
train/neg/10009_1.txt	else	2	0.005831	8	2.913649	0.016989
train/neg/10016_4.txt	else	1	0.007576	8	2.913649	0.022074
train/pos/10002_7.txt	else	1	0.008065	8	2.913649	0.023499
train/pos/10010_7.txt	elusive	1	0.003534	1	4.417727	0.015612
train/neg/10005_3.txt	embarrassing	2	0.006116	1	4.417727	0.027019
test/neg/10002_3.txt	emergence	1	0.003135	1	4.417727	0.013850
train/pos/10007_7.txt	emery	1	0.002278	1	4.417727	0.010064
train/neg/10011_3.txt	emotion	1	0.007246	1	4.417727	0.032011
train/pos/10007_7.txt	emotional	1	0.002278	1	4.417727	0.010064
test/pos/10008_8.txt	emotionally	1	0.001042	1	4.417727	0.004603
test/pos/0_10.txt	emotions	1	0.006536	2	4.012262	0.026224
test/pos/10008_8.txt	emotions	1	0.001042	2	4.012262	0.004181
test/pos/10005_8.txt	empathizes	1	0.002907	1	4.417727	0.012842
test/pos/10008_8.txt	emphatic	1	0.001042	1	4.417727	0.004603
train/pos/10010_7.txt	en	1	0.003534	1	4.417727	0.015612
test/pos/10008_8.txt	enablers	1	0.001042	1	4.417727	0.004603
train/neg/10001_4.txt	enamored	1	0.007042	2	4.012262	0.028254
train/pos/10014_8.txt	enamored	1	0.005155	2	4.012262	0.020683
train/neg/10016_4.txt	encountering	1	0.007576	1	4.417727	0.033469
test/pos/10001_9.txt	encourages	1	0.004049	1	4.417727	0.017887
test/neg/10007_4.txt	end	1	0.007752	12	2.545925	0.019736
test/pos/10000_7.txt	end	1	0.002841	12	2.545925	0.007233
test/pos/10003_8.txt	end	1	0.004878	12	2.545925	0.012419
test/pos/10008_8.txt	end	1	0.001042	12	2.545925	0.002653
train/neg/10000_4.txt	end	1	0.001285	12	2.545925	0.003272
train/neg/10008_2.txt	end	1	0.003472	12	2.545925	0.008839
train/neg/10009_1.txt	end	2	0.005831	12	2.545925	0.014845
train/neg/1000_4.txt	end	1	0.006849	12	2.545925	0.017437
train/neg/10016_4.txt	end	1	0.007576	12	2.545925	0.019288
train/pos/10000_8.txt	end	1	0.002278	12	2.545925	0.005800
train/pos/10008_7.txt	end	1	0.003086	12	2.545925	0.007857
train/pos/10017_9.txt	end	1	0.006623	12	2.545925	0.016862
test/pos/10001_9.txt	ending	1	0.004049	3	3.724580	0.015081
train/pos/10006_7.txt	ending	1	0.002994	3	3.724580	0.011151
train/pos/10011_9.txt	ending	1	0.004525	3	3.724580	0.016854
train/neg/10009_1.txt	endless	1	0.002915	1	4.417727	0.012878
test/pos/10008_8.txt	endlessly	1	0.001042	1	4.417727	0.004603
train/pos/10015_8.txt	ends	1	0.003040	1	4.417727	0.013430
test/neg/10003_3.txt	endures	1	0.004219	1	4.417727	0.018638
train/neg/10009_1.txt	energy	1	0.002915	1	4.417727	0.012878
test/pos/10000_7.txt	engaging	1	0.002841	3	3.724580	0.010582
train/neg/10011_3.txt	engaging	1	0.007246	3	3.724580	0.026988
train/pos/10005_7.txt	engaging	1	0.009434	3	3.724580	0.035138
test/pos/10003_8.txt	england	1	0.004878	1	4.417727	0.021550
test/neg/10004_2.txt	english	1	0.008475	2	4.012262	0.034004
test/pos/10001_9.txt	english	1	0.004049	2	4.012262	0.016246
test/neg/10002_3.txt	enjoy	1	0.003135	3	3.724580	0.011677
train/pos/10005_7.txt	enjoy	1	0.009434	3	3.724580	0.035138
train/pos/10014_8.txt	enjoy	1	0.005155	3	3.724580	0.019200
test/neg/10002_3.txt	enjoyed	1	0.003135	5	3.319114	0.010405
train/neg/10002_1.txt	enjoyed	1	0.006536	5	3.319114	0.021694
train/neg/10012_1.txt	enjoyed	1	0.005747	5	3.319114	0.019075
train/pos/10011_9.txt	enjoyed	1	0.004525	5	3.319114	0.015019
train/pos/10014_8.txt	enjoyed	1	0.005155	5	3.319114	0.017110
test/neg/10008_4.txt	enough	1	0.005988	7	3.031432	0.018152
train/neg/10006_4.txt	enough	1	0.006289	7	3.031432	0.019065
train/neg/10009_1.txt	enough	1	0.002915	7	3.031432	0.008837
train/neg/10010_3.txt	enough	1	0.009901	7	3.031432	0.030014
train/pos/10005_7.txt	enough	1	0.009434	7	3.031432	0.028599
train/pos/10010_7.txt	enough	1	0.003534	7	3.031432	0.010713
train/pos/10015_8.txt	enough	1	0.003040	7	3.031432	0.009216
test/pos/10008_8.txt	ensuing	1	0.001042	1	4.417727	0.004603
train/neg/10017_4.txt	entendres	1	0.005525	1	4.417727	0.024408
test/neg/10003_3.txt	entertain	1	0.004219	1	4.417727	0.018638
train/neg/10000_4.txt	entertained	1	0.001285	2	4.012262	0.005156
train/pos/10004_8.txt	entertained	1	0.005747	2	4.012262	0.023058
train/neg/10000_4.txt	entertaining	1	0.001285	4	3.501436	0.004499
train/neg/10005_3.txt	entertaining	1	0.003058	4	3.501436	0.010707
train/neg/10006_4.txt	entertaining	1	0.006289	4	3.501436	0.022021
train/neg/10012_1.txt	entertaining	1	0.005747	4	3.501436	0.020123
train/neg/10016_4.txt	entertainment	1	0.007576	2	4.012262	0.030397
train/pos/10000_8.txt	entertainment	1	0.002278	2	4.012262	0.009140
train/pos/10017_9.txt	enthralled	1	0.006623	1	4.417727	0.029259
test/pos/10000_7.txt	enthralling	1	0.002841	2	4.012262	0.011399
train/pos/10010_7.txt	enthralling	1	0.003534	2	4.012262	0.014179
test/pos/0_10.txt	entire	1	0.006536	2	4.012262	0.026224
train/pos/10011_9.txt	entire	1	0.004525	2	4.012262	0.018155
train/pos/10010_7.txt	entitled	1	0.003534	1	4.417727	0.015612
train/pos/0_9.txt	episode	1	0.007143	1	4.417727	0.031556
test/pos/10001_9.txt	equal	1	0.004049	1	4.417727	0.017887
train/neg/10013_1.txt	equally	1	0.007463	1	4.417727	0.032969
test/neg/10004_2.txt	er	1	0.008475	1	4.417727	0.037440
train/neg/0_3.txt	era	1	0.008772	2	4.012262	0.035196
train/neg/10017_4.txt	era	1	0.005525	2	4.012262	0.022168
test/neg/10003_3.txt	erotic	1	0.004219	1	4.417727	0.018638
test/pos/10008_8.txt	escape	2	0.002083	1	4.417727	0.009202
train/pos/10007_7.txt	escaped	1	0.002278	1	4.417727	0.010064
train/neg/10011_3.txt	escort	1	0.007246	1	4.417727	0.032011
test/pos/10007_10.txt	especially	2	0.011494	5	3.319114	0.038150
train/neg/10002_1.txt	especially	1	0.006536	5	3.319114	0.021694
train/neg/10008_2.txt	especially	1	0.003472	5	3.319114	0.011524
train/pos/10008_7.txt	especially	1	0.003086	5	3.319114	0.010243
train/pos/1000_8.txt	especially	1	0.011905	5	3.319114	0.039514
train/pos/10009_9.txt	essence	1	0.003597	1	4.417727	0.015891
train/pos/10015_8.txt	established	1	0.003040	1	4.417727	0.013430
train/pos/10006_7.txt	establishing	1	0.002994	1	4.417727	0.013227
test/pos/10003_8.txt	establishment	1	0.004878	3	3.724580	0.018168
test/pos/10004_9.txt	establishment	1	0.003175	3	3.724580	0.011826
test/pos/10008_8.txt	establishment	1	0.001042	3	3.724580	0.003881
test/pos/10003_8.txt	establishments	1	0.004878	1	4.417727	0.021550
train/neg/10000_4.txt	estate	1	0.001285	1	4.417727	0.005677
train/pos/10007_7.txt	estranged	1	0.002278	1	4.417727	0.010064
train/neg/10003_1.txt	estrangement	1	0.002494	1	4.417727	0.011018
test/neg/10007_4.txt	etc	1	0.007752	4	3.501436	0.027143
test/pos/10005_8.txt	etc	1	0.002907	4	3.501436	0.010179
test/pos/10006_7.txt	etc	1	0.006993	4	3.501436	0.024486
train/neg/10005_3.txt	etc	2	0.006116	4	3.501436	0.021415
test/neg/10002_3.txt	even	1	0.003135	21	2.019831	0.006332
test/neg/10008_4.txt	even	1	0.005988	21	2.019831	0.012095
test/pos/10002_8.txt	even	1	0.007812	21	2.019831	0.015779
test/pos/10003_8.txt	even	1	0.004878	21	2.019831	0.009853
test/pos/10004_9.txt	even	1	0.003175	21	2.019831	0.006413
test/pos/10006_7.txt	even	1	0.006993	21	2.019831	0.014125
test/pos/10008_8.txt	even	1	0.001042	21	2.019831	0.002105
train/neg/0_3.txt	even	1	0.008772	21	2.019831	0.017718
train/neg/10000_4.txt	even	3	0.003856	21	2.019831	0.007788
train/neg/10001_4.txt	even	1	0.007042	21	2.019831	0.014224
train/neg/10006_4.txt	even	1	0.006289	21	2.019831	0.012703
train/neg/10008_2.txt	even	2	0.006944	21	2.019831	0.014026
train/neg/1000_4.txt	even	1	0.006849	21	2.019831	0.013834
train/neg/10010_3.txt	even	1	0.009901	21	2.019831	0.019998
train/neg/10011_3.txt	even	3	0.021739	21	2.019831	0.043909
train/neg/10012_1.txt	even	1	0.005747	21	2.019831	0.011608
train/pos/10005_7.txt	even	1	0.009434	21	2.019831	0.019055
train/pos/10006_7.txt	even	1	0.002994	21	2.019831	0.006047
train/pos/10008_7.txt	even	3	0.009259	21	2.019831	0.018702
train/pos/10010_7.txt	even	1	0.003534	21	2.019831	0.007138
train/pos/10017_9.txt	even	1	0.006623	21	2.019831	0.013377
train/pos/10017_9.txt	evening	1	0.006623	1	4.417727	0.029259
train/pos/10010_7.txt	evenings	1	0.003534	1	4.417727	0.015612
test/pos/10004_9.txt	event	1	0.003175	2	4.012262	0.012739
train/pos/10009_9.txt	event	2	0.007194	2	4.012262	0.028864
train/neg/1000_4.txt	events	2	0.013699	5	3.319114	0.045469
train/pos/10006_7.txt	events	1	0.002994	5	3.319114	0.009937
train/pos/10007_7.txt	events	1	0.002278	5	3.319114	0.007561
train/pos/10014_8.txt	events	1	0.005155	5	3.319114	0.017110
train/pos/10015_8.txt	events	1	0.003040	5	3.319114	0.010090
test/neg/10005_2.txt	eventually	1	0.006135	5	3.319114	0.020363
train/neg/0_3.txt	eventually	1	0.008772	5	3.319114	0.029115
train/neg/10013_1.txt	eventually	1	0.007463	5	3.319114	0.024771
train/pos/10007_7.txt	eventually	1	0.002278	5	3.319114	0.007561
train/pos/10008_7.txt	eventually	1	0.003086	5	3.319114	0.010243
test/neg/10006_2.txt	ever	1	0.006944	6	3.164964	0.021978
test/pos/10000_7.txt	ever	2	0.005682	6	3.164964	0.017983
train/neg/10009_1.txt	ever	1	0.002915	6	3.164964	0.009226
train/neg/10014_2.txt	ever	1	0.014925	6	3.164964	0.047237
train/pos/10001_10.txt	ever	1	0.006667	6	3.164964	0.021101
train/pos/10009_9.txt	ever	1	0.003597	6	3.164964	0.011384
test/neg/10000_4.txt	every	1	0.004149	8	2.913649	0.012089
test/neg/10004_2.txt	every	1	0.008475	8	2.913649	0.024693
test/pos/10003_8.txt	every	1	0.004878	8	2.913649	0.014213
test/pos/10004_9.txt	every	1	0.003175	8	2.913649	0.009251
train/neg/10009_1.txt	every	2	0.005831	8	2.913649	0.016989
train/pos/10000_8.txt	every	1	0.002278	8	2.913649	0.006637
train/pos/10009_9.txt	every	1	0.003597	8	2.913649	0.010480
train/pos/10017_9.txt	every	2	0.013245	8	2.913649	0.038591
test/neg/10001_1.txt	everybody	2	0.008929	1	4.417727	0.039446
test/neg/10002_3.txt	everyone	3	0.009404	6	3.164964	0.029763
test/pos/10007_10.txt	everyone	2	0.011494	6	3.164964	0.036378
train/neg/10002_1.txt	everyone	1	0.006536	6	3.164964	0.020686
train/neg/10003_1.txt	everyone	2	0.004988	6	3.164964	0.015787
train/neg/10008_2.txt	everyone	1	0.003472	6	3.164964	0.010989
train/pos/10011_9.txt	everyone	1	0.004525	6	3.164964	0.014321
test/pos/10005_8.txt	everything	1	0.002907	5	3.319114	0.009649
test/pos/10007_10.txt	everything	1	0.005747	5	3.319114	0.019075
train/neg/1000_4.txt	everything	2	0.013699	5	3.319114	0.045469
train/pos/10000_8.txt	everything	3	0.006834	5	3.319114	0.022683
train/pos/10012_8.txt	everything	1	0.006757	5	3.319114	0.022427
test/neg/10001_1.txt	everywhere	1	0.004464	2	4.012262	0.017911
train/pos/10006_7.txt	everywhere	1	0.002994	2	4.012262	0.012013
test/pos/10001_9.txt	evicted	1	0.004049	2	4.012262	0.016246
train/neg/10016_4.txt	evicted	1	0.007576	2	4.012262	0.030397
test/pos/10008_8.txt	evident	1	0.001042	1	4.417727	0.004603
train/pos/1000_8.txt	evil	1	0.011905	1	4.417727	0.052593
train/pos/10006_7.txt	evokes	1	0.002994	1	4.417727	0.013227
train/pos/10000_8.txt	ex	1	0.002278	2	4.012262	0.009140
train/pos/10014_8.txt	ex	1	0.005155	2	4.012262	0.020683
test/neg/10000_4.txt	exact	2	0.008299	2	4.012262	0.033298
test/neg/10003_3.txt	exact	1	0.004219	2	4.012262	0.016928
test/pos/0_10.txt	exactly	1	0.006536	3	3.724580	0.024344
train/neg/10001_4.txt	exactly	1	0.007042	3	3.724580	0.026228
train/neg/10005_3.txt	exactly	1	0.003058	3	3.724580	0.011390
test/neg/10000_4.txt	example	1	0.004149	4	3.501436	0.014527
test/pos/10004_9.txt	example	1	0.003175	4	3.501436	0.011117
test/pos/10007_10.txt	example	1	0.005747	4	3.501436	0.020123
train/neg/0_3.txt	example	1	0.008772	4	3.501436	0.030715
test/neg/10008_4.txt	exceedingly	1	0.005988	1	4.417727	0.026453
test/pos/10003_8.txt	excellent	1	0.004878	7	3.031432	0.014787
train/neg/10002_1.txt	excellent	2	0.013072	7	3.031432	0.039627
train/neg/10009_1.txt	excellent	1	0.002915	7	3.031432	0.008837
train/neg/10010_3.txt	excellent	1	0.009901	7	3.031432	0.030014
train/pos/10007_7.txt	excellent	1	0.002278	7	3.031432	0.006906
train/pos/10009_9.txt	excellent	1	0.003597	7	3.031432	0.010904
train/pos/10012_8.txt	excellent	1	0.006757	7	3.031432	0.020483
test/neg/10001_1.txt	except	2	0.008929	3	3.724580	0.033257
test/pos/10007_10.txt	except	1	0.005747	3	3.724580	0.021405
train/pos/10015_8.txt	except	1	0.003040	3	3.724580	0.011323
train/pos/10008_7.txt	exception	1	0.003086	1	4.417727	0.013633
test/pos/10008_8.txt	exceptionally	1	0.001042	2	4.012262	0.004181
train/pos/10006_7.txt	exceptionally	1	0.002994	2	4.012262	0.012013
test/pos/10008_8.txt	exchange	1	0.001042	1	4.417727	0.004603
train/neg/10017_4.txt	exchanges	1	0.005525	1	4.417727	0.024408
train/neg/10000_4.txt	excitement	1	0.001285	1	4.417727	0.005677
train/neg/10004_3.txt	excoriated	1	0.009615	1	4.417727	0.042476
train/neg/10011_3.txt	excruciatingly	1	0.007246	1	4.417727	0.032011
test/neg/10004_2.txt	excuse	1	0.008475	1	4.417727	0.037440
test/pos/10003_8.txt	exemplary	1	0.004878	2	4.012262	0.019572
train/pos/10006_7.txt	exemplary	1	0.002994	2	4.012262	0.012013
test/pos/10008_8.txt	exercises	1	0.001042	1	4.417727	0.004603
train/pos/10008_7.txt	exist	1	0.003086	1	4.417727	0.013633
train/pos/10007_7.txt	existence	1	0.002278	2	4.012262	0.009140
train/pos/10010_7.txt	existence	1	0.003534	2	4.012262	0.014179
train/neg/10005_3.txt	existential	1	0.003058	1	4.417727	0.013509
test/pos/0_10.txt	exiting	1	0.006536	2	4.012262	0.026224
test/pos/10008_8.txt	exiting	1	0.001042	2	4.012262	0.004181
test/pos/10002_8.txt	expect	1	0.007812	5	3.319114	0.025929
train/neg/1000_4.txt	expect	1	0.006849	5	3.319114	0.022733
train/neg/10016_4.txt	expect	1	0.007576	5	3.319114	0.025146
train/pos/0_9.txt	expect	1	0.007143	5	3.319114	0.023708
train/pos/10014_8.txt	expect	1	0.005155	5	3.319114	0.017110
test/neg/10006_2.txt	expected	1	0.006944	4	3.501436	0.024314
train/neg/10000_4.txt	expected	1	0.001285	4	3.501436	0.004499
train/neg/10013_1.txt	expected	1	0.007463	4	3.501436	0.026131
train/pos/10009_9.txt	expected	1	0.003597	4	3.501436	0.012595
train/pos/10011_9.txt	expecting	1	0.004525	1	4.417727	0.019990
test/neg/10003_3.txt	expensive	1	0.004219	1	4.417727	0.018638
test/pos/10007_10.txt	experience	1	0.005747	1	4.417727	0.025389
test/neg/10001_1.txt	explain	1	0.004464	1	4.417727	0.019721
test/neg/10004_2.txt	exploitationer	1	0.008475	1	4.417727	0.037440
train/neg/10001_4.txt	exploits	1	0.007042	1	4.417727	0.031110
test/pos/10004_9.txt	explores	1	0.003175	1	4.417727	0.014026
test/pos/10008_8.txt	exposes	1	0.001042	1	4.417727	0.004603
test/pos/10006_7.txt	exposing	1	0.006993	1	4.417727	0.030893
test/pos/10004_9.txt	expressing	1	0.003175	1	4.417727	0.014026
train/neg/10003_1.txt	expressionist	1	0.002494	1	4.417727	0.011018
test/neg/10003_3.txt	expressions	1	0.004219	1	4.417727	0.018638
train/pos/10015_8.txt	exteriors	1	0.003040	1	4.417727	0.013430
test/pos/10003_8.txt	extra	1	0.004878	2	4.012262	0.019572
train/neg/10000_4.txt	extra	2	0.002571	2	4.012262	0.010316
train/neg/10003_1.txt	extreme	1	0.002494	1	4.417727	0.011018
test/pos/10008_8.txt	extremes	1	0.001042	1	4.417727	0.004603
train/neg/10010_3.txt	eye	1	0.009901	1	4.417727	0.043740
test/neg/10007_4.txt	eyes	1	0.007752	3	3.724580	0.028873
test/neg/10008_4.txt	eyes	1	0.005988	3	3.724580	0.022303
test/pos/10001_9.txt	eyes	1	0.004049	3	3.724580	0.015081
train/neg/10002_1.txt	f	1	0.006536	1	4.417727	0.028874
test/pos/10002_8.txt	fabulous	1	0.007812	2	4.012262	0.031344
test/pos/10005_8.txt	fabulous	1	0.002907	2	4.012262	0.011664
test/pos/10008_8.txt	face	1	0.001042	2	4.012262	0.004181
train/pos/10001_10.txt	face	1	0.006667	2	4.012262	0.026750
train/neg/10000_4.txt	faces	1	0.001285	1	4.417727	0.005677
test/neg/10003_3.txt	facial	1	0.004219	1	4.417727	0.018638
train/neg/10000_4.txt	facing	1	0.001285	1	4.417727	0.005677
test/neg/10005_2.txt	fact	1	0.006135	6	3.164964	0.019417
test/pos/10007_10.txt	fact	1	0.005747	6	3.164964	0.018189
train/neg/10009_1.txt	fact	2	0.005831	6	3.164964	0.018455
train/neg/10011_3.txt	fact	1	0.007246	6	3.164964	0.022933
train/pos/10007_7.txt	fact	1	0.002278	6	3.164964	0.007210
train/pos/10011_9.txt	fact	1	0.004525	6	3.164964	0.014321
train/pos/10013_7.txt	faded	1	0.006173	1	4.417727	0.027271
test/neg/10003_3.txt	fail	1	0.004219	1	4.417727	0.018638
train/neg/10007_1.txt	failed	1	0.014706	1	4.417727	0.064967
train/pos/10004_8.txt	fails	1	0.005747	1	4.417727	0.025389
test/pos/10004_9.txt	fairways	1	0.003175	1	4.417727	0.014026
test/pos/10008_8.txt	fake	1	0.001042	1	4.417727	0.004603
train/pos/10002_7.txt	fall	1	0.008065	1	4.417727	0.035629
test/neg/10001_1.txt	falling	1	0.004464	1	4.417727	0.019721
test/neg/10003_3.txt	falls	1	0.004219	3	3.724580	0.015714
test/neg/10007_4.txt	falls	1	0.007752	3	3.724580	0.028873
test/neg/10008_4.txt	falls	1	0.005988	3	3.724580	0.022303
test/pos/10008_8.txt	false	1	0.001042	2	4.012262	0.004181
train/pos/10013_7.txt	false	1	0.006173	2	4.012262	0.024768
train/pos/10004_8.txt	fame	1	0.005747	2	4.012262	0.023058
train/pos/10006_7.txt	fame	1	0.002994	2	4.012262	0.012013
test/pos/10003_8.txt	familiar	1	0.004878	3	3.724580	0.018168
train/neg/10000_4.txt	familiar	1	0.001285	3	3.724580	0.004786
train/pos/10015_8.txt	familiar	1	0.003040	3	3.724580	0.011323
test/pos/10006_7.txt	familiarity	1	0.006993	1	4.417727	0.030893
test/pos/10000_7.txt	family	2	0.005682	6	3.164964	0.017983
test/pos/10005_8.txt	family	3	0.008721	6	3.164964	0.027602
test/pos/10007_10.txt	family	1	0.005747	6	3.164964	0.018189
test/pos/10008_8.txt	family	1	0.001042	6	3.164964	0.003298
train/neg/10003_1.txt	family	1	0.002494	6	3.164964	0.007893
train/neg/10005_3.txt	family	3	0.009174	6	3.164964	0.029035
test/neg/10006_2.txt	fan	2	0.013889	5	3.319114	0.046099
test/pos/10000_7.txt	fan	1	0.002841	5	3.319114	0.009430
train/neg/10002_1.txt	fan	1	0.006536	5	3.319114	0.021694
train/neg/10008_2.txt	fan	1	0.003472	5	3.319114	0.011524
train/pos/10007_7.txt	fan	4	0.009112	5	3.319114	0.030244
train/neg/10017_4.txt	fanatic	1	0.005525	1	4.417727	0.024408
test/neg/10006_2.txt	fans	1	0.006944	2	4.012262	0.027861
train/pos/10007_7.txt	fans	2	0.004556	2	4.012262	0.018280
train/pos/10001_10.txt	fantastic	1	0.006667	3	3.724580	0.024832
train/pos/10003_8.txt	fantastic	1	0.008264	3	3.724580	0.030780
train/pos/10008_7.txt	fantastic	1	0.003086	3	3.724580	0.011494
test/neg/0_2.txt	far	1	0.005848	8	2.913649	0.017039
test/neg/10008_4.txt	far	1	0.005988	8	2.913649	0.017447
test/pos/10008_8.txt	far	1	0.001042	8	2.913649	0.003036
train/neg/10000_4.txt	far	2	0.002571	8	2.913649	0.007491
train/neg/10003_1.txt	far	1	0.002494	8	2.913649	0.007267
train/neg/10005_3.txt	far	2	0.006116	8	2.913649	0.017820
train/pos/0_9.txt	far	1	0.007143	8	2.913649	0.020812
train/pos/10008_7.txt	far	1	0.003086	8	2.913649	0.008992
train/pos/10004_8.txt	fare	1	0.005747	1	4.417727	0.025389
train/pos/10016_8.txt	fares	1	0.007812	1	4.417727	0.034511
test/neg/10003_3.txt	farley	1	0.004219	1	4.417727	0.018638
train/neg/10003_1.txt	fart	1	0.002494	1	4.417727	0.011018
test/pos/10006_7.txt	fashion	1	0.006993	2	4.012262	0.028058
train/pos/10011_9.txt	fashion	1	0.004525	2	4.012262	0.018155
test/pos/10008_8.txt	fashionable	1	0.001042	1	4.417727	0.004603
test/pos/10003_8.txt	fashioned	1	0.004878	2	4.012262	0.019572
train/pos/10007_7.txt	fashioned	1	0.002278	2	4.012262	0.009140
train/neg/10000_4.txt	fashions	1	0.001285	1	4.417727	0.005677
train/neg/10000_4.txt	fast	1	0.001285	1	4.417727	0.005677
train/pos/10015_8.txt	faster	1	0.003040	1	4.417727	0.013430
test/neg/10005_2.txt	father	1	0.006135	5	3.319114	0.020363
test/pos/10001_9.txt	father	1	0.004049	5	3.319114	0.013439
test/pos/10005_8.txt	father	1	0.002907	5	3.319114	0.009649
test/pos/10007_10.txt	father	1	0.005747	5	3.319114	0.019075
test/pos/10008_8.txt	father	7	0.007292	5	3.319114	0.024203
test/neg/10002_3.txt	fault	1	0.003135	1	4.417727	0.013850
train/neg/10003_1.txt	favorite	1	0.002494	4	3.501436	0.008733
train/neg/1000_4.txt	favorite	1	0.006849	4	3.501436	0.023981
train/neg/10016_4.txt	favorite	1	0.007576	4	3.501436	0.026527
train/pos/10001_10.txt	favorite	1	0.006667	4	3.501436	0.023344
test/pos/10003_8.txt	favourite	1	0.004878	2	4.012262	0.019572
train/neg/10000_4.txt	favourite	1	0.001285	2	4.012262	0.005156
test/neg/10008_4.txt	faye	1	0.005988	1	4.417727	0.026453
test/neg/10003_3.txt	fear	1	0.004219	1	4.417727	0.018638
test/neg/10003_3.txt	feature	1	0.004219	1	4.417727	0.018638
test/neg/10002_3.txt	feel	1	0.003135	6	3.164964	0.009922
test/pos/10005_8.txt	feel	1	0.002907	6	3.164964	0.009201
train/neg/10003_1.txt	feel	1	0.002494	6	3.164964	0.007893
train/pos/10010_7.txt	feel	1	0.003534	6	3.164964	0.011185
train/pos/10012_8.txt	feel	1	0.006757	6	3.164964	0.021386
train/pos/10015_8.txt	feel	1	0.003040	6	3.164964	0.009621
test/neg/10002_3.txt	feeling	1	0.003135	6	3.164964	0.009922
test/pos/10005_8.txt	feeling	1	0.002907	6	3.164964	0.009201
train/neg/10003_1.txt	feeling	1	0.002494	6	3.164964	0.007893
train/pos/10008_7.txt	feeling	1	0.003086	6	3.164964	0.009767
train/pos/10010_7.txt	feeling	1	0.003534	6	3.164964	0.011185
train/pos/10012_8.txt	feeling	1	0.006757	6	3.164964	0.021386
train/neg/0_3.txt	feelings	1	0.008772	2	4.012262	0.035196
train/pos/10008_7.txt	feelings	1	0.003086	2	4.012262	0.012382
train/pos/10016_8.txt	feels	1	0.007812	1	4.417727	0.034511
test/pos/10008_8.txt	fegsen	1	0.001042	1	4.417727	0.004603
test/neg/10002_3.txt	fell	1	0.003135	1	4.417727	0.013850
test/pos/10006_7.txt	felt	2	0.013986	6	3.164964	0.044265
test/pos/10008_8.txt	felt	1	0.001042	6	3.164964	0.003298
train/neg/10003_1.txt	felt	1	0.002494	6	3.164964	0.007893
train/neg/10008_2.txt	felt	1	0.003472	6	3.164964	0.010989
train/pos/10004_8.txt	felt	2	0.011494	6	3.164964	0.036378
train/pos/10016_8.txt	felt	1	0.007812	6	3.164964	0.024725
train/neg/10017_4.txt	female	1	0.005525	1	4.417727	0.024408
test/pos/10008_8.txt	fence	1	0.001042	1	4.417727	0.004603
test/pos/10004_9.txt	festival	1	0.003175	1	4.417727	0.014026
train/pos/0_9.txt	fetched	1	0.007143	1	4.417727	0.031556
test/neg/10005_2.txt	fetish	1	0.006135	1	4.417727	0.027103
test/neg/0_2.txt	few	1	0.005848	6	3.164964	0.018509
test/pos/0_10.txt	few	1	0.006536	6	3.164964	0.020686
train/neg/10000_4.txt	few	1	0.001285	6	3.164964	0.004067
train/neg/10017_4.txt	few	1	0.005525	6	3.164964	0.017486
train/pos/10013_7.txt	few	1	0.006173	6	3.164964	0.019537
train/pos/10015_8.txt	few	1	0.003040	6	3.164964	0.009621
train/neg/10015_2.txt	fiction	1	0.011494	1	4.417727	0.050777
train/pos/10004_8.txt	fiend	1	0.005747	1	4.417727	0.025389
train/neg/10010_3.txt	fight	1	0.009901	2	4.012262	0.039725
train/pos/10000_8.txt	fight	1	0.002278	2	4.012262	0.009140
test/pos/10003_8.txt	fighting	1	0.004878	2	4.012262	0.019572
train/pos/10001_10.txt	fighting	1	0.006667	2	4.012262	0.026750
test/neg/10005_2.txt	figure	1	0.006135	2	4.012262	0.024615
train/neg/10008_2.txt	figure	1	0.003472	2	4.012262	0.013931
train/pos/10013_7.txt	files	1	0.006173	1	4.417727	0.027271
test/pos/10003_8.txt	fill	1	0.004878	2	4.012262	0.019572
train/neg/1000_4.txt	fill	1	0.006849	2	4.012262	0.027480
test/neg/10001_1.txt	filled	1	0.004464	1	4.417727	0.019721
test/neg/10007_4.txt	filler	1	0.007752	1	4.417727	0.034246
test/neg/10000_4.txt	film	4	0.016598	40	1.397302	0.023192
test/neg/10002_3.txt	film	1	0.003135	40	1.397302	0.004381
test/neg/10003_3.txt	film	1	0.004219	40	1.397302	0.005895
test/neg/10004_2.txt	film	1	0.008475	40	1.397302	0.011842
test/neg/10005_2.txt	film	1	0.006135	40	1.397302	0.008572
test/neg/10006_2.txt	film	2	0.013889	40	1.397302	0.019407
test/neg/10007_4.txt	film	1	0.007752	40	1.397302	0.010832
test/pos/10000_7.txt	film	3	0.008523	40	1.397302	0.011909
test/pos/10001_9.txt	film	1	0.004049	40	1.397302	0.005658
test/pos/10002_8.txt	film	3	0.023438	40	1.397302	0.032750
test/pos/10003_8.txt	film	3	0.014634	40	1.397302	0.020448
test/pos/10004_9.txt	film	4	0.012698	40	1.397302	0.017743
test/pos/10005_8.txt	film	2	0.005814	40	1.397302	0.008124
test/pos/10006_7.txt	film	1	0.006993	40	1.397302	0.009771
train/neg/10000_4.txt	film	3	0.003856	40	1.397302	0.005388
train/neg/10001_4.txt	film	1	0.007042	40	1.397302	0.009840
train/neg/10002_1.txt	film	2	0.013072	40	1.397302	0.018266
train/neg/10003_1.txt	film	5	0.012469	40	1.397302	0.017423
train/neg/10005_3.txt	film	1	0.003058	40	1.397302	0.004273
train/neg/10007_1.txt	film	1	0.014706	40	1.397302	0.020549
train/neg/10008_2.txt	film	3	0.010417	40	1.397302	0.014556
train/neg/10009_1.txt	film	3	0.008746	40	1.397302	0.012221
train/neg/10011_3.txt	film	2	0.014493	40	1.397302	0.020251
train/neg/10013_1.txt	film	1	0.007463	40	1.397302	0.010428
train/neg/10015_2.txt	film	1	0.011494	40	1.397302	0.016061
train/pos/10000_8.txt	film	1	0.002278	40	1.397302	0.003183
train/pos/10002_7.txt	film	2	0.016129	40	1.397302	0.022537
train/pos/10003_8.txt	film	1	0.008264	40	1.397302	0.011547
train/pos/10005_7.txt	film	2	0.018868	40	1.397302	0.026364
train/pos/10006_7.txt	film	3	0.008982	40	1.397302	0.012551
train/pos/10007_7.txt	film	2	0.004556	40	1.397302	0.006366
train/pos/10008_7.txt	film	2	0.006173	40	1.397302	0.008626
train/pos/10009_9.txt	film	2	0.007194	40	1.397302	0.010052
train/pos/1000_8.txt	film	3	0.035714	40	1.397302	0.049903
train/pos/10010_7.txt	film	1	0.003534	40	1.397302	0.004938
train/pos/10013_7.txt	film	1	0.006173	40	1.397302	0.008626
train/pos/10014_8.txt	film	1	0.005155	40	1.397302	0.007203
train/pos/10015_8.txt	film	1	0.003040	40	1.397302	0.004248
train/pos/10016_8.txt	film	2	0.015625	40	1.397302	0.021833
train/pos/10017_9.txt	film	2	0.013245	40	1.397302	0.018507
test/neg/10008_4.txt	filmed	1	0.005988	2	4.012262	0.024025
train/pos/1000_8.txt	filmed	1	0.011905	2	4.012262	0.047766
test/neg/10000_4.txt	films	2	0.008299	8	2.913649	0.024180
test/neg/10003_3.txt	films	1	0.004219	8	2.913649	0.012293
test/pos/10000_7.txt	films	1	0.002841	8	2.913649	0.008278
test/pos/10004_9.txt	films	1	0.003175	8	2.913649	0.009251
train/neg/10000_4.txt	films	3	0.003856	8	2.913649	0.011235
train/neg/10004_3.txt	films	1	0.009615	8	2.913649	0.028015
train/neg/10005_3.txt	films	2	0.006116	8	2.913649	0.017820
train/pos/10000_8.txt	films	1	0.002278	8	2.913649	0.006637
test/pos/10003_8.txt	final	1	0.004878	1	4.417727	0.021550
test/neg/10008_4.txt	finale	1	0.005988	1	4.417727	0.026453
test/neg/0_2.txt	finally	1	0.005848	4	3.501436	0.020476
test/pos/10001_9.txt	finally	1	0.004049	4	3.501436	0.014177
train/pos/10006_7.txt	finally	1	0.002994	4	3.501436	0.010483
train/pos/10007_7.txt	finally	1	0.002278	4	3.501436	0.007976
train/pos/0_9.txt	financially	1	0.007143	1	4.417727	0.031556
test/neg/10002_3.txt	find	1	0.003135	10	2.712979	0.008505
test/neg/10005_2.txt	find	1	0.006135	10	2.712979	0.016644
test/pos/10000_7.txt	find	1	0.002841	10	2.712979	0.007708
train/neg/10003_1.txt	find	1	0.002494	10	2.712979	0.006766
train/neg/10004_3.txt	find	1	0.009615	10	2.712979	0.026085
train/neg/10006_4.txt	find	1	0.006289	10	2.712979	0.017062
train/neg/10012_1.txt	find	1	0.005747	10	2.712979	0.015591
train/neg/10017_4.txt	find	1	0.005525	10	2.712979	0.014989
train/pos/10009_9.txt	find	2	0.007194	10	2.712979	0.019517
train/pos/10015_8.txt	find	1	0.003040	10	2.712979	0.008247
train/pos/10006_7.txt	finds	1	0.002994	2	4.012262	0.012013
train/pos/10010_7.txt	finds	1	0.003534	2	4.012262	0.014179
test/pos/10003_8.txt	fine	1	0.004878	3	3.724580	0.018168
test/pos/10008_8.txt	fine	1	0.001042	3	3.724580	0.003881
train/pos/10005_7.txt	fine	1	0.009434	3	3.724580	0.035138
train/pos/10007_7.txt	finely	1	0.002278	1	4.417727	0.010064
train/neg/10001_4.txt	finger	1	0.007042	1	4.417727	0.031110
train/neg/10008_2.txt	finish	1	0.003472	1	4.417727	0.015338
train/neg/10008_2.txt	finished	1	0.003472	1	4.417727	0.015338
test/neg/10002_3.txt	firemen	1	0.003135	1	4.417727	0.013850
test/neg/10001_1.txt	first	1	0.004464	8	2.913649	0.013007
test/pos/0_10.txt	first	1	0.006536	8	2.913649	0.019044
test/pos/10000_7.txt	first	1	0.002841	8	2.913649	0.008278
train/neg/10001_4.txt	first	1	0.007042	8	2.913649	0.020518
train/neg/10005_3.txt	first	1	0.003058	8	2.913649	0.008910
train/neg/10011_3.txt	first	1	0.007246	8	2.913649	0.021112
train/pos/10009_9.txt	first	1	0.003597	8	2.913649	0.010480
train/pos/10013_7.txt	first	1	0.006173	8	2.913649	0.017986
test/pos/0_10.txt	fischer	1	0.006536	1	4.417727	0.028874
train/pos/10002_7.txt	fisher	1	0.008065	1	4.417727	0.035629
test/neg/10003_3.txt	fitting	1	0.004219	1	4.417727	0.018638
test/neg/10001_1.txt	five	1	0.004464	2	4.012262	0.017911
train/neg/10006_4.txt	five	1	0.006289	2	4.012262	0.025233
train/pos/10013_7.txt	fix	1	0.006173	1	4.417727	0.027271
test/neg/10003_3.txt	flabby	1	0.004219	1	4.417727	0.018638
test/neg/10002_3.txt	flames	1	0.003135	1	4.417727	0.013850
train/neg/10000_4.txt	flashbacks	1	0.001285	1	4.417727	0.005677
test/neg/10002_3.txt	flat	1	0.003135	2	4.012262	0.012578
train/pos/10002_7.txt	flat	1	0.008065	2	4.012262	0.032359
test/pos/10005_8.txt	flawed	1	0.002907	2	4.012262	0.011664
train/pos/10002_7.txt	flawed	1	0.008065	2	4.012262	0.032359
train/neg/10008_2.txt	flawlessly	1	0.003472	1	4.417727	0.015338
train/neg/10009_1.txt	flaws	1	0.002915	1	4.417727	0.012878
train/neg/10000_4.txt	flesh	1	0.001285	1	4.417727	0.005677
train/pos/10003_8.txt	fleshed	1	0.008264	1	4.417727	0.036508
test/neg/10007_4.txt	flick	1	0.007752	3	3.724580	0.028873
train/neg/10000_4.txt	flick	2	0.002571	3	3.724580	0.009576
train/neg/10017_4.txt	flick	1	0.005525	3	3.724580	0.020578
test/pos/10000_7.txt	flicks	1	0.002841	1	4.417727	0.012551
train/pos/10000_8.txt	flight	1	0.002278	2	4.012262	0.009140
train/pos/10006_7.txt	flight	1	0.002994	2	4.012262	0.012013
test/pos/10003_8.txt	flitter	1	0.004878	1	4.417727	0.021550
test/pos/10008_8.txt	float	1	0.001042	1	4.417727	0.004603
train/neg/10000_4.txt	floods	1	0.001285	1	4.417727	0.005677
test/neg/10008_4.txt	floor	1	0.005988	1	4.417727	0.026453
test/pos/10000_7.txt	flourishes	1	0.002841	1	4.417727	0.012551
train/neg/10000_4.txt	flown	1	0.001285	1	4.417727	0.005677
test/neg/10001_1.txt	flying	1	0.004464	2	4.012262	0.017911
train/neg/10000_4.txt	flying	2	0.002571	2	4.012262	0.010316
train/neg/10017_4.txt	folks	1	0.005525	1	4.417727	0.024408
test/pos/10000_7.txt	follow	1	0.002841	1	4.417727	0.012551
train/pos/10003_8.txt	followable	1	0.008264	1	4.417727	0.036508
train/neg/10000_4.txt	followed	1	0.001285	1	4.417727	0.005677
test/pos/10000_7.txt	follows	1	0.002841	2	4.012262	0.011399
train/pos/10014_8.txt	follows	1	0.005155	2	4.012262	0.020683
train/neg/10017_4.txt	fond	1	0.005525	1	4.417727	0.024408
train/pos/10008_7.txt	foot	1	0.003086	1	4.417727	0.013633
train/neg/10000_4.txt	footage	2	0.002571	1	4.417727	0.011358
test/neg/0_2.txt	for	1	0.005848	39	1.421994	0.008316
test/neg/10000_4.txt	for	3	0.012448	39	1.421994	0.017701
test/neg/10001_1.txt	for	2	0.008929	39	1.421994	0.012697
test/neg/10002_3.txt	for	2	0.006270	39	1.421994	0.008916
test/neg/10003_3.txt	for	4	0.016878	39	1.421994	0.024000
test/neg/10007_4.txt	for	1	0.007752	39	1.421994	0.011023
test/neg/10008_4.txt	for	2	0.011976	39	1.421994	0.017030
test/pos/10000_7.txt	for	5	0.014205	39	1.421994	0.020199
test/pos/10003_8.txt	for	1	0.004878	39	1.421994	0.006936
test/pos/10004_9.txt	for	5	0.015873	39	1.421994	0.022571
test/pos/10005_8.txt	for	4	0.011628	39	1.421994	0.016535
test/pos/10007_10.txt	for	6	0.034483	39	1.421994	0.049035
test/pos/10008_8.txt	for	4	0.004167	39	1.421994	0.005925
train/neg/0_3.txt	for	1	0.008772	39	1.421994	0.012474
train/neg/10000_4.txt	for	5	0.006427	39	1.421994	0.009139
train/neg/10001_4.txt	for	2	0.014085	39	1.421994	0.020029
train/neg/10003_1.txt	for	5	0.012469	39	1.421994	0.017731
train/neg/10004_3.txt	for	3	0.028846	39	1.421994	0.041019
train/neg/10006_4.txt	for	3	0.018868	39	1.421994	0.026830
train/neg/10008_2.txt	for	7	0.024306	39	1.421994	0.034563
train/neg/10009_1.txt	for	1	0.002915	39	1.421994	0.004145
train/neg/1000_4.txt	for	1	0.006849	39	1.421994	0.009739
train/neg/10012_1.txt	for	2	0.011494	39	1.421994	0.016344
train/neg/10013_1.txt	for	1	0.007463	39	1.421994	0.010612
train/neg/10015_2.txt	for	1	0.011494	39	1.421994	0.016344
train/neg/10016_4.txt	for	1	0.007576	39	1.421994	0.010773
train/neg/10017_4.txt	for	3	0.016575	39	1.421994	0.023570
train/pos/10000_8.txt	for	5	0.011390	39	1.421994	0.016197
train/pos/10001_10.txt	for	1	0.006667	39	1.421994	0.009480
train/pos/10006_7.txt	for	1	0.002994	39	1.421994	0.004257
train/pos/10007_7.txt	for	3	0.006834	39	1.421994	0.009718
train/pos/10008_7.txt	for	2	0.006173	39	1.421994	0.008778
train/pos/10010_7.txt	for	2	0.007067	39	1.421994	0.010049
train/pos/10011_9.txt	for	1	0.004525	39	1.421994	0.006435
train/pos/10013_7.txt	for	2	0.012346	39	1.421994	0.017556
train/pos/10014_8.txt	for	1	0.005155	39	1.421994	0.007330
train/pos/10015_8.txt	for	1	0.003040	39	1.421994	0.004323
train/pos/10016_8.txt	for	1	0.007812	39	1.421994	0.011109
train/pos/10017_9.txt	for	4	0.026490	39	1.421994	0.037669
test/neg/10006_2.txt	forcedly	1	0.006944	1	4.417727	0.030677
train/pos/10000_8.txt	forehead	1	0.002278	1	4.417727	0.010064
test/neg/10001_1.txt	foreheads	1	0.004464	1	4.417727	0.019721
test/neg/0_2.txt	foreshadowing	1	0.005848	1	4.417727	0.025835
test/pos/10008_8.txt	forever	1	0.001042	1	4.417727	0.004603
train/neg/10001_4.txt	forget	1	0.007042	2	4.012262	0.028254
train/pos/10009_9.txt	forget	1	0.003597	2	4.012262	0.014432
test/neg/0_2.txt	forgotten	1	0.005848	2	4.012262	0.023464
train/neg/10000_4.txt	forgotten	1	0.001285	2	4.012262	0.005156
train/neg/10004_3.txt	form	1	0.009615	2	4.012262	0.038578
train/pos/10007_7.txt	form	1	0.002278	2	4.012262	0.009140
train/neg/0_3.txt	formal	1	0.008772	1	4.417727	0.038752
train/pos/10007_7.txt	former	1	0.002278	1	4.417727	0.010064
test/pos/10000_7.txt	formulaic	1	0.002841	1	4.417727	0.012551
train/neg/0_3.txt	forrest	1	0.008772	1	4.417727	0.038752
train/pos/10009_9.txt	forward	1	0.003597	1	4.417727	0.015891
test/pos/10001_9.txt	fought	1	0.004049	1	4.417727	0.017887
train/neg/10016_4.txt	foul	1	0.007576	1	4.417727	0.033469
test/neg/10004_2.txt	found	1	0.008475	7	3.031432	0.025691
test/pos/10006_7.txt	found	1	0.006993	7	3.031432	0.021199
train/neg/10003_1.txt	found	1	0.002494	7	3.031432	0.007560
train/neg/10005_3.txt	found	1	0.003058	7	3.031432	0.009270
train/pos/10000_8.txt	found	1	0.002278	7	3.031432	0.006906
train/pos/10007_7.txt	found	1	0.002278	7	3.031432	0.006906
train/pos/10017_9.txt	found	2	0.013245	7	3.031432	0.040151
train/pos/10013_7.txt	foundations	1	0.006173	1	4.417727	0.027271
train/pos/10015_8.txt	fourteen	1	0.003040	1	4.417727	0.013430
test/neg/10008_4.txt	fox	2	0.011976	1	4.417727	0.052907
train/neg/10000_4.txt	foxworth	1	0.001285	1	4.417727	0.005677
train/pos/10009_9.txt	fragile	1	0.003597	1	4.417727	0.015891
train/neg/10000_4.txt	frail	1	0.001285	1	4.417727	0.005677
test/pos/10000_7.txt	frailty	1	0.002841	1	4.417727	0.012551
train/pos/10015_8.txt	framing	1	0.003040	1	4.417727	0.013430
test/pos/10004_9.txt	francis	3	0.009524	1	4.417727	0.042074
test/pos/10003_8.txt	franco	1	0.004878	1	4.417727	0.021550
train/pos/10000_8.txt	frankenstein	1	0.002278	1	4.417727	0.010064
train/pos/10008_7.txt	fraud	1	0.003086	1	4.417727	0.013633
train/neg/0_3.txt	frederic	1	0.008772	1	4.417727	0.038752
test/pos/10005_8.txt	freedom	1	0.002907	1	4.417727	0.012842
test/pos/10008_8.txt	freeways	1	0.001042	1	4.417727	0.004603
test/neg/10008_4.txt	frenetic	1	0.005988	1	4.417727	0.026453
train/pos/10015_8.txt	frequents	1	0.003040	1	4.417727	0.013430
train/neg/10017_4.txt	fresh	1	0.005525	1	4.417727	0.024408
test/neg/10000_4.txt	friday	1	0.004149	2	4.012262	0.016647
train/pos/10004_8.txt	friday	1	0.005747	2	4.012262	0.023058
train/pos/10010_7.txt	friend	1	0.003534	2	4.012262	0.014179
train/pos/10014_8.txt	friend	1	0.005155	2	4.012262	0.020683
test/pos/10000_7.txt	friendly	1	0.002841	1	4.417727	0.012551
test/pos/0_10.txt	friends	1	0.006536	4	3.501436	0.022885
test/pos/10005_8.txt	friends	2	0.005814	4	3.501436	0.020357
test/pos/10008_8.txt	friends	2	0.002083	4	3.501436	0.007293
train/pos/10015_8.txt	friends	1	0.003040	4	3.501436	0.010644
train/pos/10014_8.txt	friendship	1	0.005155	1	4.417727	0.022773
test/pos/10008_8.txt	friendships	1	0.001042	1	4.417727	0.004603
test/neg/0_2.txt	from	2	0.011696	31	1.645138	0.019242
test/neg/10000_4.txt	from	1	0.004149	31	1.645138	0.006826
test/neg/10001_1.txt	from	3	0.013393	31	1.645138	0.022033
test/neg/10003_3.txt	from	1	0.004219	31	1.645138	0.006941
test/neg/10005_2.txt	from	1	0.006135	31	1.645138	0.010093
test/neg/10008_4.txt	from	1	0.005988	31	1.645138	0.009851
test/pos/0_10.txt	from	1	0.006536	31	1.645138	0.010753
test/pos/10000_7.txt	from	1	0.002841	31	1.645138	0.004674
test/pos/10001_9.txt	from	3	0.012146	31	1.645138	0.019982
test/pos/10002_8.txt	from	1	0.007812	31	1.645138	0.012852
test/pos/10005_8.txt	from	3	0.008721	31	1.645138	0.014347
test/pos/10007_10.txt	from	1	0.005747	31	1.645138	0.009455
test/pos/10008_8.txt	from	8	0.008333	31	1.645138	0.013709
train/neg/0_3.txt	from	1	0.008772	31	1.645138	0.014431
train/neg/10001_4.txt	from	1	0.007042	31	1.645138	0.011585
train/neg/10005_3.txt	from	4	0.012232	31	1.645138	0.020123
train/neg/10007_1.txt	from	1	0.014706	31	1.645138	0.024193
train/neg/10008_2.txt	from	3	0.010417	31	1.645138	0.017137
train/neg/10009_1.txt	from	4	0.011662	31	1.645138	0.019186
train/neg/10012_1.txt	from	1	0.005747	31	1.645138	0.009455
train/neg/10017_4.txt	from	2	0.011050	31	1.645138	0.018179
train/pos/10000_8.txt	from	2	0.004556	31	1.645138	0.007495
train/pos/10001_10.txt	from	1	0.006667	31	1.645138	0.010968
train/pos/10004_8.txt	from	2	0.011494	31	1.645138	0.018909
train/pos/10006_7.txt	from	4	0.011976	31	1.645138	0.019702
train/pos/10007_7.txt	from	2	0.004556	31	1.645138	0.007495
train/pos/10008_7.txt	from	1	0.003086	31	1.645138	0.005077
train/pos/10011_9.txt	from	2	0.009050	31	1.645138	0.014888
train/pos/10013_7.txt	from	1	0.006173	31	1.645138	0.010155
train/pos/10014_8.txt	from	1	0.005155	31	1.645138	0.008481
train/pos/10015_8.txt	from	2	0.006079	31	1.645138	0.010001
test/pos/10000_7.txt	front	1	0.002841	2	4.012262	0.011399
train/neg/10009_1.txt	front	1	0.002915	2	4.012262	0.011696
train/neg/10017_4.txt	fruity	1	0.005525	1	4.417727	0.024408
test/neg/10002_3.txt	full	1	0.003135	5	3.319114	0.010405
test/pos/0_10.txt	full	1	0.006536	5	3.319114	0.021694
test/pos/10005_8.txt	full	1	0.002907	5	3.319114	0.009649
train/neg/10005_3.txt	full	1	0.003058	5	3.319114	0.010150
train/pos/10007_7.txt	full	1	0.002278	5	3.319114	0.007561
train/pos/10003_8.txt	fume	1	0.008264	1	4.417727	0.036508
train/pos/10000_8.txt	fumes	1	0.002278	1	4.417727	0.010064
train/neg/10017_4.txt	fun	1	0.005525	1	4.417727	0.024408
test/neg/10005_2.txt	funeral	1	0.006135	1	4.417727	0.027103
train/neg/10005_3.txt	funnier	1	0.003058	1	4.417727	0.013509
test/neg/10004_2.txt	funny	2	0.016949	5	3.319114	0.056256
train/neg/10005_3.txt	funny	1	0.003058	5	3.319114	0.010150
train/neg/10007_1.txt	funny	1	0.014706	5	3.319114	0.048811
train/pos/10001_10.txt	funny	1	0.006667	5	3.319114	0.022129
train/pos/1000_8.txt	funny	1	0.011905	5	3.319114	0.039514
test/pos/10000_7.txt	further	1	0.002841	2	4.012262	0.011399
train/pos/10015_8.txt	further	1	0.003040	2	4.012262	0.012197
train/neg/0_3.txt	future	2	0.017544	2	4.012262	0.070391
train/pos/10000_8.txt	future	1	0.002278	2	4.012262	0.009140
test/pos/10004_9.txt	fyi	1	0.003175	1	4.417727	0.014026
train/pos/10006_7.txt	gabriel	2	0.005988	6	3.164964	0.018952
train/pos/10007_7.txt	gabriel	1	0.002278	6	3.164964	0.007210
train/pos/10009_9.txt	gabriel	3	0.010791	6	3.164964	0.034153
train/pos/10010_7.txt	gabriel	1	0.003534	6	3.164964	0.011185
train/pos/10013_7.txt	gabriel	1	0.006173	6	3.164964	0.019537
train/pos/10015_8.txt	gabriel	3	0.009119	6	3.164964	0.028861
test/pos/10008_8.txt	gained	1	0.001042	1	4.417727	0.004603
test/neg/10003_3.txt	galiena	1	0.004219	1	4.417727	0.018638
test/pos/10000_7.txt	game	1	0.002841	3	3.724580	0.010582
test/pos/10003_8.txt	game	1	0.004878	3	3.724580	0.018168
test/pos/10004_9.txt	game	1	0.003175	3	3.724580	0.011826
test/neg/10007_4.txt	games	1	0.007752	1	4.417727	0.034246
test/neg/10001_1.txt	gangsters	2	0.008929	1	4.417727	0.039446
test/neg/10003_3.txt	garb	1	0.004219	1	4.417727	0.018638
train/neg/10000_4.txt	gas	1	0.001285	2	4.012262	0.005156
train/pos/10007_7.txt	gas	1	0.002278	2	4.012262	0.009140
test/pos/10004_9.txt	gave	1	0.003175	2	4.012262	0.012739
train/pos/10002_7.txt	gave	2	0.016129	2	4.012262	0.064714
train/neg/10013_1.txt	gay	1	0.007463	3	3.724580	0.027797
train/pos/10006_7.txt	gay	1	0.002994	3	3.724580	0.011151
train/pos/10010_7.txt	gay	1	0.003534	3	3.724580	0.013163
test/pos/10008_8.txt	gender	1	0.001042	1	4.417727	0.004603
train/neg/10014_2.txt	genera	1	0.014925	1	4.417727	0.065935
train/neg/0_3.txt	general	1	0.008772	2	4.012262	0.035196
train/pos/10011_9.txt	general	1	0.004525	2	4.012262	0.018155
train/neg/10004_3.txt	generally	1	0.009615	1	4.417727	0.042476
train/neg/10000_4.txt	generated	1	0.001285	1	4.417727	0.005677
train/pos/10008_7.txt	generation	1	0.003086	1	4.417727	0.013633
test/neg/10000_4.txt	generic	1	0.004149	1	4.417727	0.018329
test/pos/10000_7.txt	genre	1	0.002841	2	4.012262	0.011399
train/pos/10015_8.txt	genre	1	0.003040	2	4.012262	0.012197
test/pos/10004_9.txt	gentlemen	1	0.003175	1	4.417727	0.014026
train/pos/10007_7.txt	genuinely	1	0.002278	1	4.417727	0.010064
train/neg/10000_4.txt	george	2	0.002571	2	4.012262	0.010316
train/pos/10000_8.txt	george	1	0.002278	2	4.012262	0.009140
test/neg/10003_3.txt	german	1	0.004219	3	3.724580	0.015714
test/neg/10005_2.txt	german	1	0.006135	3	3.724580	0.022850
train/neg/10009_1.txt	german	1	0.002915	3	3.724580	0.010857
test/neg/10001_1.txt	get	1	0.004464	9	2.808289	0.012536
test/neg/10007_4.txt	get	2	0.015504	9	2.808289	0.043540
test/pos/10008_8.txt	get	1	0.001042	9	2.808289	0.002926
train/neg/10004_3.txt	get	1	0.009615	9	2.808289	0.027002
train/neg/10008_2.txt	get	3	0.010417	9	2.808289	0.029254
train/neg/1000_4.txt	get	2	0.013699	9	2.808289	0.038471
train/neg/10015_2.txt	get	1	0.011494	9	2.808289	0.032278
train/neg/10016_4.txt	get	1	0.007576	9	2.808289	0.021276
train/pos/10013_7.txt	get	1	0.006173	9	2.808289	0.017336
test/neg/10005_2.txt	gets	1	0.006135	6	3.164964	0.019417
test/pos/10004_9.txt	gets	1	0.003175	6	3.164964	0.010049
test/pos/10005_8.txt	gets	1	0.002907	6	3.164964	0.009201
train/neg/10000_4.txt	gets	1	0.001285	6	3.164964	0.004067
train/pos/10001_10.txt	gets	1	0.006667	6	3.164964	0.021101
train/pos/10004_8.txt	gets	1	0.005747	6	3.164964	0.018189
test/pos/10005_8.txt	getting	1	0.002907	6	3.164964	0.009201
train/neg/10002_1.txt	getting	1	0.006536	6	3.164964	0.020686
train/neg/10011_3.txt	getting	1	0.007246	6	3.164964	0.022933
train/neg/10012_1.txt	getting	1	0.005747	6	3.164964	0.018189
train/neg/10017_4.txt	getting	2	0.011050	6	3.164964	0.034973
train/pos/10006_7.txt	getting	1	0.002994	6	3.164964	0.009476
train/pos/10001_10.txt	ghetto	1	0.006667	1	4.417727	0.029453
train/neg/10015_2.txt	ghost	2	0.022989	3	3.724580	0.085624
train/neg/10016_4.txt	ghost	1	0.007576	3	3.724580	0.028217
train/neg/10017_4.txt	ghost	2	0.011050	3	3.724580	0.041157
test/neg/0_2.txt	ghosts	2	0.011696	1	4.417727	0.051670
train/neg/10009_1.txt	giant	1	0.002915	1	4.417727	0.012878
test/neg/10007_4.txt	girl	1	0.007752	1	4.417727	0.034246
test/neg/10005_2.txt	girls	1	0.006135	1	4.417727	0.027103
train/pos/10000_8.txt	give	1	0.002278	5	3.319114	0.007561
train/pos/10002_7.txt	give	1	0.008065	5	3.319114	0.026769
train/pos/10009_9.txt	give	1	0.003597	5	3.319114	0.011939
train/pos/1000_8.txt	give	1	0.011905	5	3.319114	0.039514
train/pos/10015_8.txt	give	1	0.003040	5	3.319114	0.010090
test/pos/10000_7.txt	given	1	0.002841	5	3.319114	0.009430
train/neg/10000_4.txt	given	1	0.001285	5	3.319114	0.004265
train/pos/10000_8.txt	given	2	0.004556	5	3.319114	0.015122
train/pos/10009_9.txt	given	1	0.003597	5	3.319114	0.011939
train/pos/10010_7.txt	given	1	0.003534	5	3.319114	0.011730
test/neg/10008_4.txt	gives	1	0.005988	5	3.319114	0.019875
train/neg/10003_1.txt	gives	1	0.002494	5	3.319114	0.008278
train/pos/10007_7.txt	gives	3	0.006834	5	3.319114	0.022683
train/pos/10008_7.txt	gives	1	0.003086	5	3.319114	0.010243
train/pos/10011_9.txt	gives	1	0.004525	5	3.319114	0.015019
train/pos/10006_7.txt	giving	1	0.002994	3	3.724580	0.011151
train/pos/10007_7.txt	giving	1	0.002278	3	3.724580	0.008485
train/pos/10014_8.txt	giving	1	0.005155	3	3.724580	0.019200
test/neg/10001_1.txt	glass	1	0.004464	2	4.012262	0.017911
test/pos/10001_9.txt	glass	1	0.004049	2	4.012262	0.016246
train/pos/10009_9.txt	gloss	1	0.003597	1	4.417727	0.015891
test/neg/10008_4.txt	glossy	1	0.005988	1	4.417727	0.026453
test/neg/10000_4.txt	go	1	0.004149	9	2.808289	0.011652
test/neg/10002_3.txt	go	1	0.003135	9	2.808289	0.008804
test/pos/0_10.txt	go	1	0.006536	9	2.808289	0.018355
test/pos/10007_10.txt	go	1	0.005747	9	2.808289	0.016139
train/neg/10012_1.txt	go	2	0.011494	9	2.808289	0.032278
train/neg/10016_4.txt	go	1	0.007576	9	2.808289	0.021276
train/pos/10009_9.txt	go	1	0.003597	9	2.808289	0.010101
train/pos/10011_9.txt	go	1	0.004525	9	2.808289	0.012708
train/pos/10015_8.txt	go	1	0.003040	9	2.808289	0.008537
train/pos/10004_8.txt	goal	1	0.005747	1	4.417727	0.025389
train/pos/10008_7.txt	god	1	0.003086	1	4.417727	0.013633
train/pos/10008_7.txt	godby	1	0.003086	1	4.417727	0.013633
train/pos/10000_8.txt	goddard	1	0.002278	1	4.417727	0.010064
test/pos/10000_7.txt	goes	1	0.002841	7	3.031432	0.008612
test/pos/10001_9.txt	goes	1	0.004049	7	3.031432	0.012274
test/pos/10006_7.txt	goes	1	0.006993	7	3.031432	0.021199
test/pos/10008_8.txt	goes	1	0.001042	7	3.031432	0.003159
train/neg/10003_1.txt	goes	1	0.002494	7	3.031432	0.007560
train/pos/10011_9.txt	goes	1	0.004525	7	3.031432	0.013717
train/pos/10015_8.txt	goes	1	0.003040	7	3.031432	0.009216
test/neg/10001_1.txt	going	1	0.004464	8	2.913649	0.013007
test/neg/10006_2.txt	going	1	0.006944	8	2.913649	0.020232
test/pos/10000_7.txt	going	1	0.002841	8	2.913649	0.008278
test/pos/10004_9.txt	going	1	0.003175	8	2.913649	0.009251
train/neg/10003_1.txt	going	1	0.002494	8	2.913649	0.007267
train/neg/10008_2.txt	going	1	0.003472	8	2.913649	0.010116
train/neg/10010_3.txt	going	1	0.009901	8	2.913649	0.028848
train/pos/10000_8.txt	going	1	0.002278	8	2.913649	0.006637
test/neg/10002_3.txt	gold	1	0.003135	1	4.417727	0.013850
train/neg/10006_4.txt	goldberg	1	0.006289	1	4.417727	0.027783
test/pos/10000_7.txt	golf	3	0.008523	5	3.319114	0.028289
test/pos/10001_9.txt	golf	3	0.012146	5	3.319114	0.040314
test/pos/10002_8.txt	golf	1	0.007812	5	3.319114	0.025929
test/pos/10003_8.txt	golf	2	0.009756	5	3.319114	0.032381
test/pos/10004_9.txt	golf	3	0.009524	5	3.319114	0.031611
test/pos/10001_9.txt	golfer	1	0.004049	2	4.012262	0.016246
test/pos/10004_9.txt	golfer	1	0.003175	2	4.012262	0.012739
test/pos/10004_9.txt	golfers	2	0.006349	1	4.417727	0.028048
train/neg/10017_4.txt	gone	1	0.005525	2	4.012262	0.022168
train/pos/10017_9.txt	gone	1	0.006623	2	4.012262	0.026573
test/neg/10003_3.txt	good	1	0.004219	27	1.778669	0.007504
test/neg/10006_2.txt	good	1	0.006944	27	1.778669	0.012351
test/neg/10008_4.txt	good	1	0.005988	27	1.778669	0.010651
test/pos/0_10.txt	good	1	0.006536	27	1.778669	0.011625
test/pos/10000_7.txt	good	1	0.002841	27	1.778669	0.005053
test/pos/10002_8.txt	good	2	0.015625	27	1.778669	0.027792
test/pos/10006_7.txt	good	1	0.006993	27	1.778669	0.012438
test/pos/10007_10.txt	good	2	0.011494	27	1.778669	0.020444
test/pos/10008_8.txt	good	1	0.001042	27	1.778669	0.001853
train/neg/0_3.txt	good	1	0.008772	27	1.778669	0.015602
train/neg/10000_4.txt	good	1	0.001285	27	1.778669	0.002286
train/neg/10004_3.txt	good	1	0.009615	27	1.778669	0.017102
train/neg/10008_2.txt	good	1	0.003472	27	1.778669	0.006176
train/neg/10009_1.txt	good	2	0.005831	27	1.778669	0.010371
train/neg/10010_3.txt	good	3	0.029703	27	1.778669	0.052832
train/neg/10012_1.txt	good	2	0.011494	27	1.778669	0.020444
train/neg/10013_1.txt	good	1	0.007463	27	1.778669	0.013274
train/pos/10001_10.txt	good	1	0.006667	27	1.778669	0.011858
train/pos/10003_8.txt	good	2	0.016529	27	1.778669	0.029400
train/pos/10005_7.txt	good	2	0.018868	27	1.778669	0.033560
train/pos/10006_7.txt	good	1	0.002994	27	1.778669	0.005325
train/pos/10007_7.txt	good	2	0.004556	27	1.778669	0.008104
train/pos/10008_7.txt	good	2	0.006173	27	1.778669	0.010980
train/pos/10011_9.txt	good	2	0.009050	27	1.778669	0.016097
train/pos/10012_8.txt	good	1	0.006757	27	1.778669	0.012018
train/pos/10015_8.txt	good	2	0.006079	27	1.778669	0.010813
train/pos/10016_8.txt	good	1	0.007812	27	1.778669	0.013895
test/neg/10002_3.txt	got	1	0.003135	3	3.724580	0.011677
train/neg/10006_4.txt	got	1	0.006289	3	3.724580	0.023424
train/pos/10000_8.txt	got	1	0.002278	3	3.724580	0.008485
test/pos/10000_7.txt	gothic	1	0.002841	1	4.417727	0.012551
test/neg/10008_4.txt	grable	1	0.005988	1	4.417727	0.026453
train/neg/10015_2.txt	grace	1	0.011494	1	4.417727	0.050777
test/pos/10008_8.txt	graceful	1	0.001042	1	4.417727	0.004603
train/neg/0_3.txt	grader	1	0.008772	1	4.417727	0.038752
test/pos/10008_8.txt	gradual	1	0.001042	1	4.417727	0.004603
test/neg/10005_2.txt	graduates	1	0.006135	1	4.417727	0.027103
test/pos/10000_7.txt	grand	1	0.002841	1	4.417727	0.012551
test/neg/10003_3.txt	granger	1	0.004219	1	4.417727	0.018638
train/neg/10000_4.txt	grant	1	0.001285	1	4.417727	0.005677
test/pos/10005_8.txt	grass	1	0.002907	1	4.417727	0.012842
test/pos/10008_8.txt	grassy	1	0.001042	1	4.417727	0.004603
test/neg/10000_4.txt	grate	1	0.004149	1	4.417727	0.018329
test/neg/10000_4.txt	gratifying	1	0.004149	1	4.417727	0.018329
train/pos/10006_7.txt	gratitude	1	0.002994	1	4.417727	0.013227
test/neg/10004_2.txt	gratuitous	1	0.008475	1	4.417727	0.037440
test/neg/10004_2.txt	graveyard	1	0.008475	1	4.417727	0.037440
test/pos/0_10.txt	great	1	0.006536	12	2.545925	0.016640
test/pos/10003_8.txt	great	2	0.009756	12	2.545925	0.024838
test/pos/10004_9.txt	great	2	0.006349	12	2.545925	0.016164
test/pos/10007_10.txt	great	1	0.005747	12	2.545925	0.014631
test/pos/10008_8.txt	great	1	0.001042	12	2.545925	0.002653
train/neg/0_3.txt	great	1	0.008772	12	2.545925	0.022333
train/neg/10000_4.txt	great	3	0.003856	12	2.545925	0.009817
train/neg/10008_2.txt	great	2	0.006944	12	2.545925	0.017679
train/pos/10011_9.txt	great	1	0.004525	12	2.545925	0.011520
train/pos/10012_8.txt	great	2	0.013514	12	2.545925	0.034406
train/pos/10013_7.txt	great	1	0.006173	12	2.545925	0.015716
train/pos/10015_8.txt	great	2	0.006079	12	2.545925	0.015477
test/pos/10000_7.txt	greatest	1	0.002841	2	4.012262	0.011399
test/pos/10004_9.txt	greatest	2	0.006349	2	4.012262	0.025474
test/pos/10008_8.txt	green	1	0.001042	1	4.417727	0.004603
test/pos/10004_9.txt	greens	1	0.003175	1	4.417727	0.014026
test/neg/10008_4.txt	greenwood	1	0.005988	1	4.417727	0.026453
test/pos/10008_8.txt	grim	1	0.001042	1	4.417727	0.004603
train/pos/10017_9.txt	gripping	1	0.006623	1	4.417727	0.029259
test/pos/10003_8.txt	grips	1	0.004878	2	4.012262	0.019572
train/pos/10005_7.txt	grips	1	0.009434	2	4.012262	0.037852
train/neg/1000_4.txt	gritty	1	0.006849	1	4.417727	0.030257
test/pos/10008_8.txt	grounding	1	0.001042	1	4.417727	0.004603
train/neg/10015_2.txt	group	1	0.011494	1	4.417727	0.050777
test/pos/0_10.txt	grown	1	0.006536	2	4.012262	0.026224
train/pos/10007_7.txt	grown	1	0.002278	2	4.012262	0.009140
train/pos/10012_8.txt	guarantee	1	0.006757	1	4.417727	0.029851
train/pos/10015_8.txt	guardian	1	0.003040	1	4.417727	0.013430
train/neg/10008_2.txt	guess	1	0.003472	1	4.417727	0.015338
train/neg/10016_4.txt	guessed	1	0.007576	1	4.417727	0.033469
test/pos/10008_8.txt	guide	1	0.001042	2	4.012262	0.004181
train/pos/10004_8.txt	guide	1	0.005747	2	4.012262	0.023058
test/neg/10001_1.txt	gun	1	0.004464	1	4.417727	0.019721
train/neg/10002_1.txt	guns	1	0.006536	1	4.417727	0.028874
test/pos/10008_8.txt	gut	1	0.001042	1	4.417727	0.004603
test/neg/10001_1.txt	guy	3	0.013393	8	2.913649	0.039023
test/neg/10002_3.txt	guy	2	0.006270	8	2.913649	0.018269
test/neg/10003_3.txt	guy	1	0.004219	8	2.913649	0.012293
test/neg/10004_2.txt	guy	1	0.008475	8	2.913649	0.024693
test/pos/10008_8.txt	guy	1	0.001042	8	2.913649	0.003036
train/pos/10004_8.txt	guy	1	0.005747	8	2.913649	0.016745
train/pos/10006_7.txt	guy	1	0.002994	8	2.913649	0.008723
train/pos/1000_8.txt	guy	1	0.011905	8	2.913649	0.034687
test/neg/10008_4.txt	gymnastic	1	0.005988	1	4.417727	0.026453
test/pos/10008_8.txt	habit	1	0.001042	1	4.417727	0.004603
train/neg/10005_3.txt	habits	1	0.003058	1	4.417727	0.013509
train/neg/10013_1.txt	hackneyed	1	0.007463	1	4.417727	0.032969
train/pos/10009_9.txt	hacks	1	0.003597	1	4.417727	0.015891
test/neg/10001_1.txt	had	1	0.004464	17	2.220502	0.009912
test/neg/10004_2.txt	had	1	0.008475	17	2.220502	0.018819
test/neg/10008_4.txt	had	1	0.005988	17	2.220502	0.013296
test/pos/10000_7.txt	had	1	0.002841	17	2.220502	0.006308
test/pos/10005_8.txt	had	2	0.005814	17	2.220502	0.012910
test/pos/10008_8.txt	had	2	0.002083	17	2.220502	0.004625
train/neg/10002_1.txt	had	1	0.006536	17	2.220502	0.014513
train/neg/10003_1.txt	had	2	0.004988	17	2.220502	0.011076
train/neg/10008_2.txt	had	1	0.003472	17	2.220502	0.007710
train/neg/10009_1.txt	had	1	0.002915	17	2.220502	0.006473
train/neg/10010_3.txt	had	1	0.009901	17	2.220502	0.021985
train/neg/10014_2.txt	had	1	0.014925	17	2.220502	0.033141
train/pos/10000_8.txt	had	1	0.002278	17	2.220502	0.005058
train/pos/10003_8.txt	had	1	0.008264	17	2.220502	0.018350
train/pos/10008_7.txt	had	1	0.003086	17	2.220502	0.006852
train/pos/1000_8.txt	had	1	0.011905	17	2.220502	0.026435
train/pos/10013_7.txt	had	1	0.006173	17	2.220502	0.013707
test/neg/10008_4.txt	hair	2	0.011976	1	4.417727	0.052907
test/neg/10007_4.txt	haircut	1	0.007752	1	4.417727	0.034246
test/neg/0_2.txt	half	1	0.005848	4	3.501436	0.020476
test/neg/10001_1.txt	half	1	0.004464	4	3.501436	0.015630
test/pos/0_10.txt	half	2	0.013072	4	3.501436	0.045771
train/pos/10011_9.txt	half	1	0.004525	4	3.501436	0.015844
train/neg/10003_1.txt	halitosis	1	0.002494	1	4.417727	0.011018
train/neg/10000_4.txt	hall	1	0.001285	2	4.012262	0.005156
train/pos/10006_7.txt	hall	1	0.002994	2	4.012262	0.012013
test/pos/10008_8.txt	hallucinatory	1	0.001042	1	4.417727	0.004603
train/neg/10007_1.txt	hammers	1	0.014706	1	4.417727	0.064967
test/neg/10000_4.txt	hand	1	0.004149	7	3.031432	0.012577
test/neg/10002_3.txt	hand	1	0.003135	7	3.031432	0.009504
test/neg/10004_2.txt	hand	2	0.016949	7	3.031432	0.051380
test/pos/10005_8.txt	hand	3	0.008721	7	3.031432	0.026437
test/pos/10008_8.txt	hand	1	0.001042	7	3.031432	0.003159
train/neg/10013_1.txt	hand	1	0.007463	7	3.031432	0.022624
train/pos/10000_8.txt	hand	1	0.002278	7	3.031432	0.006906
train/neg/10002_1.txt	handed	1	0.006536	1	4.417727	0.028874
test/pos/10004_9.txt	handicaps	1	0.003175	1	4.417727	0.014026
test/neg/10002_3.txt	hands	1	0.003135	3	3.724580	0.011677
test/neg/10005_2.txt	hands	1	0.006135	3	3.724580	0.022850
train/pos/10010_7.txt	hands	1	0.003534	3	3.724580	0.013163
test/neg/10007_4.txt	hang	1	0.007752	2	4.012262	0.031103
test/pos/10008_8.txt	hang	1	0.001042	2	4.012262	0.004181
train/neg/10016_4.txt	hangout	1	0.007576	1	4.417727	0.033469
test/neg/10007_4.txt	happen	1	0.007752	1	4.417727	0.034246
test/neg/10004_2.txt	happened	1	0.008475	5	3.319114	0.028129
train/neg/10003_1.txt	happened	1	0.002494	5	3.319114	0.008278
train/neg/10011_3.txt	happened	1	0.007246	5	3.319114	0.024050
train/pos/10013_7.txt	happened	1	0.006173	5	3.319114	0.020489
train/pos/10015_8.txt	happened	1	0.003040	5	3.319114	0.010090
train/neg/10016_4.txt	happening	1	0.007576	2	4.012262	0.030397
train/pos/10005_7.txt	happening	1	0.009434	2	4.012262	0.037852
test/neg/10008_4.txt	happens	1	0.005988	4	3.501436	0.020967
train/neg/10000_4.txt	happens	1	0.001285	4	3.501436	0.004499
train/neg/10011_3.txt	happens	1	0.007246	4	3.501436	0.025371
train/pos/10015_8.txt	happens	1	0.003040	4	3.501436	0.010644
test/pos/10005_8.txt	happiness	1	0.002907	1	4.417727	0.012842
train/neg/10003_1.txt	happy	1	0.002494	1	4.417727	0.011018
test/pos/10001_9.txt	hard	1	0.004049	3	3.724580	0.015081
train/neg/10002_1.txt	hard	1	0.006536	3	3.724580	0.024344
train/pos/10012_8.txt	hard	1	0.006757	3	3.724580	0.025167
train/neg/10016_4.txt	harmless	1	0.007576	1	4.417727	0.033469
train/neg/10006_4.txt	harmon	1	0.006289	2	4.012262	0.025233
train/neg/10007_1.txt	harmon	1	0.014706	2	4.012262	0.059004
train/neg/10008_2.txt	harrelson	2	0.006944	2	4.012262	0.027861
train/neg/10009_1.txt	harrelson	1	0.002915	2	4.012262	0.011696
train/neg/10012_1.txt	harrison	2	0.011494	1	4.417727	0.050777
train/pos/10006_7.txt	harrowing	1	0.002994	2	4.012262	0.012013
train/pos/10010_7.txt	harrowing	1	0.003534	2	4.012262	0.014179
test/pos/10000_7.txt	harry	1	0.002841	3	3.724580	0.010582
test/pos/10001_9.txt	harry	1	0.004049	3	3.724580	0.015081
test/pos/10004_9.txt	harry	1	0.003175	3	3.724580	0.011826
train/neg/10000_4.txt	harsh	1	0.001285	1	4.417727	0.005677
test/neg/0_2.txt	has	1	0.005848	22	1.975380	0.011552
test/neg/10000_4.txt	has	2	0.008299	22	1.975380	0.016394
test/neg/10004_2.txt	has	1	0.008475	22	1.975380	0.016741
test/neg/10005_2.txt	has	2	0.012270	22	1.975380	0.024238
test/neg/10008_4.txt	has	1	0.005988	22	1.975380	0.011829
test/pos/10003_8.txt	has	1	0.004878	22	1.975380	0.009636
test/pos/10004_9.txt	has	2	0.006349	22	1.975380	0.012542
test/pos/10005_8.txt	has	1	0.002907	22	1.975380	0.005742
test/pos/10008_8.txt	has	2	0.002083	22	1.975380	0.004115
train/neg/0_3.txt	has	1	0.008772	22	1.975380	0.017328
train/neg/10000_4.txt	has	3	0.003856	22	1.975380	0.007617
train/neg/10003_1.txt	has	1	0.002494	22	1.975380	0.004927
train/neg/10005_3.txt	has	1	0.003058	22	1.975380	0.006041
train/neg/10009_1.txt	has	1	0.002915	22	1.975380	0.005758
train/neg/1000_4.txt	has	1	0.006849	22	1.975380	0.013529
train/pos/10000_8.txt	has	2	0.004556	22	1.975380	0.009000
train/pos/10007_7.txt	has	8	0.018223	22	1.975380	0.035997
train/pos/10008_7.txt	has	3	0.009259	22	1.975380	0.018290
train/pos/10009_9.txt	has	2	0.007194	22	1.975380	0.014211
train/pos/10012_8.txt	has	3	0.020270	22	1.975380	0.040041
train/pos/10014_8.txt	has	2	0.010309	22	1.975380	0.020364
train/pos/10015_8.txt	has	3	0.009119	22	1.975380	0.018013
test/neg/10001_1.txt	hate	1	0.004464	2	4.012262	0.017911
test/neg/10003_3.txt	hate	1	0.004219	2	4.012262	0.016928
test/pos/10008_8.txt	hatred	1	0.001042	1	4.417727	0.004603
test/pos/10000_7.txt	hats	1	0.002841	1	4.417727	0.012551
test/pos/10000_7.txt	haunted	1	0.002841	3	3.724580	0.010582
train/neg/10015_2.txt	haunted	1	0.011494	3	3.724580	0.042810
train/neg/10016_4.txt	haunted	1	0.007576	3	3.724580	0.028217
test/pos/10005_8.txt	haunting	1	0.002907	1	4.417727	0.012842
test/neg/0_2.txt	have	1	0.005848	36	1.499956	0.008772
test/neg/10001_1.txt	have	1	0.004464	36	1.499956	0.006696
test/neg/10002_3.txt	have	1	0.003135	36	1.499956	0.004702
test/neg/10005_2.txt	have	1	0.006135	36	1.499956	0.009202
test/neg/10006_2.txt	have	1	0.006944	36	1.499956	0.010416
test/neg/10008_4.txt	have	2	0.011976	36	1.499956	0.017963
test/pos/10001_9.txt	have	1	0.004049	36	1.499956	0.006073
test/pos/10005_8.txt	have	2	0.005814	36	1.499956	0.008721
test/pos/10006_7.txt	have	1	0.006993	36	1.499956	0.010489
test/pos/10008_8.txt	have	1	0.001042	36	1.499956	0.001563
train/neg/10000_4.txt	have	4	0.005141	36	1.499956	0.007711
train/neg/10001_4.txt	have	2	0.014085	36	1.499956	0.021127
train/neg/10002_1.txt	have	1	0.006536	36	1.499956	0.009804
train/neg/10003_1.txt	have	1	0.002494	36	1.499956	0.003741
train/neg/10004_3.txt	have	1	0.009615	36	1.499956	0.014422
train/neg/10005_3.txt	have	2	0.006116	36	1.499956	0.009174
train/neg/10006_4.txt	have	1	0.006289	36	1.499956	0.009433
train/neg/10008_2.txt	have	1	0.003472	36	1.499956	0.005208
train/neg/10009_1.txt	have	1	0.002915	36	1.499956	0.004372
train/neg/1000_4.txt	have	3	0.020548	36	1.499956	0.030821
train/neg/10014_2.txt	have	1	0.014925	36	1.499956	0.022387
train/neg/10016_4.txt	have	1	0.007576	36	1.499956	0.011364
train/pos/10001_10.txt	have	1	0.006667	36	1.499956	0.010000
train/pos/10002_7.txt	have	1	0.008065	36	1.499956	0.012097
train/pos/10003_8.txt	have	2	0.016529	36	1.499956	0.024793
train/pos/10006_7.txt	have	4	0.011976	36	1.499956	0.017963
train/pos/10008_7.txt	have	2	0.006173	36	1.499956	0.009259
train/pos/10009_9.txt	have	2	0.007194	36	1.499956	0.010791
train/pos/10010_7.txt	have	2	0.007067	36	1.499956	0.010600
train/pos/10011_9.txt	have	1	0.004525	36	1.499956	0.006787
train/pos/10012_8.txt	have	3	0.020270	36	1.499956	0.030404
train/pos/10013_7.txt	have	3	0.018519	36	1.499956	0.027778
train/pos/10014_8.txt	have	1	0.005155	36	1.499956	0.007732
train/pos/10015_8.txt	have	1	0.003040	36	1.499956	0.004560
train/pos/10016_8.txt	have	2	0.015625	36	1.499956	0.023437
train/pos/10017_9.txt	have	2	0.013245	36	1.499956	0.019867
train/neg/10016_4.txt	haven	1	0.007576	1	4.417727	0.033469
train/neg/10000_4.txt	having	1	0.001285	5	3.319114	0.004265
train/neg/10005_3.txt	having	1	0.003058	5	3.319114	0.010150
train/neg/10009_1.txt	having	1	0.002915	5	3.319114	0.009675
train/neg/10013_1.txt	having	1	0.007463	5	3.319114	0.024771
train/pos/10000_8.txt	having	1	0.002278	5	3.319114	0.007561
train/neg/1000_4.txt	hazy	1	0.006849	1	4.417727	0.030257
test/pos/10000_7.txt	hbo	1	0.002841	1	4.417727	0.012551
test/neg/0_2.txt	he	2	0.011696	32	1.614366	0.018882
test/neg/10000_4.txt	he	1	0.004149	32	1.614366	0.006698
test/neg/10002_3.txt	he	1	0.003135	32	1.614366	0.005061
test/neg/10004_2.txt	he	2	0.016949	32	1.614366	0.027362
test/neg/10005_2.txt	he	4	0.024540	32	1.614366	0.039617
test/pos/0_10.txt	he	1	0.006536	32	1.614366	0.010551
test/pos/10000_7.txt	he	2	0.005682	32	1.614366	0.009173
test/pos/10001_9.txt	he	1	0.004049	32	1.614366	0.006537
test/pos/10002_8.txt	he	1	0.007812	32	1.614366	0.012611
test/pos/10003_8.txt	he	1	0.004878	32	1.614366	0.007875
test/pos/10004_9.txt	he	1	0.003175	32	1.614366	0.005126
test/pos/10005_8.txt	he	9	0.026163	32	1.614366	0.042237
test/pos/10007_10.txt	he	2	0.011494	32	1.614366	0.018556
test/pos/10008_8.txt	he	23	0.023958	32	1.614366	0.038677
train/neg/10000_4.txt	he	1	0.001285	32	1.614366	0.002074
train/neg/10001_4.txt	he	4	0.028169	32	1.614366	0.045475
train/neg/10003_1.txt	he	1	0.002494	32	1.614366	0.004026
train/neg/10005_3.txt	he	2	0.006116	32	1.614366	0.009873
train/neg/10008_2.txt	he	5	0.017361	32	1.614366	0.028027
train/neg/10009_1.txt	he	9	0.026239	32	1.614366	0.042359
train/neg/10016_4.txt	he	2	0.015152	32	1.614366	0.024461
train/pos/10000_8.txt	he	7	0.015945	32	1.614366	0.025741
train/pos/10001_10.txt	he	1	0.006667	32	1.614366	0.010763
train/pos/10004_8.txt	he	1	0.005747	32	1.614366	0.009278
train/pos/10006_7.txt	he	2	0.005988	32	1.614366	0.009667
train/pos/10007_7.txt	he	4	0.009112	32	1.614366	0.014710
train/pos/10008_7.txt	he	2	0.006173	32	1.614366	0.009965
train/pos/10009_9.txt	he	5	0.017986	32	1.614366	0.029036
train/pos/10010_7.txt	he	2	0.007067	32	1.614366	0.011409
train/pos/10012_8.txt	he	1	0.006757	32	1.614366	0.010908
train/pos/10014_8.txt	he	1	0.005155	32	1.614366	0.008322
train/pos/10015_8.txt	he	4	0.012158	32	1.614366	0.019627
test/pos/10005_8.txt	head	1	0.002907	2	4.012262	0.011664
test/pos/10008_8.txt	head	1	0.001042	2	4.012262	0.004181
test/pos/10000_7.txt	heads	1	0.002841	1	4.417727	0.012551
train/pos/10005_7.txt	hear	1	0.009434	1	4.417727	0.041677
train/pos/10015_8.txt	heard	1	0.003040	1	4.417727	0.013430
test/pos/10003_8.txt	heart	1	0.004878	2	4.012262	0.019572
train/neg/10005_3.txt	heart	1	0.003058	2	4.012262	0.012269
train/pos/10007_7.txt	hearted	1	0.002278	1	4.417727	0.010064
test/pos/10004_9.txt	heartland	2	0.006349	1	4.417727	0.028048
train/neg/10009_1.txt	heat	1	0.002915	1	4.417727	0.012878
test/neg/10007_4.txt	heavy	1	0.007752	4	3.501436	0.027143
test/neg/10008_4.txt	heavy	1	0.005988	4	3.501436	0.020967
test/pos/10005_8.txt	heavy	1	0.002907	4	3.501436	0.010179
test/pos/10008_8.txt	heavy	1	0.001042	4	3.501436	0.003648
test/neg/10000_4.txt	heck	2	0.008299	1	4.417727	0.036663
train/pos/10014_8.txt	held	1	0.005155	1	4.417727	0.022773
train/neg/10000_4.txt	helicopters	1	0.001285	1	4.417727	0.005677
train/pos/10012_8.txt	hell	1	0.006757	1	4.417727	0.029851
test/pos/10008_8.txt	help	1	0.001042	4	3.501436	0.003648
train/neg/10000_4.txt	help	2	0.002571	4	3.501436	0.009002
train/pos/10000_8.txt	help	2	0.004556	4	3.501436	0.015953
train/pos/10010_7.txt	help	2	0.007067	4	3.501436	0.024745
train/pos/10006_7.txt	helped	1	0.002994	1	4.417727	0.013227
train/pos/10007_7.txt	helps	1	0.002278	2	4.012262	0.009140
train/pos/10009_9.txt	helps	1	0.003597	2	4.012262	0.014432
test/neg/10003_3.txt	her	2	0.008439	14	2.402824	0.020277
test/neg/10007_4.txt	her	1	0.007752	14	2.402824	0.018627
test/pos/10001_9.txt	her	1	0.004049	14	2.402824	0.009729
train/neg/10000_4.txt	her	1	0.001285	14	2.402824	0.003088
train/neg/10001_4.txt	her	1	0.007042	14	2.402824	0.016921
train/neg/10002_1.txt	her	1	0.006536	14	2.402824	0.015705
train/neg/10005_3.txt	her	1	0.003058	14	2.402824	0.007348
train/neg/10007_1.txt	her	1	0.014706	14	2.402824	0.035336
train/neg/10013_1.txt	her	1	0.007463	14	2.402824	0.017932
train/neg/10017_4.txt	her	3	0.016575	14	2.402824	0.039827
train/pos/10000_8.txt	her	2	0.004556	14	2.402824	0.010947
train/pos/10006_7.txt	her	3	0.008982	14	2.402824	0.021582
train/pos/10007_7.txt	her	2	0.004556	14	2.402824	0.010947
train/pos/10008_7.txt	her	2	0.006173	14	2.402824	0.014833
test/neg/0_2.txt	here	1	0.005848	10	2.712979	0.015865
test/neg/10000_4.txt	here	1	0.004149	10	2.712979	0.011256
test/pos/10000_7.txt	here	1	0.002841	10	2.712979	0.007708
train/neg/10000_4.txt	here	1	0.001285	10	2.712979	0.003486
train/neg/10005_3.txt	here	1	0.003058	10	2.712979	0.008296
train/neg/1000_4.txt	here	1	0.006849	10	2.712979	0.018581
train/pos/0_9.txt	here	1	0.007143	10	2.712979	0.019379
train/pos/10001_10.txt	here	1	0.006667	10	2.712979	0.018087
train/pos/10010_7.txt	here	1	0.003534	10	2.712979	0.009588
train/pos/10015_8.txt	here	2	0.006079	10	2.712979	0.016492
test/neg/10004_2.txt	hero	1	0.008475	4	3.501436	0.029675
test/neg/10005_2.txt	hero	1	0.006135	4	3.501436	0.021481
test/pos/10005_8.txt	hero	2	0.005814	4	3.501436	0.020357
test/pos/10008_8.txt	hero	1	0.001042	4	3.501436	0.003648
test/pos/10008_8.txt	heroic	1	0.001042	1	4.417727	0.004603
test/pos/10004_9.txt	heroism	1	0.003175	1	4.417727	0.014026
test/neg/10008_4.txt	herself	1	0.005988	1	4.417727	0.026453
train/neg/10000_4.txt	hi	2	0.002571	1	4.417727	0.011358
train/neg/10012_1.txt	hid	1	0.005747	1	4.417727	0.025389
train/pos/10006_7.txt	hides	1	0.002994	1	4.417727	0.013227
test/neg/10003_3.txt	high	1	0.004219	6	3.164964	0.013353
test/pos/10002_8.txt	high	1	0.007812	6	3.164964	0.024725
test/pos/10005_8.txt	high	2	0.005814	6	3.164964	0.018401
test/pos/10008_8.txt	high	2	0.002083	6	3.164964	0.006593
train/pos/0_9.txt	high	5	0.035714	6	3.164964	0.113034
train/pos/10008_7.txt	high	1	0.003086	6	3.164964	0.009767
test/neg/10000_4.txt	higher	1	0.004149	2	4.012262	0.016647
train/neg/10011_3.txt	higher	1	0.007246	2	4.012262	0.029073
test/pos/10003_8.txt	highly	1	0.004878	4	3.501436	0.017080
train/neg/10003_1.txt	highly	1	0.002494	4	3.501436	0.008733
train/pos/10004_8.txt	highly	1	0.005747	4	3.501436	0.020123
train/pos/10008_7.txt	highly	1	0.003086	4	3.501436	0.010805
train/pos/10006_7.txt	highway	1	0.002994	1	4.417727	0.013227
test/pos/10004_9.txt	hilarious	1	0.003175	2	4.012262	0.012739
train/neg/10005_3.txt	hilarious	1	0.003058	2	4.012262	0.012269
test/neg/10001_1.txt	hill	1	0.004464	2	4.012262	0.017911
test/neg/10002_3.txt	hill	1	0.003135	2	4.012262	0.012578
test/neg/10001_1.txt	hills	1	0.004464	1	4.417727	0.019721
test/neg/0_2.txt	him	1	0.005848	15	2.338285	0.013674
test/neg/10000_4.txt	him	1	0.004149	15	2.338285	0.009702
test/neg/10001_1.txt	him	1	0.004464	15	2.338285	0.010438
test/neg/10005_2.txt	him	2	0.012270	15	2.338285	0.028691
test/pos/10001_9.txt	him	2	0.008097	15	2.338285	0.018933
test/pos/10002_8.txt	him	1	0.007812	15	2.338285	0.018267
test/pos/10005_8.txt	him	2	0.005814	15	2.338285	0.013595
test/pos/10007_10.txt	him	1	0.005747	15	2.338285	0.013438
test/pos/10008_8.txt	him	4	0.004167	15	2.338285	0.009744
train/neg/10009_1.txt	him	2	0.005831	15	2.338285	0.013635
train/pos/10007_7.txt	him	1	0.002278	15	2.338285	0.005327
train/pos/10008_7.txt	him	1	0.003086	15	2.338285	0.007216
train/pos/10009_9.txt	him	1	0.003597	15	2.338285	0.008411
train/pos/10010_7.txt	him	1	0.003534	15	2.338285	0.008263
train/pos/10014_8.txt	him	1	0.005155	15	2.338285	0.012054
test/pos/10001_9.txt	himself	1	0.004049	13	2.471817	0.010008
test/pos/10005_8.txt	himself	4	0.011628	13	2.471817	0.028742
test/pos/10007_10.txt	himself	3	0.017241	13	2.471817	0.042617
test/pos/10008_8.txt	himself	3	0.003125	13	2.471817	0.007724
train/neg/10001_4.txt	himself	1	0.007042	13	2.471817	0.017407
train/neg/10005_3.txt	himself	1	0.003058	13	2.471817	0.007559
train/pos/10003_8.txt	himself	1	0.008264	13	2.471817	0.020427
train/pos/10006_7.txt	himself	1	0.002994	13	2.471817	0.007401
train/pos/10007_7.txt	himself	1	0.002278	13	2.471817	0.005631
train/pos/10008_7.txt	himself	1	0.003086	13	2.471817	0.007628
train/pos/10009_9.txt	himself	1	0.003597	13	2.471817	0.008891
train/pos/10010_7.txt	himself	2	0.007067	13	2.471817	0.017468
train/pos/10015_8.txt	himself	2	0.006079	13	2.471817	0.015026
train/neg/10010_3.txt	hints	1	0.009901	2	4.012262	0.039725
train/pos/10016_8.txt	hints	1	0.007812	2	4.012262	0.031344
test/neg/0_2.txt	his	1	0.005848	33	1.584513	0.009266
test/neg/10000_4.txt	his	1	0.004149	33	1.584513	0.006574
test/neg/10002_3.txt	his	1	0.003135	33	1.584513	0.004967
test/neg/10004_2.txt	his	2	0.016949	33	1.584513	0.026856
test/neg/10005_2.txt	his	3	0.018405	33	1.584513	0.029163
test/neg/10006_2.txt	his	1	0.006944	33	1.584513	0.011003
test/pos/10000_7.txt	his	4	0.011364	33	1.584513	0.018006
test/pos/10001_9.txt	his	8	0.032389	33	1.584513	0.051321
test/pos/10003_8.txt	his	3	0.014634	33	1.584513	0.023188
test/pos/10005_8.txt	his	12	0.034884	33	1.584513	0.055274
test/pos/10007_10.txt	his	1	0.005747	33	1.584513	0.009106
test/pos/10008_8.txt	his	39	0.040625	33	1.584513	0.064371
train/neg/10000_4.txt	his	3	0.003856	33	1.584513	0.006110
train/neg/10001_4.txt	his	2	0.014085	33	1.584513	0.022318
train/neg/10002_1.txt	his	1	0.006536	33	1.584513	0.010356
train/neg/10003_1.txt	his	3	0.007481	33	1.584513	0.011854
train/neg/10004_3.txt	his	2	0.019231	33	1.584513	0.030472
train/neg/10005_3.txt	his	2	0.006116	33	1.584513	0.009691
train/neg/10008_2.txt	his	2	0.006944	33	1.584513	0.011003
train/neg/10009_1.txt	his	7	0.020408	33	1.584513	0.032337
train/pos/10000_8.txt	his	4	0.009112	33	1.584513	0.014438
train/pos/10001_10.txt	his	2	0.013333	33	1.584513	0.021126
train/pos/10003_8.txt	his	2	0.016529	33	1.584513	0.026190
train/pos/10004_8.txt	his	2	0.011494	33	1.584513	0.018212
train/pos/10006_7.txt	his	2	0.005988	33	1.584513	0.009488
train/pos/10007_7.txt	his	5	0.011390	33	1.584513	0.018048
train/pos/10008_7.txt	his	1	0.003086	33	1.584513	0.004890
train/pos/10009_9.txt	his	4	0.014388	33	1.584513	0.022798
train/pos/10010_7.txt	his	7	0.024735	33	1.584513	0.039193
train/pos/10011_9.txt	his	1	0.004525	33	1.584513	0.007170
train/pos/10014_8.txt	his	2	0.010309	33	1.584513	0.016335
train/pos/10015_8.txt	his	4	0.012158	33	1.584513	0.019265
train/pos/10016_8.txt	his	1	0.007812	33	1.584513	0.012378
test/neg/10003_3.txt	historic	1	0.004219	1	4.417727	0.018638
test/pos/10001_9.txt	historical	1	0.004049	1	4.417727	0.017887
test/pos/10001_9.txt	history	2	0.008097	2	4.012262	0.032487
test/pos/10008_8.txt	history	1	0.001042	2	4.012262	0.004181
train/neg/10000_4.txt	hit	1	0.001285	1	4.417727	0.005677
train/neg/10004_3.txt	hitchcock	1	0.009615	3	3.724580	0.035812
train/pos/10006_7.txt	hitchcock	1	0.002994	3	3.724580	0.011151
train/pos/10011_9.txt	hitchcock	1	0.004525	3	3.724580	0.016854
train/pos/10007_7.txt	hitchcockian	2	0.004556	2	4.012262	0.018280
train/pos/10011_9.txt	hitchcockian	1	0.004525	2	4.012262	0.018155
train/neg/10000_4.txt	hits	1	0.001285	1	4.417727	0.005677
train/pos/10015_8.txt	hiv	1	0.003040	1	4.417727	0.013430
train/pos/10007_7.txt	hoax	1	0.002278	1	4.417727	0.010064
train/pos/10001_10.txt	hobo	1	0.006667	1	4.417727	0.029453
train/pos/10013_7.txt	hokey	1	0.006173	1	4.417727	0.027271
train/neg/10016_4.txt	hokum	1	0.007576	1	4.417727	0.033469
test/pos/10004_9.txt	holes	2	0.006349	3	3.724580	0.023647
train/pos/10015_8.txt	holes	1	0.003040	3	3.724580	0.011323
train/pos/10016_8.txt	holes	1	0.007812	3	3.724580	0.029096
train/neg/10015_2.txt	hollow	1	0.011494	3	3.724580	0.042810
train/neg/10016_4.txt	hollow	1	0.007576	3	3.724580	0.028217
train/neg/10017_4.txt	hollow	1	0.005525	3	3.724580	0.020578
train/neg/10013_1.txt	hollywood	1	0.007463	2	4.012262	0.029944
train/pos/10009_9.txt	hollywood	1	0.003597	2	4.012262	0.014432
test/pos/10008_8.txt	home	1	0.001042	3	3.724580	0.003881
train/neg/10000_4.txt	home	1	0.001285	3	3.724580	0.004786
train/pos/10000_8.txt	home	2	0.004556	3	3.724580	0.016969
test/neg/10001_1.txt	homeless	3	0.013393	3	3.724580	0.049883
train/pos/10000_8.txt	homeless	3	0.006834	3	3.724580	0.025454
train/pos/10001_10.txt	homeless	1	0.006667	3	3.724580	0.024832
train/pos/10000_8.txt	homelessness	1	0.002278	2	4.012262	0.009140
train/pos/10002_7.txt	homelessness	1	0.008065	2	4.012262	0.032359
test/neg/10005_2.txt	homes	1	0.006135	1	4.417727	0.027103
train/neg/10009_1.txt	homosexual	1	0.002915	1	4.417727	0.012878
train/neg/10013_1.txt	homosexuality	1	0.007463	1	4.417727	0.032969
test/pos/10008_8.txt	honesty	1	0.001042	1	4.417727	0.004603
test/pos/10008_8.txt	hongshen	8	0.008333	1	4.417727	0.036813
test/pos/10005_8.txt	hongsheng	6	0.017442	3	3.724580	0.064964
test/pos/10006_7.txt	hongsheng	1	0.006993	3	3.724580	0.026046
test/pos/10007_10.txt	hongsheng	3	0.017241	3	3.724580	0.064215
test/neg/10000_4.txt	hood	1	0.004149	1	4.417727	0.018329
train/pos/10007_7.txt	hoodwink	1	0.002278	1	4.417727	0.010064
test/pos/10004_9.txt	hope	1	0.003175	2	4.012262	0.012739
train/pos/10007_7.txt	hope	1	0.002278	2	4.012262	0.009140
train/neg/10007_1.txt	hopefully	1	0.014706	1	4.417727	0.064967
test/neg/10000_4.txt	horrible	1	0.004149	4	3.501436	0.014527
train/neg/10000_4.txt	horrible	1	0.001285	4	3.501436	0.004499
train/neg/10007_1.txt	horrible	1	0.014706	4	3.501436	0.051492
train/neg/10012_1.txt	horrible	1	0.005747	4	3.501436	0.020123
test/neg/10000_4.txt	horribly	1	0.004149	1	4.417727	0.018329
train/pos/10008_7.txt	horrific	1	0.003086	1	4.417727	0.013633
test/neg/10005_2.txt	horror	1	0.006135	5	3.319114	0.020363
test/pos/10000_7.txt	horror	1	0.002841	5	3.319114	0.009430
train/neg/10004_3.txt	horror	1	0.009615	5	3.319114	0.031913
train/neg/10014_2.txt	horror	1	0.014925	5	3.319114	0.049538
train/neg/10015_2.txt	horror	1	0.011494	5	3.319114	0.038150
test/neg/10008_4.txt	horse	1	0.005988	1	4.417727	0.026453
test/neg/10008_4.txt	horserace	1	0.005988	1	4.417727	0.026453
train/pos/10001_10.txt	hospital	1	0.006667	2	4.012262	0.026750
train/pos/10013_7.txt	hospital	1	0.006173	2	4.012262	0.024768
train/pos/10006_7.txt	host	1	0.002994	3	3.724580	0.011151
train/pos/10010_7.txt	host	1	0.003534	3	3.724580	0.013163
train/pos/10014_8.txt	host	1	0.005155	3	3.724580	0.019200
test/neg/10002_3.txt	hot	1	0.003135	6	3.164964	0.009922
test/pos/10008_8.txt	hot	1	0.001042	6	3.164964	0.003298
train/neg/10006_4.txt	hot	1	0.006289	6	3.164964	0.019904
train/neg/10014_2.txt	hot	1	0.014925	6	3.164964	0.047237
train/neg/10015_2.txt	hot	1	0.011494	6	3.164964	0.036378
train/neg/10016_4.txt	hot	1	0.007576	6	3.164964	0.023978
test/neg/0_2.txt	hour	1	0.005848	9	2.808289	0.016423
test/neg/10008_4.txt	hour	1	0.005988	9	2.808289	0.016816
test/pos/10000_7.txt	hour	1	0.002841	9	2.808289	0.007978
test/pos/10008_8.txt	hour	1	0.001042	9	2.808289	0.002926
train/neg/10000_4.txt	hour	2	0.002571	9	2.808289	0.007220
train/neg/10011_3.txt	hour	1	0.007246	9	2.808289	0.020349
train/pos/10008_7.txt	hour	1	0.003086	9	2.808289	0.008666
train/pos/10009_9.txt	hour	1	0.003597	9	2.808289	0.010101
train/pos/10011_9.txt	hour	1	0.004525	9	2.808289	0.012708
test/neg/10001_1.txt	hours	1	0.004464	4	3.501436	0.015630
test/neg/10003_3.txt	hours	1	0.004219	4	3.501436	0.014773
train/neg/10002_1.txt	hours	1	0.006536	4	3.501436	0.022885
train/neg/1000_4.txt	hours	1	0.006849	4	3.501436	0.023981
test/pos/10005_8.txt	house	1	0.002907	3	3.724580	0.010827
train/neg/10015_2.txt	house	1	0.011494	3	3.724580	0.042810
train/neg/10016_4.txt	house	1	0.007576	3	3.724580	0.028217
train/pos/10000_8.txt	houselessness	1	0.002278	1	4.417727	0.010064
test/neg/10004_2.txt	how	2	0.016949	17	2.220502	0.037635
test/neg/10006_2.txt	how	2	0.013889	17	2.220502	0.030841
test/pos/10000_7.txt	how	2	0.005682	17	2.220502	0.012617
test/pos/10001_9.txt	how	1	0.004049	17	2.220502	0.008991
test/pos/10002_8.txt	how	1	0.007812	17	2.220502	0.017347
test/pos/10005_8.txt	how	1	0.002907	17	2.220502	0.006455
test/pos/10008_8.txt	how	1	0.001042	17	2.220502	0.002314
train/neg/10002_1.txt	how	2	0.013072	17	2.220502	0.029026
train/neg/10005_3.txt	how	1	0.003058	17	2.220502	0.006790
train/neg/10008_2.txt	how	1	0.003472	17	2.220502	0.007710
train/neg/10011_3.txt	how	1	0.007246	17	2.220502	0.016090
train/neg/10012_1.txt	how	1	0.005747	17	2.220502	0.012761
train/pos/10002_7.txt	how	1	0.008065	17	2.220502	0.017908
train/pos/10005_7.txt	how	1	0.009434	17	2.220502	0.020948
train/pos/10006_7.txt	how	2	0.005988	17	2.220502	0.013296
train/pos/1000_8.txt	how	1	0.011905	17	2.220502	0.026435
train/pos/10013_7.txt	how	1	0.006173	17	2.220502	0.013707
train/neg/10014_2.txt	howard	1	0.014925	2	4.012262	0.059883
train/pos/10000_8.txt	howard	1	0.002278	2	4.012262	0.009140
test/pos/10001_9.txt	however	2	0.008097	12	2.545925	0.020614
test/pos/10005_8.txt	however	1	0.002907	12	2.545925	0.007401
test/pos/10007_10.txt	however	1	0.005747	12	2.545925	0.014631
test/pos/10008_8.txt	however	1	0.001042	12	2.545925	0.002653
train/neg/10005_3.txt	however	1	0.003058	12	2.545925	0.007785
train/neg/10017_4.txt	however	1	0.005525	12	2.545925	0.014066
train/pos/10005_7.txt	however	1	0.009434	12	2.545925	0.024018
train/pos/10006_7.txt	however	1	0.002994	12	2.545925	0.007622
train/pos/10007_7.txt	however	1	0.002278	12	2.545925	0.005800
train/pos/10010_7.txt	however	1	0.003534	12	2.545925	0.008997
train/pos/10014_8.txt	however	1	0.005155	12	2.545925	0.013124
train/pos/10016_8.txt	however	1	0.007812	12	2.545925	0.019889
train/neg/10005_3.txt	howlers	1	0.003058	1	4.417727	0.013509
test/neg/10002_3.txt	huge	1	0.003135	2	4.012262	0.012578
train/neg/10000_4.txt	huge	1	0.001285	2	4.012262	0.005156
test/pos/10005_8.txt	huh	1	0.002907	1	4.417727	0.012842
test/pos/10001_9.txt	human	1	0.004049	5	3.319114	0.013439
test/pos/10004_9.txt	human	1	0.003175	5	3.319114	0.010538
test/pos/10008_8.txt	human	1	0.001042	5	3.319114	0.003459
train/pos/10000_8.txt	human	1	0.002278	5	3.319114	0.007561
train/pos/10009_9.txt	human	1	0.003597	5	3.319114	0.011939
test/pos/10000_7.txt	humble	1	0.002841	1	4.417727	0.012551
train/neg/10009_1.txt	humidity	1	0.002915	1	4.417727	0.012878
test/pos/10004_9.txt	humility	1	0.003175	1	4.417727	0.014026
test/neg/10001_1.txt	humor	1	0.004464	3	3.724580	0.016627
test/pos/10008_8.txt	humor	1	0.001042	3	3.724580	0.003881
train/pos/10017_9.txt	humor	1	0.006623	3	3.724580	0.024668
test/pos/10008_8.txt	humorous	1	0.001042	1	4.417727	0.004603
train/neg/10006_4.txt	hung	1	0.006289	1	4.417727	0.027783
test/neg/10002_3.txt	hungry	1	0.003135	1	4.417727	0.013850
test/neg/10007_4.txt	hunted	1	0.007752	1	4.417727	0.034246
train/neg/10005_3.txt	hurt	1	0.003058	1	4.417727	0.013509
train/pos/10015_8.txt	hushed	1	0.003040	1	4.417727	0.013430
train/pos/10004_8.txt	hybrid	1	0.005747	1	4.417727	0.025389
train/pos/10015_8.txt	hypnotic	1	0.003040	1	4.417727	0.013430
test/neg/0_2.txt	i	3	0.017544	46	1.260726	0.022118
test/neg/10000_4.txt	i	2	0.008299	46	1.260726	0.010463
test/neg/10001_1.txt	i	2	0.008929	46	1.260726	0.011257
test/neg/10002_3.txt	i	10	0.031348	46	1.260726	0.039521
test/neg/10003_3.txt	i	1	0.004219	46	1.260726	0.005319
test/neg/10004_2.txt	i	1	0.008475	46	1.260726	0.010685
test/neg/10005_2.txt	i	4	0.024540	46	1.260726	0.030938
test/neg/10006_2.txt	i	3	0.020833	46	1.260726	0.026265
test/pos/0_10.txt	i	7	0.045752	46	1.260726	0.057681
test/pos/10000_7.txt	i	2	0.005682	46	1.260726	0.007163
test/pos/10001_9.txt	i	2	0.008097	46	1.260726	0.010208
test/pos/10002_8.txt	i	3	0.023438	46	1.260726	0.029549
test/pos/10004_9.txt	i	2	0.006349	46	1.260726	0.008004
test/pos/10005_8.txt	i	5	0.014535	46	1.260726	0.018325
test/pos/10006_7.txt	i	3	0.020979	46	1.260726	0.026449
test/pos/10008_8.txt	i	6	0.006250	46	1.260726	0.007880
train/neg/10000_4.txt	i	12	0.015424	46	1.260726	0.019445
train/neg/10001_4.txt	i	3	0.021127	46	1.260726	0.026635
train/neg/10002_1.txt	i	5	0.032680	46	1.260726	0.041201
train/neg/10003_1.txt	i	9	0.022444	46	1.260726	0.028296
train/neg/10004_3.txt	i	2	0.019231	46	1.260726	0.024245
train/neg/10005_3.txt	i	8	0.024465	46	1.260726	0.030844
train/neg/10006_4.txt	i	2	0.012579	46	1.260726	0.015859
train/neg/10008_2.txt	i	7	0.024306	46	1.260726	0.030643
train/neg/10009_1.txt	i	1	0.002915	46	1.260726	0.003675
train/neg/1000_4.txt	i	5	0.034247	46	1.260726	0.043176
train/neg/10010_3.txt	i	1	0.009901	46	1.260726	0.012482
train/neg/10011_3.txt	i	2	0.014493	46	1.260726	0.018272
train/neg/10012_1.txt	i	2	0.011494	46	1.260726	0.014491
train/neg/10013_1.txt	i	1	0.007463	46	1.260726	0.009409
train/neg/10014_2.txt	i	3	0.044776	46	1.260726	0.056450
train/pos/0_9.txt	i	5	0.035714	46	1.260726	0.045026
train/pos/10000_8.txt	i	1	0.002278	46	1.260726	0.002872
train/pos/10001_10.txt	i	3	0.020000	46	1.260726	0.025215
train/pos/10002_7.txt	i	1	0.008065	46	1.260726	0.010168
train/pos/10004_8.txt	i	4	0.022989	46	1.260726	0.028983
train/pos/10007_7.txt	i	1	0.002278	46	1.260726	0.002872
train/pos/10008_7.txt	i	6	0.018519	46	1.260726	0.023347
train/pos/10009_9.txt	i	5	0.017986	46	1.260726	0.022675
train/pos/1000_8.txt	i	4	0.047619	46	1.260726	0.060035
train/pos/10011_9.txt	i	3	0.013575	46	1.260726	0.017114
train/pos/10012_8.txt	i	2	0.013514	46	1.260726	0.017037
train/pos/10013_7.txt	i	4	0.024691	46	1.260726	0.031129
train/pos/10014_8.txt	i	5	0.025773	46	1.260726	0.032493
train/pos/10015_8.txt	i	2	0.006079	46	1.260726	0.007664
train/pos/10017_9.txt	i	8	0.052980	46	1.260726	0.066793
test/neg/10000_4.txt	ice	5	0.020747	2	4.012262	0.083242
test/neg/10002_3.txt	ice	2	0.006270	2	4.012262	0.025157
test/pos/10008_8.txt	iconic	1	0.001042	1	4.417727	0.004603
train/neg/10000_4.txt	idea	1	0.001285	2	4.012262	0.005156
train/neg/10004_3.txt	idea	1	0.009615	2	4.012262	0.038578
test/pos/10008_8.txt	idealistic	1	0.001042	1	4.417727	0.004603
test/pos/10008_8.txt	idealized	1	0.001042	1	4.417727	0.004603
train/neg/10000_4.txt	ideas	1	0.001285	1	4.417727	0.005677
test/pos/10008_8.txt	identity	9	0.009375	2	4.012262	0.037615
train/neg/10003_1.txt	identity	1	0.002494	2	4.012262	0.010007
train/pos/10002_7.txt	idiots	1	0.008065	1	4.417727	0.035629
test/pos/10000_7.txt	idol	1	0.002841	1	4.417727	0.012551
test/pos/10008_8.txt	idolized	1	0.001042	1	4.417727	0.004603
test/neg/10000_4.txt	if	1	0.004149	22	1.975380	0.008196
test/neg/10001_1.txt	if	1	0.004464	22	1.975380	0.008818
test/neg/10002_3.txt	if	1	0.003135	22	1.975380	0.006193
test/neg/10006_2.txt	if	1	0.006944	22	1.975380	0.013717
test/pos/10002_8.txt	if	1	0.007812	22	1.975380	0.015432
test/pos/10005_8.txt	if	1	0.002907	22	1.975380	0.005742
test/pos/10006_7.txt	if	1	0.006993	22	1.975380	0.013814
test/pos/10008_8.txt	if	2	0.002083	22	1.975380	0.004115
train/neg/10000_4.txt	if	4	0.005141	22	1.975380	0.010155
train/neg/10003_1.txt	if	1	0.002494	22	1.975380	0.004927
train/neg/10006_4.txt	if	1	0.006289	22	1.975380	0.012423
train/neg/10008_2.txt	if	2	0.006944	22	1.975380	0.013717
train/neg/10009_1.txt	if	2	0.005831	22	1.975380	0.011518
train/neg/1000_4.txt	if	3	0.020548	22	1.975380	0.040590
train/neg/10010_3.txt	if	1	0.009901	22	1.975380	0.019558
train/neg/10012_1.txt	if	1	0.005747	22	1.975380	0.011353
train/neg/10014_2.txt	if	1	0.014925	22	1.975380	0.029483
train/pos/10000_8.txt	if	4	0.009112	22	1.975380	0.018000
train/pos/10005_7.txt	if	1	0.009434	22	1.975380	0.018636
train/pos/10011_9.txt	if	2	0.009050	22	1.975380	0.017877
train/pos/10015_8.txt	if	1	0.003040	22	1.975380	0.006005
train/pos/10016_8.txt	if	1	0.007812	22	1.975380	0.015432
test/neg/10002_3.txt	ill	1	0.003135	3	3.724580	0.011677
test/pos/10004_9.txt	ill	1	0.003175	3	3.724580	0.011826
train/pos/10014_8.txt	ill	1	0.005155	3	3.724580	0.019200
train/neg/10003_1.txt	illicit	1	0.002494	1	4.417727	0.011018
train/pos/10010_7.txt	illnesses	1	0.003534	1	4.417727	0.015612
test/neg/10004_2.txt	images	1	0.008475	3	3.724580	0.031566
test/pos/10000_7.txt	images	1	0.002841	3	3.724580	0.010582
train/pos/10011_9.txt	images	1	0.004525	3	3.724580	0.016854
test/pos/10008_8.txt	imaginary	1	0.001042	1	4.417727	0.004603
train/pos/10011_9.txt	imagination	1	0.004525	1	4.417727	0.019990
test/pos/10000_7.txt	imagine	1	0.002841	1	4.417727	0.012551
test/pos/10008_8.txt	imagines	1	0.001042	1	4.417727	0.004603
train/neg/10004_3.txt	imitating	1	0.009615	1	4.417727	0.042476
train/neg/10004_3.txt	imitations	1	0.009615	1	4.417727	0.042476
test/pos/10008_8.txt	immediacy	1	0.001042	1	4.417727	0.004603
train/pos/0_9.txt	immediately	1	0.007143	1	4.417727	0.031556
train/neg/10003_1.txt	immersed	1	0.002494	1	4.417727	0.011018
train/pos/10014_8.txt	impact	1	0.005155	1	4.417727	0.022773
train/pos/10006_7.txt	impersonation	1	0.002994	1	4.417727	0.013227
test/neg/10002_3.txt	implications	1	0.003135	1	4.417727	0.013850
train/pos/10011_9.txt	impress	1	0.004525	1	4.417727	0.019990
test/pos/10008_8.txt	impressionable	1	0.001042	1	4.417727	0.004603
train/pos/10002_7.txt	impressive	1	0.008065	1	4.417727	0.035629
train/neg/10003_1.txt	improvisational	1	0.002494	1	4.417727	0.011018
test/neg/0_2.txt	in	2	0.011696	56	1.067823	0.012489
test/neg/10000_4.txt	in	2	0.008299	56	1.067823	0.008862
test/neg/10001_1.txt	in	2	0.008929	56	1.067823	0.009535
test/neg/10002_3.txt	in	7	0.021944	56	1.067823	0.023432
test/neg/10003_3.txt	in	4	0.016878	56	1.067823	0.018023
test/neg/10004_2.txt	in	2	0.016949	56	1.067823	0.018099
test/neg/10006_2.txt	in	2	0.013889	56	1.067823	0.014831
test/neg/10007_4.txt	in	1	0.007752	56	1.067823	0.008278
test/neg/10008_4.txt	in	2	0.011976	56	1.067823	0.012788
test/pos/0_10.txt	in	1	0.006536	56	1.067823	0.006979
test/pos/10000_7.txt	in	5	0.014205	56	1.067823	0.015168
test/pos/10001_9.txt	in	7	0.028340	56	1.067823	0.030262
test/pos/10002_8.txt	in	1	0.007812	56	1.067823	0.008342
test/pos/10003_8.txt	in	3	0.014634	56	1.067823	0.015627
test/pos/10004_9.txt	in	7	0.022222	56	1.067823	0.023729
test/pos/10005_8.txt	in	8	0.023256	56	1.067823	0.024833
test/pos/10006_7.txt	in	2	0.013986	56	1.067823	0.014935
test/pos/10007_10.txt	in	2	0.011494	56	1.067823	0.012274
test/pos/10008_8.txt	in	16	0.016667	56	1.067823	0.017797
train/neg/10000_4.txt	in	8	0.010283	56	1.067823	0.010980
train/neg/10001_4.txt	in	3	0.021127	56	1.067823	0.022560
train/neg/10003_1.txt	in	8	0.019950	56	1.067823	0.021303
train/neg/10004_3.txt	in	3	0.028846	56	1.067823	0.030802
train/neg/10005_3.txt	in	7	0.021407	56	1.067823	0.022859
train/neg/10006_4.txt	in	1	0.006289	56	1.067823	0.006716
train/neg/10007_1.txt	in	2	0.029412	56	1.067823	0.031407
train/neg/10008_2.txt	in	1	0.003472	56	1.067823	0.003707
train/neg/10009_1.txt	in	12	0.034985	56	1.067823	0.037358
train/neg/1000_4.txt	in	3	0.020548	56	1.067823	0.021942
train/neg/10011_3.txt	in	2	0.014493	56	1.067823	0.015476
train/neg/10012_1.txt	in	6	0.034483	56	1.067823	0.036822
train/neg/10013_1.txt	in	2	0.014925	56	1.067823	0.015937
train/neg/10014_2.txt	in	3	0.044776	56	1.067823	0.047813
train/neg/10015_2.txt	in	2	0.022989	56	1.067823	0.024548
train/neg/10016_4.txt	in	4	0.030303	56	1.067823	0.032358
train/neg/10017_4.txt	in	3	0.016575	56	1.067823	0.017699
train/pos/0_9.txt	in	2	0.014286	56	1.067823	0.015255
train/pos/10000_8.txt	in	2	0.004556	56	1.067823	0.004865
train/pos/10001_10.txt	in	2	0.013333	56	1.067823	0.014237
train/pos/10002_7.txt	in	3	0.024194	56	1.067823	0.025835
train/pos/10003_8.txt	in	2	0.016529	56	1.067823	0.017650
train/pos/10004_8.txt	in	2	0.011494	56	1.067823	0.012274
train/pos/10005_7.txt	in	2	0.018868	56	1.067823	0.020148
train/pos/10006_7.txt	in	5	0.014970	56	1.067823	0.015985
train/pos/10007_7.txt	in	6	0.013667	56	1.067823	0.014594
train/pos/10008_7.txt	in	5	0.015432	56	1.067823	0.016479
train/pos/10009_9.txt	in	6	0.021583	56	1.067823	0.023047
train/pos/1000_8.txt	in	2	0.023810	56	1.067823	0.025425
train/pos/10010_7.txt	in	7	0.024735	56	1.067823	0.026413
train/pos/10011_9.txt	in	2	0.009050	56	1.067823	0.009664
train/pos/10012_8.txt	in	2	0.013514	56	1.067823	0.014431
train/pos/10013_7.txt	in	1	0.006173	56	1.067823	0.006592
train/pos/10014_8.txt	in	5	0.025773	56	1.067823	0.027521
train/pos/10015_8.txt	in	5	0.015198	56	1.067823	0.016229
train/pos/10016_8.txt	in	1	0.007812	56	1.067823	0.008342
train/pos/10017_9.txt	in	1	0.006623	56	1.067823	0.007072
test/pos/10001_9.txt	inability	1	0.004049	1	4.417727	0.017887
train/neg/10010_3.txt	inadequacy	1	0.009901	1	4.417727	0.043740
train/neg/10009_1.txt	incapable	1	0.002915	1	4.417727	0.012878
test/neg/10007_4.txt	incessant	1	0.007752	1	4.417727	0.034246
train/pos/10008_7.txt	include	1	0.003086	1	4.417727	0.013633
train/neg/10013_1.txt	included	1	0.007463	1	4.417727	0.032969
train/neg/10000_4.txt	including	2	0.002571	2	4.012262	0.010316
train/pos/10000_8.txt	including	1	0.002278	2	4.012262	0.009140
train/pos/10008_7.txt	incredible	1	0.003086	1	4.417727	0.013633
test/pos/10002_8.txt	incredibly	1	0.007812	2	4.012262	0.031344
train/neg/10005_3.txt	incredibly	1	0.003058	2	4.012262	0.012269
test/pos/10008_8.txt	incurred	1	0.001042	1	4.417727	0.004603
test/pos/10008_8.txt	indebtedness	1	0.001042	1	4.417727	0.004603
test/neg/10003_3.txt	independence	1	0.004219	1	4.417727	0.018638
test/pos/10004_9.txt	indianapolis	1	0.003175	1	4.417727	0.014026
test/pos/10000_7.txt	indicates	1	0.002841	1	4.417727	0.012551
train/pos/10001_10.txt	indifferently	1	0.006667	1	4.417727	0.029453
train/neg/10003_1.txt	indulgent	1	0.002494	1	4.417727	0.011018
train/neg/10001_4.txt	inevitably	1	0.007042	1	4.417727	0.031110
train/neg/10013_1.txt	inexplicable	1	0.007463	1	4.417727	0.032969
test/pos/10001_9.txt	inferior	1	0.004049	1	4.417727	0.017887
train/pos/10000_8.txt	inflation	1	0.002278	1	4.417727	0.010064
test/pos/10008_8.txt	influence	3	0.003125	1	4.417727	0.013805
train/pos/10010_7.txt	information	1	0.003534	1	4.417727	0.015612
test/neg/10007_4.txt	ing	1	0.007752	1	4.417727	0.034246
train/neg/10003_1.txt	ingmar	2	0.004988	1	4.417727	0.022036
train/pos/10006_7.txt	initially	1	0.002994	1	4.417727	0.013227
test/neg/0_2.txt	inkling	1	0.005848	1	4.417727	0.025835
test/pos/10008_8.txt	inmates	1	0.001042	1	4.417727	0.004603
train/pos/10002_7.txt	inn	1	0.008065	1	4.417727	0.035629
train/pos/10007_7.txt	inner	1	0.002278	1	4.417727	0.010064
test/pos/10008_8.txt	input	1	0.001042	1	4.417727	0.004603
train/neg/0_3.txt	insane	1	0.008772	2	4.012262	0.035196
train/pos/10004_8.txt	insane	1	0.005747	2	4.012262	0.023058
train/neg/10000_4.txt	inside	1	0.001285	2	4.012262	0.005156
train/neg/10013_1.txt	inside	1	0.007463	2	4.012262	0.029944
train/neg/10003_1.txt	insight	1	0.002494	1	4.417727	0.011018
train/pos/0_9.txt	insightful	1	0.007143	1	4.417727	0.031556
train/neg/10003_1.txt	insistence	1	0.002494	1	4.417727	0.011018
train/pos/10008_7.txt	insomnia	1	0.003086	1	4.417727	0.013633
train/pos/10004_8.txt	inspect	1	0.005747	1	4.417727	0.025389
train/pos/0_9.txt	inspector	1	0.007143	1	4.417727	0.031556
test/pos/10004_9.txt	inspirational	1	0.003175	1	4.417727	0.014026
train/pos/10000_8.txt	inspire	1	0.002278	1	4.417727	0.010064
train/pos/10014_8.txt	inspired	1	0.005155	2	4.012262	0.020683
train/pos/10016_8.txt	inspired	1	0.007812	2	4.012262	0.031344
test/pos/10008_8.txt	inst	1	0.001042	1	4.417727	0.004603
test/neg/10001_1.txt	instead	1	0.004464	6	3.164964	0.014128
train/neg/10003_1.txt	instead	1	0.002494	6	3.164964	0.007893
train/neg/10006_4.txt	instead	1	0.006289	6	3.164964	0.019904
train/neg/1000_4.txt	instead	1	0.006849	6	3.164964	0.021677
train/pos/10000_8.txt	instead	1	0.002278	6	3.164964	0.007210
train/pos/10010_7.txt	instead	1	0.003534	6	3.164964	0.011185
test/pos/10008_8.txt	institute	1	0.001042	1	4.417727	0.004603
test/pos/10008_8.txt	integrity	1	0.001042	1	4.417727	0.004603
train/neg/10005_3.txt	intellectual	1	0.003058	1	4.417727	0.013509
train/neg/10003_1.txt	intelligentsia	1	0.002494	1	4.417727	0.011018
train/pos/10017_9.txt	intense	1	0.006623	1	4.417727	0.029259
train/neg/10013_1.txt	intensity	1	0.007463	1	4.417727	0.032969
train/neg/10003_1.txt	intentionally	1	0.002494	1	4.417727	0.011018
train/pos/10016_8.txt	intentions	1	0.007812	1	4.417727	0.034511
test/pos/10008_8.txt	intercessor	1	0.001042	1	4.417727	0.004603
train/neg/10012_1.txt	interest	2	0.011494	1	4.417727	0.050777
test/pos/10006_7.txt	interesting	1	0.006993	6	3.164964	0.022133
train/neg/1000_4.txt	interesting	1	0.006849	6	3.164964	0.021677
train/neg/10010_3.txt	interesting	2	0.019802	6	3.164964	0.062673
train/pos/10007_7.txt	interesting	1	0.002278	6	3.164964	0.007210
train/pos/1000_8.txt	interesting	3	0.035714	6	3.164964	0.113034
train/pos/10012_8.txt	interesting	1	0.006757	6	3.164964	0.021386
train/neg/10000_4.txt	interior	1	0.001285	1	4.417727	0.005677
train/neg/10003_1.txt	interiors	3	0.007481	2	4.012262	0.030016
train/neg/10005_3.txt	interiors	2	0.006116	2	4.012262	0.024539
train/neg/10003_1.txt	interminable	1	0.002494	1	4.417727	0.011018
test/pos/10008_8.txt	intermittent	1	0.001042	1	4.417727	0.004603
train/neg/10017_4.txt	international	1	0.005525	1	4.417727	0.024408
test/pos/10001_9.txt	intimidated	1	0.004049	1	4.417727	0.017887
test/neg/10003_3.txt	into	1	0.004219	14	2.402824	0.010138
test/neg/10005_2.txt	into	1	0.006135	14	2.402824	0.014741
test/pos/10005_8.txt	into	1	0.002907	14	2.402824	0.006985
test/pos/10008_8.txt	into	1	0.001042	14	2.402824	0.002504
train/neg/0_3.txt	into	1	0.008772	14	2.402824	0.021078
train/neg/10000_4.txt	into	1	0.001285	14	2.402824	0.003088
train/neg/10005_3.txt	into	2	0.006116	14	2.402824	0.014696
train/neg/10011_3.txt	into	1	0.007246	14	2.402824	0.017411
train/neg/10017_4.txt	into	1	0.005525	14	2.402824	0.013276
train/pos/10006_7.txt	into	1	0.002994	14	2.402824	0.007194
train/pos/10007_7.txt	into	2	0.004556	14	2.402824	0.010947
train/pos/10008_7.txt	into	1	0.003086	14	2.402824	0.007415
train/pos/10009_9.txt	into	1	0.003597	14	2.402824	0.008643
train/pos/10015_8.txt	into	1	0.003040	14	2.402824	0.007305
train/neg/10005_3.txt	intonations	1	0.003058	1	4.417727	0.013509
train/neg/10005_3.txt	intoned	1	0.003058	1	4.417727	0.013509
train/pos/10007_7.txt	intrigued	1	0.002278	1	4.417727	0.010064
train/pos/10012_8.txt	intriguing	1	0.006757	2	4.012262	0.027111
train/pos/10016_8.txt	intriguing	1	0.007812	2	4.012262	0.031344
train/pos/10009_9.txt	introduced	1	0.003597	1	4.417727	0.015891
train/neg/10003_1.txt	introspective	1	0.002494	1	4.417727	0.011018
train/pos/10001_10.txt	invade	1	0.006667	1	4.417727	0.029453
test/pos/10004_9.txt	inventory	1	0.003175	1	4.417727	0.014026
train/pos/10007_7.txt	investigating	1	0.002278	1	4.417727	0.010064
train/neg/10011_3.txt	investigation	1	0.007246	1	4.417727	0.032011
test/neg/10002_3.txt	involved	1	0.003135	4	3.501436	0.010977
train/neg/10000_4.txt	involved	1	0.001285	4	3.501436	0.004499
train/neg/10005_3.txt	involved	1	0.003058	4	3.501436	0.010707
train/neg/10011_3.txt	involved	1	0.007246	4	3.501436	0.025371
test/neg/10002_3.txt	involves	1	0.003135	1	4.417727	0.013850
train/neg/10008_2.txt	iraq	1	0.003472	2	4.012262	0.013931
train/pos/10000_8.txt	iraq	1	0.002278	2	4.012262	0.009140
test/pos/10003_8.txt	irish	1	0.004878	1	4.417727	0.021550
test/pos/10008_8.txt	irrational	1	0.001042	1	4.417727	0.004603
train/pos/10009_9.txt	irrevocably	1	0.003597	1	4.417727	0.015891
test/neg/10000_4.txt	irritating	1	0.004149	1	4.417727	0.018329
test/neg/0_2.txt	is	3	0.017544	54	1.103541	0.019361
test/neg/10000_4.txt	is	3	0.012448	54	1.103541	0.013737
test/neg/10001_1.txt	is	9	0.040179	54	1.103541	0.044339
test/neg/10002_3.txt	is	4	0.012539	54	1.103541	0.013837
test/neg/10003_3.txt	is	5	0.021097	54	1.103541	0.023281
test/neg/10004_2.txt	is	4	0.033898	54	1.103541	0.037408
test/neg/10005_2.txt	is	4	0.024540	54	1.103541	0.027081
test/neg/10006_2.txt	is	2	0.013889	54	1.103541	0.015327
test/neg/10007_4.txt	is	3	0.023256	54	1.103541	0.025664
test/neg/10008_4.txt	is	1	0.005988	54	1.103541	0.006608
test/pos/0_10.txt	is	1	0.006536	54	1.103541	0.007213
test/pos/10000_7.txt	is	4	0.011364	54	1.103541	0.012541
test/pos/10001_9.txt	is	6	0.024291	54	1.103541	0.026806
test/pos/10002_8.txt	is	5	0.039062	54	1.103541	0.043107
test/pos/10003_8.txt	is	7	0.034146	54	1.103541	0.037682
test/pos/10004_9.txt	is	7	0.022222	54	1.103541	0.024523
test/pos/10005_8.txt	is	7	0.020349	54	1.103541	0.022456
test/pos/10006_7.txt	is	1	0.006993	54	1.103541	0.007717
test/pos/10007_10.txt	is	3	0.017241	54	1.103541	0.019026
test/pos/10008_8.txt	is	16	0.016667	54	1.103541	0.018393
train/neg/0_3.txt	is	2	0.017544	54	1.103541	0.019361
train/neg/10000_4.txt	is	14	0.017995	54	1.103541	0.019858
train/neg/10002_1.txt	is	4	0.026144	54	1.103541	0.028851
train/neg/10003_1.txt	is	7	0.017456	54	1.103541	0.019263
train/neg/10004_3.txt	is	1	0.009615	54	1.103541	0.010611
train/neg/10005_3.txt	is	2	0.006116	54	1.103541	0.006749
train/neg/10007_1.txt	is	4	0.058824	54	1.103541	0.064915
train/neg/10008_2.txt	is	5	0.017361	54	1.103541	0.019159
train/neg/10009_1.txt	is	13	0.037901	54	1.103541	0.041825
train/neg/1000_4.txt	is	2	0.013699	54	1.103541	0.015117
train/neg/10010_3.txt	is	3	0.029703	54	1.103541	0.032778
train/neg/10011_3.txt	is	4	0.028986	54	1.103541	0.031987
train/neg/10012_1.txt	is	2	0.011494	54	1.103541	0.012684
train/neg/10013_1.txt	is	2	0.014925	54	1.103541	0.016470
train/neg/10014_2.txt	is	1	0.014925	54	1.103541	0.016470
train/neg/10015_2.txt	is	3	0.034483	54	1.103541	0.038053
train/neg/10017_4.txt	is	2	0.011050	54	1.103541	0.012194
train/pos/0_9.txt	is	4	0.028571	54	1.103541	0.031529
train/pos/10000_8.txt	is	2	0.004556	54	1.103541	0.005028
train/pos/10001_10.txt	is	5	0.033333	54	1.103541	0.036784
train/pos/10002_7.txt	is	4	0.032258	54	1.103541	0.035598
train/pos/10003_8.txt	is	3	0.024793	54	1.103541	0.027360
train/pos/10004_8.txt	is	3	0.017241	54	1.103541	0.019026
train/pos/10005_7.txt	is	3	0.028302	54	1.103541	0.031232
train/pos/10006_7.txt	is	3	0.008982	54	1.103541	0.009912
train/pos/10007_7.txt	is	8	0.018223	54	1.103541	0.020110
train/pos/10008_7.txt	is	8	0.024691	54	1.103541	0.027248
train/pos/10009_9.txt	is	2	0.007194	54	1.103541	0.007939
train/pos/1000_8.txt	is	2	0.023810	54	1.103541	0.026275
train/pos/10010_7.txt	is	6	0.021201	54	1.103541	0.023396
train/pos/10011_9.txt	is	7	0.031674	54	1.103541	0.034954
train/pos/10012_8.txt	is	6	0.040541	54	1.103541	0.044739
train/pos/10014_8.txt	is	3	0.015464	54	1.103541	0.017065
train/pos/10016_8.txt	is	8	0.062500	54	1.103541	0.068971
train/neg/10000_4.txt	island	1	0.001285	1	4.417727	0.005677
train/neg/10000_4.txt	isn	1	0.001285	4	3.501436	0.004499
train/pos/0_9.txt	isn	1	0.007143	4	3.501436	0.025011
train/pos/10000_8.txt	isn	1	0.002278	4	3.501436	0.007976
train/pos/10004_8.txt	isn	2	0.011494	4	3.501436	0.040246
train/neg/10000_4.txt	isolated	1	0.001285	1	4.417727	0.005677
train/pos/10010_7.txt	isolation	1	0.003534	1	4.417727	0.015612
train/pos/10000_8.txt	issue	1	0.002278	1	4.417727	0.010064
test/pos/10001_9.txt	issues	1	0.004049	2	4.012262	0.016246
train/pos/10009_9.txt	issues	1	0.003597	2	4.012262	0.014432
test/neg/0_2.txt	it	2	0.011696	53	1.121890	0.013122
test/neg/10000_4.txt	it	1	0.004149	53	1.121890	0.004655
test/neg/10001_1.txt	it	1	0.004464	53	1.121890	0.005008
test/neg/10002_3.txt	it	6	0.018809	53	1.121890	0.021102
test/neg/10003_3.txt	it	2	0.008439	53	1.121890	0.009468
test/neg/10004_2.txt	it	1	0.008475	53	1.121890	0.009508
test/neg/10008_4.txt	it	2	0.011976	53	1.121890	0.013436
test/pos/0_10.txt	it	3	0.019608	53	1.121890	0.021998
test/pos/10000_7.txt	it	2	0.005682	53	1.121890	0.006375
test/pos/10002_8.txt	it	4	0.031250	53	1.121890	0.035059
test/pos/10004_9.txt	it	1	0.003175	53	1.121890	0.003562
test/pos/10005_8.txt	it	3	0.008721	53	1.121890	0.009784
test/pos/10006_7.txt	it	3	0.020979	53	1.121890	0.023536
test/pos/10007_10.txt	it	2	0.011494	53	1.121890	0.012895
test/pos/10008_8.txt	it	4	0.004167	53	1.121890	0.004675
train/neg/0_3.txt	it	4	0.035088	53	1.121890	0.039365
train/neg/10000_4.txt	it	10	0.012853	53	1.121890	0.014420
train/neg/10001_4.txt	it	3	0.021127	53	1.121890	0.023702
train/neg/10003_1.txt	it	7	0.017456	53	1.121890	0.019584
train/neg/10004_3.txt	it	2	0.019231	53	1.121890	0.021575
train/neg/10005_3.txt	it	4	0.012232	53	1.121890	0.013723
train/neg/10006_4.txt	it	2	0.012579	53	1.121890	0.014112
train/neg/10008_2.txt	it	8	0.027778	53	1.121890	0.031164
train/neg/10009_1.txt	it	3	0.008746	53	1.121890	0.009812
train/neg/1000_4.txt	it	1	0.006849	53	1.121890	0.007684
train/neg/10010_3.txt	it	1	0.009901	53	1.121890	0.011108
train/neg/10011_3.txt	it	6	0.043478	53	1.121890	0.048778
train/neg/10012_1.txt	it	1	0.005747	53	1.121890	0.006448
train/neg/10013_1.txt	it	1	0.007463	53	1.121890	0.008373
train/neg/10014_2.txt	it	3	0.044776	53	1.121890	0.050234
train/neg/10015_2.txt	it	1	0.011494	53	1.121890	0.012895
train/neg/10016_4.txt	it	1	0.007576	53	1.121890	0.008499
train/neg/10017_4.txt	it	3	0.016575	53	1.121890	0.018595
train/pos/0_9.txt	it	2	0.014286	53	1.121890	0.016027
train/pos/10000_8.txt	it	8	0.018223	53	1.121890	0.020444
train/pos/10001_10.txt	it	1	0.006667	53	1.121890	0.007480
train/pos/10002_7.txt	it	1	0.008065	53	1.121890	0.009048
train/pos/10003_8.txt	it	2	0.016529	53	1.121890	0.018544
train/pos/10004_8.txt	it	6	0.034483	53	1.121890	0.038686
train/pos/10005_7.txt	it	1	0.009434	53	1.121890	0.010584
train/pos/10006_7.txt	it	1	0.002994	53	1.121890	0.003359
train/pos/10007_7.txt	it	5	0.011390	53	1.121890	0.012778
train/pos/10008_7.txt	it	6	0.018519	53	1.121890	0.020776
train/pos/10009_9.txt	it	3	0.010791	53	1.121890	0.012106
train/pos/1000_8.txt	it	1	0.011905	53	1.121890	0.013356
train/pos/10010_7.txt	it	4	0.014134	53	1.121890	0.015857
train/pos/10011_9.txt	it	5	0.022624	53	1.121890	0.025382
train/pos/10012_8.txt	it	7	0.047297	53	1.121890	0.053062
train/pos/10013_7.txt	it	5	0.030864	53	1.121890	0.034626
train/pos/10014_8.txt	it	4	0.020619	53	1.121890	0.023132
train/pos/10015_8.txt	it	5	0.015198	53	1.121890	0.017050
train/pos/10016_8.txt	it	3	0.023438	53	1.121890	0.026295
train/pos/10017_9.txt	it	3	0.019868	53	1.121890	0.022290
test/neg/10003_3.txt	italian	2	0.008439	2	4.012262	0.033859
train/neg/10009_1.txt	italian	1	0.002915	2	4.012262	0.011696
train/pos/10002_7.txt	italians	1	0.008065	1	4.417727	0.035629
test/neg/10002_3.txt	its	1	0.003135	8	2.913649	0.009134
test/pos/10000_7.txt	its	1	0.002841	8	2.913649	0.008278
test/pos/10005_8.txt	its	1	0.002907	8	2.913649	0.008470
test/pos/10007_10.txt	its	1	0.005747	8	2.913649	0.016745
train/neg/10013_1.txt	its	1	0.007463	8	2.913649	0.021745
train/pos/10002_7.txt	its	3	0.024194	8	2.913649	0.070493
train/pos/10005_7.txt	its	1	0.009434	8	2.913649	0.027487
train/pos/10010_7.txt	its	1	0.003534	8	2.913649	0.010297
test/neg/10000_4.txt	itself	1	0.004149	2	4.012262	0.016647
train/pos/10017_9.txt	itself	1	0.006623	2	4.012262	0.026573
test/neg/10000_4.txt	jack	1	0.004149	2	4.012262	0.016647
train/neg/10000_4.txt	jack	1	0.001285	2	4.012262	0.005156
train/neg/10000_4.txt	jacked	1	0.001285	1	4.417727	0.005677
train/neg/10000_4.txt	jacking	1	0.001285	1	4.417727	0.005677
test/pos/0_10.txt	jake	1	0.006536	1	4.417727	0.028874
train/neg/10000_4.txt	james	2	0.002571	1	4.417727	0.011358
train/neg/10000_4.txt	jameson	1	0.001285	1	4.417727	0.005677
test/neg/10006_2.txt	japanese	3	0.020833	2	4.012262	0.083587
test/neg/10007_4.txt	japanese	1	0.007752	2	4.012262	0.031103
test/pos/10008_8.txt	jeans	1	0.001042	1	4.417727	0.004603
train/pos/10000_8.txt	jeffery	1	0.002278	1	4.417727	0.010064
train/pos/10001_10.txt	jeffrey	1	0.006667	1	4.417727	0.029453
train/neg/10000_4.txt	jerry	1	0.001285	1	4.417727	0.005677
train/pos/10006_7.txt	jess	1	0.002994	5	3.319114	0.009937
train/pos/10007_7.txt	jess	1	0.002278	5	3.319114	0.007561
train/pos/10009_9.txt	jess	2	0.007194	5	3.319114	0.023878
train/pos/10010_7.txt	jess	1	0.003534	5	3.319114	0.011730
train/pos/10015_8.txt	jess	1	0.003040	5	3.319114	0.010090
test/pos/10005_8.txt	jesus	1	0.002907	1	4.417727	0.012842
train/neg/10000_4.txt	jetliner	1	0.001285	1	4.417727	0.005677
train/neg/10003_1.txt	jettisons	1	0.002494	1	4.417727	0.011018
test/pos/10005_8.txt	jia	1	0.002907	4	3.501436	0.010179
test/pos/10006_7.txt	jia	1	0.006993	4	3.501436	0.024486
test/pos/10007_10.txt	jia	1	0.005747	4	3.501436	0.020123
test/pos/10008_8.txt	jia	1	0.001042	4	3.501436	0.003648
train/neg/10000_4.txt	jinxed	1	0.001285	1	4.417727	0.005677
test/neg/10008_4.txt	job	1	0.005988	9	2.808289	0.016816
test/pos/10000_7.txt	job	2	0.005682	9	2.808289	0.015957
test/pos/10002_8.txt	job	2	0.015625	9	2.808289	0.043880
test/pos/10007_10.txt	job	2	0.011494	9	2.808289	0.032278
train/neg/10010_3.txt	job	1	0.009901	9	2.808289	0.027805
train/pos/10003_8.txt	job	1	0.008264	9	2.808289	0.023208
train/pos/10011_9.txt	job	1	0.004525	9	2.808289	0.012708
train/pos/10014_8.txt	job	1	0.005155	9	2.808289	0.014477
train/pos/10015_8.txt	job	1	0.003040	9	2.808289	0.008537
train/neg/10000_4.txt	joe	1	0.001285	4	3.501436	0.004499
train/pos/10006_7.txt	joe	1	0.002994	4	3.501436	0.010483
train/pos/10007_7.txt	joe	1	0.002278	4	3.501436	0.007976
train/pos/10010_7.txt	joe	1	0.003534	4	3.501436	0.012374
test/pos/10008_8.txt	john	2	0.002083	3	3.724580	0.007758
train/pos/10007_7.txt	john	1	0.002278	3	3.724580	0.008485
train/pos/10010_7.txt	john	1	0.003534	3	3.724580	0.013163
train/pos/10008_7.txt	johnson	2	0.006173	1	4.417727	0.027271
train/pos/10002_7.txt	jokes	1	0.008065	1	4.417727	0.035629
train/neg/10006_4.txt	jon	1	0.006289	1	4.417727	0.027783
test/pos/10003_8.txt	josh	1	0.004878	1	4.417727	0.021550
test/pos/10004_9.txt	journey	1	0.003175	2	4.012262	0.012739
test/pos/10008_8.txt	journey	1	0.001042	2	4.012262	0.004181
test/pos/0_10.txt	judge	1	0.006536	2	4.012262	0.026224
train/neg/10001_4.txt	judge	1	0.007042	2	4.012262	0.028254
test/neg/10000_4.txt	judgement	1	0.004149	1	4.417727	0.018329
test/pos/10004_9.txt	judges	1	0.003175	1	4.417727	0.014026
train/neg/10006_4.txt	judy	1	0.006289	1	4.417727	0.027783
train/neg/10000_4.txt	julie	1	0.001285	1	4.417727	0.005677
train/pos/10013_7.txt	jump	1	0.006173	2	4.012262	0.024768
train/pos/10017_9.txt	jump	1	0.006623	2	4.012262	0.026573
train/neg/10008_2.txt	jumped	1	0.003472	1	4.417727	0.015338
test/neg/10001_1.txt	junkie	1	0.004464	1	4.417727	0.019721
test/neg/0_2.txt	just	1	0.005848	24	1.891998	0.011064
test/neg/10001_1.txt	just	1	0.004464	24	1.891998	0.008446
test/neg/10002_3.txt	just	1	0.003135	24	1.891998	0.005931
test/neg/10003_3.txt	just	1	0.004219	24	1.891998	0.007982
test/neg/10005_2.txt	just	1	0.006135	24	1.891998	0.011607
test/neg/10006_2.txt	just	1	0.006944	24	1.891998	0.013138
test/neg/10007_4.txt	just	1	0.007752	24	1.891998	0.014667
test/pos/10003_8.txt	just	1	0.004878	24	1.891998	0.009229
test/pos/10007_10.txt	just	1	0.005747	24	1.891998	0.010873
test/pos/10008_8.txt	just	1	0.001042	24	1.891998	0.001971
train/neg/0_3.txt	just	1	0.008772	24	1.891998	0.016597
train/neg/10000_4.txt	just	4	0.005141	24	1.891998	0.009727
train/neg/10001_4.txt	just	2	0.014085	24	1.891998	0.026649
train/neg/10002_1.txt	just	2	0.013072	24	1.891998	0.024732
train/neg/10003_1.txt	just	4	0.009975	24	1.891998	0.018873
train/neg/10006_4.txt	just	1	0.006289	24	1.891998	0.011899
train/neg/10008_2.txt	just	2	0.006944	24	1.891998	0.013138
train/neg/10012_1.txt	just	2	0.011494	24	1.891998	0.021747
train/pos/10000_8.txt	just	1	0.002278	24	1.891998	0.004310
train/pos/10009_9.txt	just	1	0.003597	24	1.891998	0.006806
train/pos/10011_9.txt	just	2	0.009050	24	1.891998	0.017123
train/pos/10012_8.txt	just	1	0.006757	24	1.891998	0.012784
train/pos/10013_7.txt	just	3	0.018519	24	1.891998	0.035038
train/pos/10014_8.txt	just	1	0.005155	24	1.891998	0.009753
train/pos/10002_7.txt	kane	1	0.008065	1	4.417727	0.035629
train/neg/10000_4.txt	kathleen	1	0.001285	1	4.417727	0.005677
test/neg/0_2.txt	keep	1	0.005848	4	3.501436	0.020476
test/pos/10007_10.txt	keep	1	0.005747	4	3.501436	0.020123
train/neg/10005_3.txt	keep	1	0.003058	4	3.501436	0.010707
train/pos/10005_7.txt	keep	1	0.009434	4	3.501436	0.033033
train/pos/10004_8.txt	keeper	1	0.005747	1	4.417727	0.025389
train/neg/10000_4.txt	keeps	1	0.001285	2	4.012262	0.005156
train/pos/10015_8.txt	keeps	1	0.003040	2	4.012262	0.012197
train/neg/10000_4.txt	kennedy	2	0.002571	1	4.417727	0.011358
train/neg/10005_3.txt	kenneth	1	0.003058	1	4.417727	0.013509
train/pos/10010_7.txt	kept	1	0.003534	2	4.012262	0.014179
train/pos/10013_7.txt	kept	1	0.006173	2	4.012262	0.024768
test/pos/0_10.txt	kevin	1	0.006536	1	4.417727	0.028874
train/pos/10007_7.txt	key	2	0.004556	1	4.417727	0.020127
train/neg/10015_2.txt	kicked	2	0.022989	1	4.417727	0.101559
test/neg/0_2.txt	kid	1	0.005848	5	3.319114	0.019410
test/neg/10002_3.txt	kid	1	0.003135	5	3.319114	0.010405
test/pos/10003_8.txt	kid	1	0.004878	5	3.319114	0.016191
train/neg/10004_3.txt	kid	1	0.009615	5	3.319114	0.031913
train/neg/10017_4.txt	kid	2	0.011050	5	3.319114	0.036676
train/pos/10000_8.txt	kids	1	0.002278	1	4.417727	0.010064
train/pos/10000_8.txt	kill	1	0.002278	1	4.417727	0.010064
train/pos/10000_8.txt	killed	1	0.002278	1	4.417727	0.010064
train/pos/10008_7.txt	killer	1	0.003086	1	4.417727	0.013633
test/neg/10005_2.txt	killing	1	0.006135	1	4.417727	0.027103
test/pos/10008_8.txt	kind	2	0.002083	4	3.501436	0.007293
train/neg/10009_1.txt	kind	2	0.005831	4	3.501436	0.020417
train/pos/10012_8.txt	kind	1	0.006757	4	3.501436	0.023659
train/pos/10013_7.txt	kind	1	0.006173	4	3.501436	0.021614
train/pos/10002_7.txt	king	1	0.008065	1	4.417727	0.035629
train/neg/0_3.txt	kirkland	1	0.008772	1	4.417727	0.038752
test/pos/10008_8.txt	kites	1	0.001042	1	4.417727	0.004603
test/pos/10000_7.txt	knack	1	0.002841	1	4.417727	0.012551
test/pos/0_10.txt	knew	1	0.006536	2	4.012262	0.026224
train/pos/0_9.txt	knew	1	0.007143	2	4.012262	0.028660
train/neg/10000_4.txt	knock	1	0.001285	1	4.417727	0.005677
test/pos/10000_7.txt	know	1	0.002841	10	2.712979	0.007708
test/pos/10008_8.txt	know	1	0.001042	10	2.712979	0.002827
train/neg/10001_4.txt	know	1	0.007042	10	2.712979	0.019105
train/neg/10002_1.txt	know	1	0.006536	10	2.712979	0.017732
train/neg/10005_3.txt	know	1	0.003058	10	2.712979	0.008296
train/neg/10006_4.txt	know	1	0.006289	10	2.712979	0.017062
train/neg/10008_2.txt	know	2	0.006944	10	2.712979	0.018839
train/pos/10000_8.txt	know	1	0.002278	10	2.712979	0.006180
train/pos/10006_7.txt	know	1	0.002994	10	2.712979	0.008123
train/pos/10008_7.txt	know	1	0.003086	10	2.712979	0.008372
test/pos/10001_9.txt	knowledge	1	0.004049	2	4.012262	0.016246
train/pos/10010_7.txt	knowledge	1	0.003534	2	4.012262	0.014179
train/neg/10000_4.txt	known	1	0.001285	1	4.417727	0.005677
test/pos/10008_8.txt	knows	1	0.001042	1	4.417727	0.004603
train/neg/10008_2.txt	kristin	1	0.003472	4	3.501436	0.012157
train/neg/10009_1.txt	kristin	1	0.002915	4	3.501436	0.010207
train/neg/10012_1.txt	kristin	1	0.005747	4	3.501436	0.020123
train/neg/10013_1.txt	kristin	1	0.007463	4	3.501436	0.026131
test/neg/0_2.txt	kutcher	3	0.017544	2	4.012262	0.070391
test/pos/0_10.txt	kutcher	2	0.013072	2	4.012262	0.052448
test/pos/10004_9.txt	labeouf	1	0.003175	1	4.417727	0.014026
test/pos/10003_8.txt	laboeuf	1	0.004878	1	4.417727	0.021550
train/neg/10000_4.txt	lack	1	0.001285	2	4.012262	0.005156
train/neg/10001_4.txt	lack	1	0.007042	2	4.012262	0.028254
train/neg/10001_4.txt	lacked	1	0.007042	1	4.417727	0.031110
test/pos/10008_8.txt	lacking	1	0.001042	2	4.012262	0.004181
train/neg/10000_4.txt	lacking	1	0.001285	2	4.012262	0.005156
train/neg/10011_3.txt	lacks	1	0.007246	1	4.417727	0.032011
train/pos/10001_10.txt	lady	1	0.006667	1	4.417727	0.029453
test/neg/10002_3.txt	lame	1	0.003135	2	4.012262	0.012578
test/neg/10007_4.txt	lame	1	0.007752	2	4.012262	0.031103
train/neg/10000_4.txt	land	1	0.001285	2	4.012262	0.005156
train/pos/10006_7.txt	land	1	0.002994	2	4.012262	0.012013
test/pos/10005_8.txt	landscapes	1	0.002907	1	4.417727	0.012842
test/pos/10008_8.txt	language	1	0.001042	2	4.012262	0.004181
train/neg/10003_1.txt	language	1	0.002494	2	4.012262	0.010007
train/neg/10009_1.txt	languages	1	0.002915	1	4.417727	0.012878
test/pos/10008_8.txt	lanky	1	0.001042	1	4.417727	0.004603
train/pos/1000_8.txt	lapse	1	0.011905	1	4.417727	0.052593
test/pos/10008_8.txt	lard	1	0.001042	1	4.417727	0.004603
train/pos/10001_10.txt	larry	1	0.006667	1	4.417727	0.029453
test/pos/0_10.txt	last	1	0.006536	3	3.724580	0.024344
train/pos/10010_7.txt	last	1	0.003534	3	3.724580	0.013163
train/pos/10017_9.txt	last	1	0.006623	3	3.724580	0.024668
train/neg/10017_4.txt	late	1	0.005525	2	4.012262	0.022168
train/pos/10006_7.txt	late	1	0.002994	2	4.012262	0.012013
train/pos/10008_7.txt	lately	2	0.006173	2	4.012262	0.024768
train/pos/10017_9.txt	lately	1	0.006623	2	4.012262	0.026573
test/neg/0_2.txt	later	1	0.005848	4	3.501436	0.020476
test/neg/10002_3.txt	later	1	0.003135	4	3.501436	0.010977
train/neg/10005_3.txt	later	1	0.003058	4	3.501436	0.010707
train/pos/10001_10.txt	later	1	0.006667	4	3.501436	0.023344
train/pos/10007_7.txt	latest	1	0.002278	1	4.417727	0.010064
test/neg/10008_4.txt	latin	1	0.005988	1	4.417727	0.026453
test/pos/10008_8.txt	latter	1	0.001042	1	4.417727	0.004603
train/neg/10005_3.txt	laugh	1	0.003058	1	4.417727	0.013509
train/neg/10006_4.txt	laughs	1	0.006289	1	4.417727	0.027783
test/pos/0_10.txt	laughter	1	0.006536	1	4.417727	0.028874
train/neg/10008_2.txt	lauren	1	0.003472	3	3.724580	0.012932
train/neg/10009_1.txt	lauren	1	0.002915	3	3.724580	0.010857
train/neg/10013_1.txt	lauren	1	0.007463	3	3.724580	0.027797
train/neg/10007_1.txt	law	1	0.014706	2	4.012262	0.059004
train/neg/10017_4.txt	law	1	0.005525	2	4.012262	0.022168
train/pos/10001_10.txt	lawyer	2	0.013333	1	4.417727	0.058902
train/pos/10001_10.txt	lawyers	1	0.006667	1	4.417727	0.029453
train/pos/10005_7.txt	lay	1	0.009434	1	4.417727	0.041677
test/pos/10004_9.txt	layout	1	0.003175	1	4.417727	0.014026
test/neg/10003_3.txt	lead	1	0.004219	4	3.501436	0.014773
test/pos/10002_8.txt	lead	1	0.007812	4	3.501436	0.027353
train/pos/0_9.txt	lead	1	0.007143	4	3.501436	0.025011
train/pos/10002_7.txt	lead	2	0.016129	4	3.501436	0.056475
test/neg/10008_4.txt	leaden	1	0.005988	1	4.417727	0.026453
train/neg/10001_4.txt	leading	2	0.014085	2	4.012262	0.056513
train/pos/10009_9.txt	leading	1	0.003597	2	4.012262	0.014432
train/neg/10009_1.txt	leads	1	0.002915	1	4.417727	0.012878
train/neg/10000_4.txt	leaking	1	0.001285	1	4.417727	0.005677
train/pos/10015_8.txt	lean	1	0.003040	1	4.417727	0.013430
test/pos/10004_9.txt	learn	1	0.003175	2	4.012262	0.012739
train/neg/10013_1.txt	learn	1	0.007463	2	4.012262	0.029944
test/neg/10000_4.txt	learning	1	0.004149	1	4.417727	0.018329
test/neg/10000_4.txt	least	1	0.004149	4	3.501436	0.014527
test/neg/10004_2.txt	least	1	0.008475	4	3.501436	0.029675
train/pos/10008_7.txt	least	1	0.003086	4	3.501436	0.010805
train/pos/10016_8.txt	least	1	0.007812	4	3.501436	0.027353
test/pos/10006_7.txt	leave	1	0.006993	3	3.724580	0.026046
train/pos/10007_7.txt	leave	1	0.002278	3	3.724580	0.008485
train/pos/10014_8.txt	leave	1	0.005155	3	3.724580	0.019200
train/pos/10008_7.txt	leaves	1	0.003086	2	4.012262	0.012382
train/pos/10015_8.txt	leaves	1	0.003040	2	4.012262	0.012197
test/pos/10002_8.txt	lebouf	1	0.007812	1	4.417727	0.034511
test/neg/10002_3.txt	led	1	0.003135	1	4.417727	0.013850
train/neg/10000_4.txt	lee	2	0.002571	1	4.417727	0.011358
train/neg/10003_1.txt	left	1	0.002494	3	3.724580	0.009289
train/neg/10006_4.txt	left	1	0.006289	3	3.724580	0.023424
train/pos/10011_9.txt	left	1	0.004525	3	3.724580	0.016854
train/pos/10000_8.txt	leg	1	0.002278	2	4.012262	0.009140
train/pos/10006_7.txt	leg	1	0.002994	2	4.012262	0.012013
test/pos/10008_8.txt	legs	1	0.001042	2	4.012262	0.004181
train/pos/10001_10.txt	legs	1	0.006667	2	4.012262	0.026750
train/neg/10000_4.txt	lemmon	1	0.001285	1	4.417727	0.005677
test/pos/10008_8.txt	lennon	5	0.005208	1	4.417727	0.023008
test/neg/10004_2.txt	lesbian	1	0.008475	1	4.417727	0.037440
train/pos/10000_8.txt	lesley	1	0.002278	2	4.012262	0.009140
train/pos/10001_10.txt	lesley	1	0.006667	2	4.012262	0.026750
train/pos/10003_8.txt	leslie	1	0.008264	1	4.417727	0.036508
test/neg/10004_2.txt	less	1	0.008475	5	3.319114	0.028129
test/neg/10007_4.txt	less	1	0.007752	5	3.319114	0.025730
train/neg/10005_3.txt	less	5	0.015291	5	3.319114	0.050753
train/pos/10003_8.txt	less	1	0.008264	5	3.319114	0.027429
train/pos/10007_7.txt	less	1	0.002278	5	3.319114	0.007561
train/pos/10000_8.txt	lesson	1	0.002278	1	4.417727	0.010064
test/neg/10001_1.txt	lest	1	0.004464	1	4.417727	0.019721
test/pos/0_10.txt	let	1	0.006536	5	3.319114	0.021694
test/pos/10008_8.txt	let	1	0.001042	5	3.319114	0.003459
train/neg/10003_1.txt	let	1	0.002494	5	3.319114	0.008278
train/neg/10004_3.txt	let	1	0.009615	5	3.319114	0.031913
train/neg/10016_4.txt	let	1	0.007576	5	3.319114	0.025146
train/neg/10000_4.txt	lethargic	2	0.002571	1	4.417727	0.011358
train/pos/10009_9.txt	lets	1	0.003597	1	4.417727	0.015891
train/neg/0_3.txt	level	1	0.008772	1	4.417727	0.038752
test/pos/10008_8.txt	liar	1	0.001042	1	4.417727	0.004603
test/pos/10001_9.txt	liberties	1	0.004049	1	4.417727	0.017887
test/pos/10005_8.txt	lies	1	0.002907	1	4.417727	0.012842
test/pos/10004_9.txt	life	1	0.003175	12	2.545925	0.008083
test/pos/10005_8.txt	life	4	0.011628	12	2.545925	0.029604
test/pos/10007_10.txt	life	2	0.011494	12	2.545925	0.029263
test/pos/10008_8.txt	life	5	0.005208	12	2.545925	0.013259
train/neg/10003_1.txt	life	1	0.002494	12	2.545925	0.006350
train/neg/10008_2.txt	life	2	0.006944	12	2.545925	0.017679
train/neg/10009_1.txt	life	1	0.002915	12	2.545925	0.007421
train/pos/0_9.txt	life	1	0.007143	12	2.545925	0.018186
train/pos/10000_8.txt	life	1	0.002278	12	2.545925	0.005800
train/pos/10006_7.txt	life	1	0.002994	12	2.545925	0.007622
train/pos/10009_9.txt	life	2	0.007194	12	2.545925	0.018315
train/pos/10010_7.txt	life	2	0.007067	12	2.545925	0.017992
train/pos/10010_7.txt	lifestyles	1	0.003534	1	4.417727	0.015612
train/neg/10005_3.txt	lifted	1	0.003058	1	4.417727	0.013509
train/neg/10005_3.txt	light	1	0.003058	1	4.417727	0.013509
train/pos/10005_7.txt	lights	1	0.009434	1	4.417727	0.041677
test/neg/10001_1.txt	like	2	0.008929	26	1.815037	0.016206
test/neg/10002_3.txt	like	3	0.009404	26	1.815037	0.017069
test/neg/10005_2.txt	like	1	0.006135	26	1.815037	0.011135
test/neg/10007_4.txt	like	1	0.007752	26	1.815037	0.014070
test/neg/10008_4.txt	like	1	0.005988	26	1.815037	0.010868
test/pos/10007_10.txt	like	2	0.011494	26	1.815037	0.020862
test/pos/10008_8.txt	like	3	0.003125	26	1.815037	0.005672
train/neg/10000_4.txt	like	2	0.002571	26	1.815037	0.004666
train/neg/10003_1.txt	like	1	0.002494	26	1.815037	0.004527
train/neg/10005_3.txt	like	3	0.009174	26	1.815037	0.016651
train/neg/10008_2.txt	like	1	0.003472	26	1.815037	0.006302
train/neg/10009_1.txt	like	2	0.005831	26	1.815037	0.010583
train/neg/1000_4.txt	like	2	0.013699	26	1.815037	0.024864
train/neg/10010_3.txt	like	1	0.009901	26	1.815037	0.017971
train/neg/10012_1.txt	like	2	0.011494	26	1.815037	0.020862
train/neg/10016_4.txt	like	1	0.007576	26	1.815037	0.013751
train/pos/10000_8.txt	like	5	0.011390	26	1.815037	0.020673
train/pos/10004_8.txt	like	2	0.011494	26	1.815037	0.020862
train/pos/10006_7.txt	like	1	0.002994	26	1.815037	0.005434
train/pos/10007_7.txt	like	1	0.002278	26	1.815037	0.004135
train/pos/10008_7.txt	like	2	0.006173	26	1.815037	0.011204
train/pos/10009_9.txt	like	1	0.003597	26	1.815037	0.006529
train/pos/10012_8.txt	like	1	0.006757	26	1.815037	0.012264
train/pos/10013_7.txt	like	3	0.018519	26	1.815037	0.033613
train/pos/10014_8.txt	like	1	0.005155	26	1.815037	0.009357
train/pos/10016_8.txt	like	1	0.007812	26	1.815037	0.014179
test/neg/10002_3.txt	liked	1	0.003135	7	3.031432	0.009504
train/neg/10000_4.txt	liked	2	0.002571	7	3.031432	0.007794
train/neg/10002_1.txt	liked	1	0.006536	7	3.031432	0.019813
train/neg/10010_3.txt	liked	1	0.009901	7	3.031432	0.030014
train/neg/10017_4.txt	liked	1	0.005525	7	3.031432	0.016749
train/pos/1000_8.txt	liked	3	0.035714	7	3.031432	0.108265
train/pos/10014_8.txt	liked	1	0.005155	7	3.031432	0.015627
train/neg/10008_2.txt	likely	1	0.003472	1	4.417727	0.015338
test/pos/10001_9.txt	likewise	1	0.004049	1	4.417727	0.017887
train/neg/10008_2.txt	lily	1	0.003472	2	4.012262	0.013931
train/neg/10009_1.txt	lily	1	0.002915	2	4.012262	0.011696
test/neg/10008_4.txt	limousine	1	0.005988	1	4.417727	0.026453
test/neg/10002_3.txt	line	1	0.003135	5	3.319114	0.010405
test/pos/10008_8.txt	line	1	0.001042	5	3.319114	0.003459
train/neg/10009_1.txt	line	1	0.002915	5	3.319114	0.009675
train/neg/10012_1.txt	line	1	0.005747	5	3.319114	0.019075
train/pos/0_9.txt	line	1	0.007143	5	3.319114	0.023708
train/neg/10005_3.txt	lines	1	0.003058	2	4.012262	0.012269
train/neg/10009_1.txt	lines	1	0.002915	2	4.012262	0.011696
train/neg/10011_3.txt	lip	1	0.007246	1	4.417727	0.032011
test/neg/10003_3.txt	lipstick	1	0.004219	1	4.417727	0.018638
train/pos/10007_7.txt	lisa	1	0.002278	1	4.417727	0.010064
train/pos/10007_7.txt	listen	1	0.002278	1	4.417727	0.010064
train/pos/10006_7.txt	listener	2	0.005988	6	3.164964	0.018952
train/pos/10007_7.txt	listener	1	0.002278	6	3.164964	0.007210
train/pos/10008_7.txt	listener	1	0.003086	6	3.164964	0.009767
train/pos/10011_9.txt	listener	2	0.009050	6	3.164964	0.028643
train/pos/10012_8.txt	listener	1	0.006757	6	3.164964	0.021386
train/pos/10014_8.txt	listener	2	0.010309	6	3.164964	0.032628
test/pos/10004_9.txt	listing	1	0.003175	1	4.417727	0.014026
train/pos/10010_7.txt	listner	1	0.003534	1	4.417727	0.015612
train/neg/1000_4.txt	literally	1	0.006849	2	4.012262	0.027480
train/pos/10017_9.txt	literally	1	0.006623	2	4.012262	0.026573
test/neg/10006_2.txt	little	1	0.006944	12	2.545925	0.017679
test/pos/10001_9.txt	little	2	0.008097	12	2.545925	0.020614
test/pos/10005_8.txt	little	1	0.002907	12	2.545925	0.007401
train/neg/10000_4.txt	little	4	0.005141	12	2.545925	0.013089
train/neg/10003_1.txt	little	2	0.004988	12	2.545925	0.012699
train/neg/10005_3.txt	little	1	0.003058	12	2.545925	0.007785
train/neg/10017_4.txt	little	1	0.005525	12	2.545925	0.014066
train/pos/10008_7.txt	little	1	0.003086	12	2.545925	0.007857
train/pos/10011_9.txt	little	2	0.009050	12	2.545925	0.023041
train/pos/10013_7.txt	little	1	0.006173	12	2.545925	0.015716
train/pos/10015_8.txt	little	1	0.003040	12	2.545925	0.007740
train/pos/10017_9.txt	little	1	0.006623	12	2.545925	0.016862
train/pos/10000_8.txt	live	2	0.004556	1	4.417727	0.020127
train/neg/10003_1.txt	lived	1	0.002494	1	4.417727	0.011018
test/neg/10002_3.txt	lives	1	0.003135	3	3.724580	0.011677
train/neg/10003_1.txt	lives	1	0.002494	3	3.724580	0.009289
train/pos/10009_9.txt	lives	1	0.003597	3	3.724580	0.013397
test/pos/10007_10.txt	living	1	0.005747	1	4.417727	0.025389
test/neg/10007_4.txt	ll	1	0.007752	5	3.319114	0.025730
test/pos/0_10.txt	ll	1	0.006536	5	3.319114	0.021694
train/neg/10005_3.txt	ll	1	0.003058	5	3.319114	0.010150
train/neg/1000_4.txt	ll	1	0.006849	5	3.319114	0.022733
train/pos/10000_8.txt	ll	1	0.002278	5	3.319114	0.007561
train/neg/10009_1.txt	load	1	0.002915	1	4.417727	0.012878
train/neg/10000_4.txt	loaded	1	0.001285	1	4.417727	0.005677
test/neg/10003_3.txt	loathing	1	0.004219	1	4.417727	0.018638
train/pos/10004_8.txt	locate	1	0.005747	1	4.417727	0.025389
test/neg/10002_3.txt	location	1	0.003135	1	4.417727	0.013850
test/pos/10008_8.txt	locations	1	0.001042	1	4.417727	0.004603
test/neg/10002_3.txt	locked	1	0.003135	1	4.417727	0.013850
train/pos/10006_7.txt	logand	1	0.002994	4	3.501436	0.010483
train/pos/10007_7.txt	logand	1	0.002278	4	3.501436	0.007976
train/pos/10010_7.txt	logand	1	0.003534	4	3.501436	0.012374
train/pos/10015_8.txt	logand	1	0.003040	4	3.501436	0.010644
train/pos/10014_8.txt	logic	1	0.005155	1	4.417727	0.022773
test/pos/10000_7.txt	london	1	0.002841	1	4.417727	0.012551
test/pos/10008_8.txt	lonely	1	0.001042	2	4.012262	0.004181
train/pos/10015_8.txt	lonely	1	0.003040	2	4.012262	0.012197
test/neg/10006_2.txt	long	1	0.006944	5	3.319114	0.023048
test/neg/10008_4.txt	long	1	0.005988	5	3.319114	0.019875
test/pos/10008_8.txt	long	3	0.003125	5	3.319114	0.010372
train/neg/10002_1.txt	long	2	0.013072	5	3.319114	0.043387
train/neg/10017_4.txt	long	1	0.005525	5	3.319114	0.018338
test/neg/0_2.txt	longer	1	0.005848	4	3.501436	0.020476
train/neg/10000_4.txt	longer	1	0.001285	4	3.501436	0.004499
train/pos/10010_7.txt	longer	1	0.003534	4	3.501436	0.012374
train/pos/10015_8.txt	longer	1	0.003040	4	3.501436	0.010644
train/neg/10000_4.txt	look	2	0.002571	2	4.012262	0.010316
train/pos/10001_10.txt	look	1	0.006667	2	4.012262	0.026750
train/pos/10008_7.txt	looked	1	0.003086	1	4.417727	0.013633
train/neg/10005_3.txt	looking	1	0.003058	4	3.501436	0.010707
train/neg/10006_4.txt	looking	1	0.006289	4	3.501436	0.022021
train/pos/10005_7.txt	looking	1	0.009434	4	3.501436	0.033033
train/pos/10013_7.txt	looking	1	0.006173	4	3.501436	0.021614
train/neg/10000_4.txt	looks	2	0.002571	2	4.012262	0.010316
train/pos/10009_9.txt	looks	1	0.003597	2	4.012262	0.014432
train/neg/10003_1.txt	looms	1	0.002494	1	4.417727	0.011018
train/neg/10002_1.txt	loooonnnnng	1	0.006536	1	4.417727	0.028874
train/pos/10015_8.txt	loop	1	0.003040	1	4.417727	0.013430
train/pos/10006_7.txt	lose	1	0.002994	1	4.417727	0.013227
train/neg/10000_4.txt	loses	1	0.001285	1	4.417727	0.005677
train/pos/10000_8.txt	losing	2	0.004556	2	4.012262	0.018280
train/pos/10010_7.txt	losing	1	0.003534	2	4.012262	0.014179
test/pos/10008_8.txt	loss	1	0.001042	1	4.417727	0.004603
train/neg/10003_1.txt	lost	1	0.002494	3	3.724580	0.009289
train/neg/10009_1.txt	lost	1	0.002915	3	3.724580	0.010857
train/pos/10000_8.txt	lost	1	0.002278	3	3.724580	0.008485
test/pos/10004_9.txt	lot	1	0.003175	4	3.501436	0.011117
test/pos/10006_7.txt	lot	1	0.006993	4	3.501436	0.024486
train/neg/10005_3.txt	lot	1	0.003058	4	3.501436	0.010707
train/pos/10015_8.txt	lot	1	0.003040	4	3.501436	0.010644
train/neg/10000_4.txt	lots	1	0.001285	1	4.417727	0.005677
train/neg/10005_3.txt	loud	1	0.003058	1	4.417727	0.013509
train/pos/10002_7.txt	lounge	1	0.008065	1	4.417727	0.035629
train/pos/10002_7.txt	lovable	1	0.008065	1	4.417727	0.035629
test/neg/10003_3.txt	love	1	0.004219	8	2.913649	0.012293
train/neg/10001_4.txt	love	2	0.014085	8	2.913649	0.041039
train/neg/10003_1.txt	love	2	0.004988	8	2.913649	0.014533
train/pos/10000_8.txt	love	1	0.002278	8	2.913649	0.006637
train/pos/10001_10.txt	love	1	0.006667	8	2.913649	0.019425
train/pos/10002_7.txt	love	1	0.008065	8	2.913649	0.023499
train/pos/10004_8.txt	love	1	0.005747	8	2.913649	0.016745
train/pos/10007_7.txt	love	1	0.002278	8	2.913649	0.006637
test/neg/10002_3.txt	loved	1	0.003135	5	3.319114	0.010405
test/pos/10000_7.txt	loved	1	0.002841	5	3.319114	0.009430
test/pos/10001_9.txt	loved	1	0.004049	5	3.319114	0.013439
train/pos/10015_8.txt	loved	1	0.003040	5	3.319114	0.010090
train/pos/10017_9.txt	loved	1	0.006623	5	3.319114	0.021982
train/pos/10007_7.txt	lover	2	0.004556	2	4.012262	0.018280
train/pos/10010_7.txt	lover	1	0.003534	2	4.012262	0.014179
train/pos/10009_9.txt	loves	1	0.003597	1	4.417727	0.015891
test/neg/10007_4.txt	low	1	0.007752	3	3.724580	0.028873
train/neg/10008_2.txt	low	1	0.003472	3	3.724580	0.012932
train/pos/10007_7.txt	low	2	0.004556	3	3.724580	0.016969
test/pos/10005_8.txt	lowest	1	0.002907	1	4.417727	0.012842
test/neg/10003_3.txt	luchino	1	0.004219	1	4.417727	0.018638
test/pos/10000_7.txt	lumbers	1	0.002841	1	4.417727	0.012551
test/neg/10004_2.txt	lurid	1	0.008475	1	4.417727	0.037440
train/pos/10016_8.txt	lurking	1	0.007812	1	4.417727	0.034511
test/neg/10003_3.txt	lust	1	0.004219	1	4.417727	0.018638
train/pos/10000_8.txt	luxuries	2	0.004556	1	4.417727	0.020127
train/neg/10000_4.txt	luxury	2	0.002571	1	4.417727	0.011358
train/neg/10002_1.txt	lying	1	0.006536	1	4.417727	0.028874
test/neg/10000_4.txt	m	1	0.004149	8	2.913649	0.012089
test/neg/10002_3.txt	m	2	0.006270	8	2.913649	0.018269
test/pos/10000_7.txt	m	1	0.002841	8	2.913649	0.008278
test/pos/10005_8.txt	m	1	0.002907	8	2.913649	0.008470
train/neg/10002_1.txt	m	1	0.006536	8	2.913649	0.019044
train/neg/10005_3.txt	m	2	0.006116	8	2.913649	0.017820
train/pos/0_9.txt	m	1	0.007143	8	2.913649	0.020812
train/pos/10001_10.txt	m	1	0.006667	8	2.913649	0.019425
train/pos/10006_7.txt	machine	1	0.002994	1	4.417727	0.013227
train/pos/10001_10.txt	mad	1	0.006667	1	4.417727	0.029453
test/neg/10000_4.txt	made	2	0.008299	11	2.625967	0.021793
test/pos/10003_8.txt	made	1	0.004878	11	2.625967	0.012809
test/pos/10006_7.txt	made	1	0.006993	11	2.625967	0.018363
train/neg/10000_4.txt	made	2	0.002571	11	2.625967	0.006751
train/neg/10005_3.txt	made	2	0.006116	11	2.625967	0.016060
train/neg/10012_1.txt	made	1	0.005747	11	2.625967	0.015091
train/pos/10003_8.txt	made	1	0.008264	11	2.625967	0.021701
train/pos/10006_7.txt	made	1	0.002994	11	2.625967	0.007862
train/pos/10008_7.txt	made	1	0.003086	11	2.625967	0.008104
train/pos/10009_9.txt	made	1	0.003597	11	2.625967	0.009446
train/pos/10017_9.txt	made	1	0.006623	11	2.625967	0.017392
train/neg/10009_1.txt	magazine	1	0.002915	1	4.417727	0.012878
test/neg/0_2.txt	magic	1	0.005848	1	4.417727	0.025835
test/neg/10002_3.txt	main	1	0.003135	2	4.012262	0.012578
test/pos/10005_8.txt	main	2	0.005814	2	4.012262	0.023327
test/pos/10008_8.txt	mainly	1	0.001042	1	4.417727	0.004603
test/pos/10005_8.txt	maintaining	1	0.002907	1	4.417727	0.012842
test/neg/10000_4.txt	majority	1	0.004149	1	4.417727	0.018329
test/neg/10004_2.txt	make	1	0.008475	16	2.277661	0.019303
test/neg/10008_4.txt	make	1	0.005988	16	2.277661	0.013639
test/pos/10000_7.txt	make	1	0.002841	16	2.277661	0.006471
test/pos/10005_8.txt	make	2	0.005814	16	2.277661	0.013242
test/pos/10007_10.txt	make	1	0.005747	16	2.277661	0.013090
train/neg/0_3.txt	make	1	0.008772	16	2.277661	0.019980
train/neg/10003_1.txt	make	1	0.002494	16	2.277661	0.005680
train/neg/10005_3.txt	make	1	0.003058	16	2.277661	0.006965
train/neg/10006_4.txt	make	1	0.006289	16	2.277661	0.014324
train/neg/10008_2.txt	make	1	0.003472	16	2.277661	0.007908
train/neg/10009_1.txt	make	1	0.002915	16	2.277661	0.006639
train/neg/1000_4.txt	make	1	0.006849	16	2.277661	0.015600
train/neg/10013_1.txt	make	1	0.007463	16	2.277661	0.016998
train/pos/10000_8.txt	make	1	0.002278	16	2.277661	0.005189
train/pos/10003_8.txt	make	1	0.008264	16	2.277661	0.018823
train/pos/10005_7.txt	make	1	0.009434	16	2.277661	0.021487
train/neg/10000_4.txt	makers	1	0.001285	1	4.417727	0.005677
test/neg/10000_4.txt	makes	1	0.004149	11	2.625967	0.010895
test/pos/10002_8.txt	makes	1	0.007812	11	2.625967	0.020514
test/pos/10005_8.txt	makes	1	0.002907	11	2.625967	0.007634
test/pos/10008_8.txt	makes	1	0.001042	11	2.625967	0.002736
train/neg/10017_4.txt	makes	1	0.005525	11	2.625967	0.014508
train/pos/10006_7.txt	makes	1	0.002994	11	2.625967	0.007862
train/pos/10008_7.txt	makes	1	0.003086	11	2.625967	0.008104
train/pos/10012_8.txt	makes	1	0.006757	11	2.625967	0.017744
train/pos/10013_7.txt	makes	1	0.006173	11	2.625967	0.016210
train/pos/10014_8.txt	makes	1	0.005155	11	2.625967	0.013537
train/pos/10016_8.txt	makes	1	0.007812	11	2.625967	0.020514
test/neg/10000_4.txt	making	1	0.004149	4	3.501436	0.014527
train/neg/0_3.txt	making	1	0.008772	4	3.501436	0.030715
train/neg/10000_4.txt	making	1	0.001285	4	3.501436	0.004499
train/pos/10000_8.txt	making	2	0.004556	4	3.501436	0.015953
train/neg/10008_2.txt	male	1	0.003472	2	4.012262	0.013931
train/neg/10011_3.txt	male	1	0.007246	2	4.012262	0.029073
train/pos/10001_10.txt	malevolent	1	0.006667	1	4.417727	0.029453
test/neg/10002_3.txt	man	1	0.003135	12	2.545925	0.007981
test/neg/10007_4.txt	man	1	0.007752	12	2.545925	0.019736
test/pos/10000_7.txt	man	1	0.002841	12	2.545925	0.007233
test/pos/10008_8.txt	man	1	0.001042	12	2.545925	0.002653
train/neg/0_3.txt	man	1	0.008772	12	2.545925	0.022333
train/neg/10001_4.txt	man	1	0.007042	12	2.545925	0.017928
train/neg/10009_1.txt	man	1	0.002915	12	2.545925	0.007421
train/neg/10013_1.txt	man	1	0.007463	12	2.545925	0.019000
train/neg/10017_4.txt	man	1	0.005525	12	2.545925	0.014066
train/pos/10000_8.txt	man	1	0.002278	12	2.545925	0.005800
train/pos/10009_9.txt	man	2	0.007194	12	2.545925	0.018315
train/pos/10010_7.txt	man	1	0.003534	12	2.545925	0.008997
train/neg/10009_1.txt	managed	1	0.002915	1	4.417727	0.012878
test/neg/10008_4.txt	manhattan	1	0.005988	1	4.417727	0.026453
test/pos/10001_9.txt	manifested	1	0.004049	1	4.417727	0.017887
test/neg/10004_2.txt	mannequins	1	0.008475	1	4.417727	0.037440
test/neg/10005_2.txt	manner	1	0.006135	1	4.417727	0.027103
train/pos/10016_8.txt	mannered	1	0.007812	1	4.417727	0.034511
test/pos/10004_9.txt	manual	1	0.003175	1	4.417727	0.014026
train/pos/10007_7.txt	manuscript	1	0.002278	2	4.012262	0.009140
train/pos/10010_7.txt	manuscript	1	0.003534	2	4.012262	0.014179
test/neg/10000_4.txt	many	1	0.004149	18	2.166435	0.008989
test/neg/10002_3.txt	many	2	0.006270	18	2.166435	0.013584
test/neg/10006_2.txt	many	1	0.006944	18	2.166435	0.015044
test/pos/0_10.txt	many	2	0.013072	18	2.166435	0.028320
test/pos/10003_8.txt	many	1	0.004878	18	2.166435	0.010568
test/pos/10005_8.txt	many	1	0.002907	18	2.166435	0.006298
test/pos/10006_7.txt	many	2	0.013986	18	2.166435	0.030300
test/pos/10007_10.txt	many	1	0.005747	18	2.166435	0.012451
train/neg/10000_4.txt	many	1	0.001285	18	2.166435	0.002784
train/neg/10003_1.txt	many	1	0.002494	18	2.166435	0.005403
train/neg/10004_3.txt	many	1	0.009615	18	2.166435	0.020830
train/neg/10008_2.txt	many	1	0.003472	18	2.166435	0.007522
train/neg/10016_4.txt	many	1	0.007576	18	2.166435	0.016413
train/pos/0_9.txt	many	1	0.007143	18	2.166435	0.015475
train/pos/10002_7.txt	many	2	0.016129	18	2.166435	0.034942
train/pos/10010_7.txt	many	1	0.003534	18	2.166435	0.007656
train/pos/10011_9.txt	many	1	0.004525	18	2.166435	0.009803
train/pos/10017_9.txt	many	3	0.019868	18	2.166435	0.043043
test/neg/10002_3.txt	map	1	0.003135	1	4.417727	0.013850
train/neg/10000_4.txt	markham	1	0.001285	1	4.417727	0.005677
train/neg/10007_1.txt	marriage	1	0.014706	1	4.417727	0.064967
test/pos/10005_8.txt	martyr	1	0.002907	1	4.417727	0.012842
train/neg/10003_1.txt	martyrs	1	0.002494	1	4.417727	0.011018
test/pos/10002_8.txt	marvelous	1	0.007812	1	4.417727	0.034511
test/pos/10008_8.txt	mary	1	0.001042	2	4.012262	0.004181
train/neg/10005_3.txt	mary	1	0.003058	2	4.012262	0.012269
test/neg/10003_3.txt	material	1	0.004219	1	4.417727	0.018638
train/pos/10000_8.txt	matter	2	0.004556	2	4.012262	0.018280
train/pos/10008_7.txt	matter	1	0.003086	2	4.012262	0.012382
test/pos/10003_8.txt	maturity	1	0.004878	1	4.417727	0.021550
train/pos/10006_7.txt	maupin	1	0.002994	4	3.501436	0.010483
train/pos/10007_7.txt	maupin	1	0.002278	4	3.501436	0.007976
train/pos/10009_9.txt	maupin	1	0.003597	4	3.501436	0.012595
train/pos/10015_8.txt	maupin	2	0.006079	4	3.501436	0.021285
train/pos/10009_9.txt	maupins	1	0.003597	1	4.417727	0.015891
train/neg/10002_1.txt	maureen	1	0.006536	1	4.417727	0.028874
test/pos/10005_8.txt	may	1	0.002907	9	2.808289	0.008164
test/pos/10006_7.txt	may	1	0.006993	9	2.808289	0.019638
test/pos/10008_8.txt	may	1	0.001042	9	2.808289	0.002926
train/neg/10008_2.txt	may	1	0.003472	9	2.808289	0.009750
train/neg/10016_4.txt	may	1	0.007576	9	2.808289	0.021276
train/pos/10008_7.txt	may	1	0.003086	9	2.808289	0.008666
train/pos/10010_7.txt	may	1	0.003534	9	2.808289	0.009924
train/pos/10012_8.txt	may	1	0.006757	9	2.808289	0.018976
train/pos/10015_8.txt	may	1	0.003040	9	2.808289	0.008537
test/pos/10005_8.txt	maybe	1	0.002907	8	2.913649	0.008470
train/neg/10000_4.txt	maybe	1	0.001285	8	2.913649	0.003744
train/neg/1000_4.txt	maybe	1	0.006849	8	2.913649	0.019956
train/neg/10011_3.txt	maybe	1	0.007246	8	2.913649	0.021112
train/neg/10014_2.txt	maybe	1	0.014925	8	2.913649	0.043486
train/pos/10000_8.txt	maybe	2	0.004556	8	2.913649	0.013275
train/pos/10012_8.txt	maybe	1	0.006757	8	2.913649	0.019688
train/pos/10015_8.txt	maybe	1	0.003040	8	2.913649	0.008857
test/neg/10004_2.txt	me	2	0.016949	10	2.712979	0.045982
test/pos/10008_8.txt	me	1	0.001042	10	2.712979	0.002827
train/neg/10001_4.txt	me	1	0.007042	10	2.712979	0.019105
train/neg/10003_1.txt	me	1	0.002494	10	2.712979	0.006766
train/neg/1000_4.txt	me	1	0.006849	10	2.712979	0.018581
train/neg/10016_4.txt	me	1	0.007576	10	2.712979	0.020554
train/pos/0_9.txt	me	2	0.014286	10	2.712979	0.038758
train/pos/10008_7.txt	me	1	0.003086	10	2.712979	0.008372
train/pos/10014_8.txt	me	1	0.005155	10	2.712979	0.013985
train/pos/10017_9.txt	me	1	0.006623	10	2.712979	0.017968
test/neg/10007_4.txt	meager	1	0.007752	1	4.417727	0.034246
test/pos/10005_8.txt	mean	1	0.002907	2	4.012262	0.011664
train/neg/1000_4.txt	mean	1	0.006849	2	4.012262	0.027480
test/pos/10007_10.txt	meaning	1	0.005747	3	3.724580	0.021405
train/neg/10003_1.txt	meaning	1	0.002494	3	3.724580	0.009289
train/neg/10012_1.txt	meaning	1	0.005747	3	3.724580	0.021405
test/pos/10008_8.txt	means	1	0.001042	2	4.012262	0.004181
train/neg/10000_4.txt	means	1	0.001285	2	4.012262	0.005156
train/pos/10010_7.txt	medical	1	0.003534	1	4.417727	0.015612
test/pos/10008_8.txt	medicine	1	0.001042	1	4.417727	0.004603
train/neg/10007_1.txt	mediocre	1	0.014706	3	3.724580	0.054774
train/pos/10008_7.txt	mediocre	1	0.003086	3	3.724580	0.011494
train/pos/10017_9.txt	mediocre	1	0.006623	3	3.724580	0.024668
test/pos/10008_8.txt	meditative	1	0.001042	1	4.417727	0.004603
train/neg/10015_2.txt	meet	1	0.011494	3	3.724580	0.042810
train/pos/10007_7.txt	meet	1	0.002278	3	3.724580	0.008485
train/pos/10015_8.txt	meet	1	0.003040	3	3.724580	0.011323
train/pos/10014_8.txt	meeting	1	0.005155	1	4.417727	0.022773
train/pos/10000_8.txt	meets	1	0.002278	1	4.417727	0.010064
test/neg/10002_3.txt	meh	1	0.003135	1	4.417727	0.013850
train/pos/10000_8.txt	mel	2	0.004556	3	3.724580	0.016969
train/pos/10002_7.txt	mel	1	0.008065	3	3.724580	0.030039
train/pos/10003_8.txt	mel	1	0.008264	3	3.724580	0.030780
train/neg/10005_3.txt	melodrama	1	0.003058	1	4.417727	0.013509
train/pos/10002_7.txt	members	1	0.008065	1	4.417727	0.035629
train/pos/10014_8.txt	memorable	1	0.005155	1	4.417727	0.022773
test/neg/10003_3.txt	men	1	0.004219	3	3.724580	0.015714
test/pos/0_10.txt	men	1	0.006536	3	3.724580	0.024344
train/neg/10011_3.txt	men	1	0.007246	3	3.724580	0.026988
test/pos/10008_8.txt	mental	1	0.001042	3	3.724580	0.003881
train/pos/10006_7.txt	mental	1	0.002994	3	3.724580	0.011151
train/pos/10010_7.txt	mental	1	0.003534	3	3.724580	0.013163
test/neg/10004_2.txt	mention	1	0.008475	1	4.417727	0.037440
test/pos/10001_9.txt	mere	1	0.004049	1	4.417727	0.017887
test/pos/10005_8.txt	merely	1	0.002907	2	4.012262	0.011664
train/neg/10001_4.txt	merely	1	0.007042	2	4.012262	0.028254
test/neg/10006_2.txt	mess	1	0.006944	3	3.724580	0.025863
train/neg/10007_1.txt	mess	1	0.014706	3	3.724580	0.054774
train/neg/10011_3.txt	mess	1	0.007246	3	3.724580	0.026988
train/neg/10003_1.txt	message	1	0.002494	1	4.417727	0.011018
test/pos/10005_8.txt	messed	1	0.002907	1	4.417727	0.012842
train/pos/10014_8.txt	met	1	0.005155	1	4.417727	0.022773
test/pos/10008_8.txt	metal	1	0.001042	1	4.417727	0.004603
test/pos/10005_8.txt	metaphorically	1	0.002907	1	4.417727	0.012842
train/neg/10003_1.txt	method	1	0.002494	1	4.417727	0.011018
train/neg/10000_4.txt	michael	1	0.001285	1	4.417727	0.005677
test/pos/10008_8.txt	mid	1	0.001042	3	3.724580	0.003881
train/neg/10000_4.txt	mid	2	0.002571	3	3.724580	0.009576
train/neg/10009_1.txt	mid	1	0.002915	3	3.724580	0.010857
test/pos/10005_8.txt	middle	1	0.002907	3	3.724580	0.010827
train/neg/10000_4.txt	middle	1	0.001285	3	3.724580	0.004786
train/neg/10005_3.txt	middle	1	0.003058	3	3.724580	0.011390
test/neg/10006_2.txt	might	1	0.006944	8	2.913649	0.020232
test/pos/10002_8.txt	might	1	0.007812	8	2.913649	0.022761
test/pos/10007_10.txt	might	1	0.005747	8	2.913649	0.016745
test/pos/10008_8.txt	might	1	0.001042	8	2.913649	0.003036
train/neg/0_3.txt	might	1	0.008772	8	2.913649	0.025559
train/pos/10006_7.txt	might	2	0.005988	8	2.913649	0.017447
train/pos/10010_7.txt	might	1	0.003534	8	2.913649	0.010297
train/pos/10015_8.txt	might	1	0.003040	8	2.913649	0.008857
test/neg/10005_2.txt	mild	1	0.006135	2	4.012262	0.024615
train/pos/10016_8.txt	mild	1	0.007812	2	4.012262	0.031344
train/neg/10000_4.txt	miles	1	0.001285	1	4.417727	0.005677
train/pos/10001_10.txt	millionaire	1	0.006667	1	4.417727	0.029453
train/pos/10015_8.txt	min	1	0.003040	1	4.417727	0.013430
test/pos/10008_8.txt	mind	1	0.001042	4	3.501436	0.003648
train/neg/10017_4.txt	mind	1	0.005525	4	3.501436	0.019345
train/pos/10008_7.txt	mind	1	0.003086	4	3.501436	0.010805
train/pos/10010_7.txt	mind	1	0.003534	4	3.501436	0.012374
train/neg/10017_4.txt	mindless	1	0.005525	1	4.417727	0.024408
test/pos/0_10.txt	mine	1	0.006536	1	4.417727	0.028874
train/pos/10011_9.txt	minor	1	0.004525	1	4.417727	0.019990
test/neg/10001_1.txt	minutes	1	0.004464	8	2.913649	0.013007
test/neg/10002_3.txt	minutes	1	0.003135	8	2.913649	0.009134
train/neg/10000_4.txt	minutes	2	0.002571	8	2.913649	0.007491
train/neg/1000_4.txt	minutes	2	0.013699	8	2.913649	0.039914
train/neg/10011_3.txt	minutes	2	0.014493	8	2.913649	0.042228
train/neg/10017_4.txt	minutes	1	0.005525	8	2.913649	0.016098
train/pos/10011_9.txt	minutes	1	0.004525	8	2.913649	0.013184
train/pos/10015_8.txt	minutes	1	0.003040	8	2.913649	0.008857
test/pos/10000_7.txt	miracle	1	0.002841	3	3.724580	0.010582
test/pos/10001_9.txt	miracle	1	0.004049	3	3.724580	0.015081
test/pos/10004_9.txt	miracle	1	0.003175	3	3.724580	0.011826
test/neg/10008_4.txt	miranda	1	0.005988	1	4.417727	0.026453
train/neg/10001_4.txt	miscalculated	1	0.007042	1	4.417727	0.031110
test/neg/10003_3.txt	miserably	1	0.004219	1	4.417727	0.018638
test/neg/10004_2.txt	miss	1	0.008475	3	3.724580	0.031566
train/neg/10013_1.txt	miss	1	0.007463	3	3.724580	0.027797
train/pos/10008_7.txt	miss	1	0.003086	3	3.724580	0.011494
train/neg/10000_4.txt	missed	1	0.001285	1	4.417727	0.005677
train/neg/10000_4.txt	mistake	1	0.001285	1	4.417727	0.005677
train/pos/10004_8.txt	mixed	1	0.005747	1	4.417727	0.025389
train/neg/0_3.txt	mob	1	0.008772	1	4.417727	0.038752
train/neg/10000_4.txt	model	1	0.001285	1	4.417727	0.005677
train/pos/10010_7.txt	modern	1	0.003534	1	4.417727	0.015612
train/pos/10000_8.txt	molly	2	0.004556	1	4.417727	0.020127
train/pos/10011_9.txt	mom	1	0.004525	1	4.417727	0.019990
test/pos/10001_9.txt	moment	1	0.004049	2	4.012262	0.016246
train/pos/10013_7.txt	moment	1	0.006173	2	4.012262	0.024768
test/pos/10002_8.txt	moments	1	0.007812	5	3.319114	0.025929
test/pos/10007_10.txt	moments	1	0.005747	5	3.319114	0.019075
train/neg/10009_1.txt	moments	1	0.002915	5	3.319114	0.009675
train/pos/10003_8.txt	moments	1	0.008264	5	3.319114	0.027429
train/pos/10007_7.txt	moments	2	0.004556	5	3.319114	0.015122
test/pos/10008_8.txt	money	1	0.001042	2	4.012262	0.004181
train/pos/10000_8.txt	money	2	0.004556	2	4.012262	0.018280
train/pos/10000_8.txt	monitor	1	0.002278	1	4.417727	0.010064
train/pos/10000_8.txt	monopoly	1	0.002278	1	4.417727	0.010064
train/neg/10009_1.txt	monotonous	1	0.002915	1	4.417727	0.012878
train/neg/10015_2.txt	monster	1	0.011494	1	4.417727	0.050777
test/pos/10000_7.txt	montage	1	0.002841	1	4.417727	0.012551
train/neg/10000_4.txt	monte	1	0.001285	1	4.417727	0.005677
train/pos/10000_8.txt	month	1	0.002278	1	4.417727	0.010064
train/pos/10015_8.txt	mood	1	0.003040	1	4.417727	0.013430
test/neg/10002_3.txt	mop	1	0.003135	1	4.417727	0.013850
test/neg/10001_1.txt	more	1	0.004464	26	1.815037	0.008102
test/neg/10004_2.txt	more	1	0.008475	26	1.815037	0.015382
test/neg/10006_2.txt	more	2	0.013889	26	1.815037	0.025209
test/neg/10007_4.txt	more	1	0.007752	26	1.815037	0.014070
test/pos/10000_7.txt	more	1	0.002841	26	1.815037	0.005157
test/pos/10002_8.txt	more	1	0.007812	26	1.815037	0.014179
test/pos/10003_8.txt	more	1	0.004878	26	1.815037	0.008854
test/pos/10004_9.txt	more	1	0.003175	26	1.815037	0.005763
test/pos/10008_8.txt	more	4	0.004167	26	1.815037	0.007563
train/neg/10000_4.txt	more	2	0.002571	26	1.815037	0.004666
train/neg/10001_4.txt	more	1	0.007042	26	1.815037	0.012781
train/neg/10003_1.txt	more	2	0.004988	26	1.815037	0.009053
train/neg/10005_3.txt	more	1	0.003058	26	1.815037	0.005550
train/neg/10009_1.txt	more	1	0.002915	26	1.815037	0.005291
train/neg/1000_4.txt	more	1	0.006849	26	1.815037	0.012431
train/neg/10013_1.txt	more	1	0.007463	26	1.815037	0.013546
train/pos/10000_8.txt	more	1	0.002278	26	1.815037	0.004135
train/pos/10001_10.txt	more	1	0.006667	26	1.815037	0.012101
train/pos/10003_8.txt	more	1	0.008264	26	1.815037	0.014999
train/pos/10004_8.txt	more	2	0.011494	26	1.815037	0.020862
train/pos/10010_7.txt	more	1	0.003534	26	1.815037	0.006414
train/pos/10011_9.txt	more	2	0.009050	26	1.815037	0.016426
train/pos/10013_7.txt	more	1	0.006173	26	1.815037	0.011204
train/pos/10014_8.txt	more	1	0.005155	26	1.815037	0.009357
train/pos/10015_8.txt	more	1	0.003040	26	1.815037	0.005518
train/pos/10016_8.txt	more	1	0.007812	26	1.815037	0.014179
train/neg/10009_1.txt	moritz	1	0.002915	1	4.417727	0.012878
test/neg/10001_1.txt	moronic	1	0.004464	1	4.417727	0.019721
train/pos/10000_8.txt	morris	1	0.002278	1	4.417727	0.010064
train/pos/10006_7.txt	morton	1	0.002994	3	3.724580	0.011151
train/pos/10007_7.txt	morton	2	0.004556	3	3.724580	0.016969
train/pos/10010_7.txt	morton	1	0.003534	3	3.724580	0.013163
test/neg/10004_2.txt	mortuary	1	0.008475	1	4.417727	0.037440
test/neg/10004_2.txt	mosquito	1	0.008475	1	4.417727	0.037440
test/neg/0_2.txt	most	1	0.005848	16	2.277661	0.013320
test/neg/10008_4.txt	most	1	0.005988	16	2.277661	0.013639
test/pos/10000_7.txt	most	1	0.002841	16	2.277661	0.006471
test/pos/10005_8.txt	most	1	0.002907	16	2.277661	0.006621
test/pos/10006_7.txt	most	1	0.006993	16	2.277661	0.015928
test/pos/10007_10.txt	most	1	0.005747	16	2.277661	0.013090
test/pos/10008_8.txt	most	2	0.002083	16	2.277661	0.004744
train/neg/10000_4.txt	most	1	0.001285	16	2.277661	0.002927
train/neg/10006_4.txt	most	1	0.006289	16	2.277661	0.014324
train/neg/10008_2.txt	most	3	0.010417	16	2.277661	0.023726
train/neg/10010_3.txt	most	1	0.009901	16	2.277661	0.022551
train/neg/10012_1.txt	most	1	0.005747	16	2.277661	0.013090
train/pos/10000_8.txt	most	1	0.002278	16	2.277661	0.005189
train/pos/10002_7.txt	most	2	0.016129	16	2.277661	0.036736
train/pos/10003_8.txt	most	1	0.008264	16	2.277661	0.018823
train/pos/10009_9.txt	most	1	0.003597	16	2.277661	0.008193
test/pos/10005_8.txt	mostly	1	0.002907	3	3.724580	0.010827
train/neg/10004_3.txt	mostly	1	0.009615	3	3.724580	0.035812
train/neg/10017_4.txt	mostly	1	0.005525	3	3.724580	0.020578
test/pos/10001_9.txt	mother	1	0.004049	6	3.164964	0.012815
test/pos/10008_8.txt	mother	2	0.002083	6	3.164964	0.006593
train/neg/10005_3.txt	mother	1	0.003058	6	3.164964	0.009678
train/neg/10014_2.txt	mother	1	0.014925	6	3.164964	0.047237
train/pos/10006_7.txt	mother	1	0.002994	6	3.164964	0.009476
train/pos/10014_8.txt	mother	1	0.005155	6	3.164964	0.016315
test/pos/10004_9.txt	motivational	1	0.003175	1	4.417727	0.014026
train/pos/10007_7.txt	motives	1	0.002278	1	4.417727	0.010064
train/neg/10000_4.txt	mount	1	0.001285	1	4.417727	0.005677
train/neg/10016_4.txt	mouthed	1	0.007576	1	4.417727	0.033469
test/pos/10004_9.txt	mouths	1	0.003175	1	4.417727	0.014026
test/neg/10006_2.txt	move	1	0.006944	3	3.724580	0.025863
train/pos/10000_8.txt	move	1	0.002278	3	3.724580	0.008485
train/pos/10009_9.txt	move	1	0.003597	3	3.724580	0.013397
test/neg/10003_3.txt	moved	1	0.004219	3	3.724580	0.015714
test/pos/0_10.txt	moved	1	0.006536	3	3.724580	0.024344
train/pos/10008_7.txt	moved	1	0.003086	3	3.724580	0.011494
test/neg/10008_4.txt	moves	1	0.005988	3	3.724580	0.022303
test/pos/10000_7.txt	moves	1	0.002841	3	3.724580	0.010582
train/pos/10015_8.txt	moves	1	0.003040	3	3.724580	0.011323
test/neg/0_2.txt	movie	1	0.005848	39	1.421994	0.008316
test/neg/10001_1.txt	movie	3	0.013393	39	1.421994	0.019045
test/neg/10002_3.txt	movie	5	0.015674	39	1.421994	0.022288
test/neg/10005_2.txt	movie	1	0.006135	39	1.421994	0.008724
test/neg/10006_2.txt	movie	4	0.027778	39	1.421994	0.039500
test/pos/0_10.txt	movie	4	0.026144	39	1.421994	0.037177
test/pos/10001_9.txt	movie	2	0.008097	39	1.421994	0.011514
test/pos/10002_8.txt	movie	3	0.023438	39	1.421994	0.033329
test/pos/10003_8.txt	movie	3	0.014634	39	1.421994	0.020809
test/pos/10004_9.txt	movie	1	0.003175	39	1.421994	0.004515
test/pos/10007_10.txt	movie	6	0.034483	39	1.421994	0.049035
test/pos/10008_8.txt	movie	1	0.001042	39	1.421994	0.001482
train/neg/10001_4.txt	movie	1	0.007042	39	1.421994	0.010014
train/neg/10003_1.txt	movie	1	0.002494	39	1.421994	0.003546
train/neg/10005_3.txt	movie	2	0.006116	39	1.421994	0.008697
train/neg/10006_4.txt	movie	1	0.006289	39	1.421994	0.008943
train/neg/10008_2.txt	movie	1	0.003472	39	1.421994	0.004937
train/neg/10009_1.txt	movie	4	0.011662	39	1.421994	0.016583
train/neg/1000_4.txt	movie	1	0.006849	39	1.421994	0.009739
train/neg/10010_3.txt	movie	2	0.019802	39	1.421994	0.028158
train/neg/10012_1.txt	movie	14	0.080460	39	1.421994	0.114414
train/neg/10013_1.txt	movie	1	0.007463	39	1.421994	0.010612
train/neg/10014_2.txt	movie	3	0.044776	39	1.421994	0.063671
train/neg/10015_2.txt	movie	3	0.034483	39	1.421994	0.049035
train/neg/10016_4.txt	movie	3	0.022727	39	1.421994	0.032318
train/neg/10017_4.txt	movie	1	0.005525	39	1.421994	0.007857
train/pos/10001_10.txt	movie	1	0.006667	39	1.421994	0.009480
train/pos/10003_8.txt	movie	2	0.016529	39	1.421994	0.023504
train/pos/10004_8.txt	movie	1	0.005747	39	1.421994	0.008172
train/pos/10005_7.txt	movie	1	0.009434	39	1.421994	0.013415
train/pos/10008_7.txt	movie	2	0.006173	39	1.421994	0.008778
train/pos/10009_9.txt	movie	3	0.010791	39	1.421994	0.015345
train/pos/10010_7.txt	movie	1	0.003534	39	1.421994	0.005025
train/pos/10011_9.txt	movie	3	0.013575	39	1.421994	0.019304
train/pos/10012_8.txt	movie	10	0.067568	39	1.421994	0.096081
train/pos/10013_7.txt	movie	4	0.024691	39	1.421994	0.035110
train/pos/10014_8.txt	movie	1	0.005155	39	1.421994	0.007330
train/pos/10015_8.txt	movie	1	0.003040	39	1.421994	0.004323
train/pos/10017_9.txt	movie	3	0.019868	39	1.421994	0.028252
test/neg/10002_3.txt	movies	2	0.006270	13	2.471817	0.015498
test/neg/10003_3.txt	movies	1	0.004219	13	2.471817	0.010429
test/neg/10006_2.txt	movies	1	0.006944	13	2.471817	0.017164
test/pos/10002_8.txt	movies	1	0.007812	13	2.471817	0.019310
test/pos/10004_9.txt	movies	1	0.003175	13	2.471817	0.007848
train/neg/10003_1.txt	movies	1	0.002494	13	2.471817	0.006165
train/neg/10006_4.txt	movies	1	0.006289	13	2.471817	0.015545
train/neg/1000_4.txt	movies	2	0.013699	13	2.471817	0.033861
train/neg/10016_4.txt	movies	2	0.015152	13	2.471817	0.037453
train/pos/10003_8.txt	movies	1	0.008264	13	2.471817	0.020427
train/pos/10008_7.txt	movies	1	0.003086	13	2.471817	0.007628
train/pos/10011_9.txt	movies	1	0.004525	13	2.471817	0.011185
train/pos/10012_8.txt	movies	1	0.006757	13	2.471817	0.016702
test/pos/10004_9.txt	moving	3	0.009524	1	4.417727	0.042074
test/neg/0_2.txt	mr	1	0.005848	3	3.724580	0.021781
train/pos/10006_7.txt	mr	1	0.002994	3	3.724580	0.011151
train/pos/10015_8.txt	mr	1	0.003040	3	3.724580	0.011323
train/pos/10006_7.txt	ms	2	0.005988	1	4.417727	0.026453
test/neg/0_2.txt	much	1	0.005848	21	2.019831	0.011812
test/neg/10001_1.txt	much	2	0.008929	21	2.019831	0.018035
test/neg/10003_3.txt	much	1	0.004219	21	2.019831	0.008522
test/neg/10006_2.txt	much	1	0.006944	21	2.019831	0.014026
test/pos/10003_8.txt	much	1	0.004878	21	2.019831	0.009853
test/pos/10005_8.txt	much	2	0.005814	21	2.019831	0.011743
test/pos/10008_8.txt	much	3	0.003125	21	2.019831	0.006312
train/neg/10000_4.txt	much	4	0.005141	21	2.019831	0.010384
train/neg/10002_1.txt	much	1	0.006536	21	2.019831	0.013202
train/neg/10005_3.txt	much	3	0.009174	21	2.019831	0.018530
train/neg/10006_4.txt	much	1	0.006289	21	2.019831	0.012703
train/neg/10010_3.txt	much	1	0.009901	21	2.019831	0.019998
train/neg/10011_3.txt	much	1	0.007246	21	2.019831	0.014636
train/pos/0_9.txt	much	1	0.007143	21	2.019831	0.014428
train/pos/10002_7.txt	much	1	0.008065	21	2.019831	0.016290
train/pos/10003_8.txt	much	1	0.008264	21	2.019831	0.016692
train/pos/10004_8.txt	much	1	0.005747	21	2.019831	0.011608
train/pos/10005_7.txt	much	1	0.009434	21	2.019831	0.019055
train/pos/10011_9.txt	much	2	0.009050	21	2.019831	0.018279
train/pos/10015_8.txt	much	1	0.003040	21	2.019831	0.006140
train/pos/10016_8.txt	much	4	0.031250	21	2.019831	0.063120
test/neg/10002_3.txt	multiple	1	0.003135	1	4.417727	0.013850
test/neg/10003_3.txt	murals	1	0.004219	1	4.417727	0.018638
train/neg/10010_3.txt	murder	1	0.009901	4	3.501436	0.034668
train/neg/10011_3.txt	murder	1	0.007246	4	3.501436	0.025371
train/neg/10012_1.txt	murder	1	0.005747	4	3.501436	0.020123
train/neg/10013_1.txt	murder	1	0.007463	4	3.501436	0.026131
train/neg/10000_4.txt	museum	1	0.001285	1	4.417727	0.005677
test/neg/10002_3.txt	music	1	0.003135	5	3.319114	0.010405
test/pos/10006_7.txt	music	1	0.006993	5	3.319114	0.023211
test/pos/10007_10.txt	music	1	0.005747	5	3.319114	0.019075
test/pos/10008_8.txt	music	1	0.001042	5	3.319114	0.003459
train/neg/10003_1.txt	music	1	0.002494	5	3.319114	0.008278
test/neg/10008_4.txt	musical	1	0.005988	1	4.417727	0.026453
test/pos/10008_8.txt	musician	1	0.001042	1	4.417727	0.004603
test/pos/10008_8.txt	musing	1	0.001042	1	4.417727	0.004603
test/neg/10003_3.txt	mussolini	1	0.004219	1	4.417727	0.018638
test/neg/10002_3.txt	must	1	0.003135	7	3.031432	0.009504
test/pos/10008_8.txt	must	1	0.001042	7	3.031432	0.003159
train/neg/10012_1.txt	must	2	0.011494	7	3.031432	0.034843
train/neg/10014_2.txt	must	1	0.014925	7	3.031432	0.045244
train/pos/10004_8.txt	must	1	0.005747	7	3.031432	0.017422
train/pos/10009_9.txt	must	1	0.003597	7	3.031432	0.010904
train/pos/10016_8.txt	must	1	0.007812	7	3.031432	0.023682
test/neg/10008_4.txt	mustachioed	1	0.005988	1	4.417727	0.026453
test/neg/10004_2.txt	mute	1	0.008475	2	4.012262	0.034004
test/neg/10005_2.txt	mute	1	0.006135	2	4.012262	0.024615
train/neg/10003_1.txt	muted	1	0.002494	1	4.417727	0.011018
test/neg/10004_2.txt	mutilating	1	0.008475	1	4.417727	0.037440
train/pos/10000_8.txt	mutual	1	0.002278	1	4.417727	0.010064
test/neg/10002_3.txt	my	2	0.006270	16	2.277661	0.014281
test/neg/10006_2.txt	my	1	0.006944	16	2.277661	0.015816
test/pos/10008_8.txt	my	2	0.002083	16	2.277661	0.004744
train/neg/10000_4.txt	my	1	0.001285	16	2.277661	0.002927
train/neg/10001_4.txt	my	1	0.007042	16	2.277661	0.016039
train/neg/10003_1.txt	my	4	0.009975	16	2.277661	0.022720
train/neg/10005_3.txt	my	1	0.003058	16	2.277661	0.006965
train/neg/1000_4.txt	my	1	0.006849	16	2.277661	0.015600
train/neg/10014_2.txt	my	1	0.014925	16	2.277661	0.033994
train/neg/10016_4.txt	my	1	0.007576	16	2.277661	0.017256
train/pos/0_9.txt	my	2	0.014286	16	2.277661	0.032539
train/pos/10002_7.txt	my	1	0.008065	16	2.277661	0.018369
train/pos/10008_7.txt	my	1	0.003086	16	2.277661	0.007029
train/pos/10011_9.txt	my	1	0.004525	16	2.277661	0.010306
train/pos/10014_8.txt	my	1	0.005155	16	2.277661	0.011741
train/pos/10017_9.txt	my	1	0.006623	16	2.277661	0.015085
test/neg/10004_2.txt	myself	1	0.008475	1	4.417727	0.037440
train/pos/10010_7.txt	mysterious	1	0.003534	1	4.417727	0.015612
train/pos/10004_8.txt	mystery	1	0.005747	4	3.501436	0.020123
train/pos/10006_7.txt	mystery	1	0.002994	4	3.501436	0.010483
train/pos/10007_7.txt	mystery	1	0.002278	4	3.501436	0.007976
train/pos/10016_8.txt	mystery	1	0.007812	4	3.501436	0.027353
test/neg/10000_4.txt	n	1	0.004149	2	4.012262	0.016647
train/neg/10017_4.txt	n	1	0.005525	2	4.012262	0.022168
train/neg/1000_4.txt	naked	1	0.006849	1	4.417727	0.030257
train/pos/10000_8.txt	name	1	0.002278	1	4.417727	0.010064
train/pos/10007_7.txt	named	3	0.006834	3	3.724580	0.025454
train/pos/10008_7.txt	named	1	0.003086	3	3.724580	0.011494
train/pos/10015_8.txt	named	2	0.006079	3	3.724580	0.022642
train/pos/10015_8.txt	namely	1	0.003040	1	4.417727	0.013430
train/neg/10012_1.txt	names	1	0.005747	1	4.417727	0.025389
train/neg/1000_4.txt	nap	1	0.006849	1	4.417727	0.030257
train/pos/10015_8.txt	narration	1	0.003040	1	4.417727	0.013430
train/neg/0_3.txt	narrative	1	0.008772	1	4.417727	0.038752
train/pos/10007_7.txt	naturally	2	0.004556	2	4.012262	0.018280
train/pos/10015_8.txt	naturally	1	0.003040	2	4.012262	0.012197
test/pos/10000_7.txt	nature	1	0.002841	5	3.319114	0.009430
test/pos/10008_8.txt	nature	1	0.001042	5	3.319114	0.003459
train/neg/10003_1.txt	nature	1	0.002494	5	3.319114	0.008278
train/pos/10006_7.txt	nature	1	0.002994	5	3.319114	0.009937
train/pos/10016_8.txt	nature	1	0.007812	5	3.319114	0.025929
train/neg/10000_4.txt	navigator	1	0.001285	1	4.417727	0.005677
train/neg/10000_4.txt	navy	1	0.001285	1	4.417727	0.005677
train/neg/1000_4.txt	nc	1	0.006849	1	4.417727	0.030257
train/neg/10000_4.txt	near	1	0.001285	3	3.724580	0.004786
train/neg/1000_4.txt	near	1	0.006849	3	3.724580	0.025510
train/pos/10007_7.txt	near	1	0.002278	3	3.724580	0.008485
test/neg/10002_3.txt	neatly	1	0.003135	1	4.417727	0.013850
train/neg/10000_4.txt	necessarily	1	0.001285	1	4.417727	0.005677
test/neg/0_2.txt	necessary	1	0.005848	2	4.012262	0.023464
train/pos/10000_8.txt	necessary	1	0.002278	2	4.012262	0.009140
train/neg/10017_4.txt	necking	1	0.005525	1	4.417727	0.024408
test/neg/10006_2.txt	need	1	0.006944	3	3.724580	0.025863
test/pos/10008_8.txt	need	1	0.001042	3	3.724580	0.003881
train/neg/10003_1.txt	need	1	0.002494	3	3.724580	0.009289
train/neg/10001_4.txt	needed	1	0.007042	2	4.012262	0.028254
train/pos/10013_7.txt	needed	2	0.012346	2	4.012262	0.049535
test/neg/10002_3.txt	needle	1	0.003135	1	4.417727	0.013850
test/pos/10008_8.txt	needs	1	0.001042	3	3.724580	0.003881
train/pos/10010_7.txt	needs	1	0.003534	3	3.724580	0.013163
train/pos/10013_7.txt	needs	1	0.006173	3	3.724580	0.022992
test/neg/10003_3.txt	negligible	1	0.004219	1	4.417727	0.018638
train/pos/10012_8.txt	neither	1	0.006757	1	4.417727	0.029851
train/neg/10005_3.txt	nell	1	0.003058	1	4.417727	0.013509
train/neg/10017_4.txt	netherworld	1	0.005525	1	4.417727	0.024408
train/neg/10005_3.txt	neurotic	1	0.003058	1	4.417727	0.013509
test/neg/10005_2.txt	never	1	0.006135	9	2.808289	0.017229
train/neg/10001_4.txt	never	1	0.007042	9	2.808289	0.019776
train/neg/10003_1.txt	never	3	0.007481	9	2.808289	0.021009
train/neg/10008_2.txt	never	2	0.006944	9	2.808289	0.019501
train/pos/10000_8.txt	never	1	0.002278	9	2.808289	0.006397
train/pos/10011_9.txt	never	1	0.004525	9	2.808289	0.012708
train/pos/10012_8.txt	never	1	0.006757	9	2.808289	0.018976
train/pos/10014_8.txt	never	1	0.005155	9	2.808289	0.014477
train/pos/10017_9.txt	never	1	0.006623	9	2.808289	0.018599
train/neg/10010_3.txt	nevertheless	1	0.009901	1	4.417727	0.043740
test/neg/10000_4.txt	new	2	0.008299	10	2.712979	0.022515
test/pos/10003_8.txt	new	1	0.004878	10	2.712979	0.013234
test/pos/10008_8.txt	new	5	0.005208	10	2.712979	0.014129
train/neg/10000_4.txt	new	2	0.002571	10	2.712979	0.006975
train/neg/10005_3.txt	new	2	0.006116	10	2.712979	0.016593
train/pos/10004_8.txt	new	1	0.005747	10	2.712979	0.015591
train/pos/10006_7.txt	new	2	0.005988	10	2.712979	0.016245
train/pos/10007_7.txt	new	1	0.002278	10	2.712979	0.006180
train/pos/10014_8.txt	new	1	0.005155	10	2.712979	0.013985
train/pos/10015_8.txt	new	1	0.003040	10	2.712979	0.008247
train/pos/10004_8.txt	news	1	0.005747	1	4.417727	0.025389
train/neg/10008_2.txt	next	1	0.003472	2	4.012262	0.013931
train/pos/10000_8.txt	next	2	0.004556	2	4.012262	0.018280
test/pos/10000_7.txt	nice	2	0.005682	5	3.319114	0.018859
train/neg/10000_4.txt	nice	1	0.001285	5	3.319114	0.004265
train/neg/10016_4.txt	nice	1	0.007576	5	3.319114	0.025146
train/pos/10005_7.txt	nice	2	0.018868	5	3.319114	0.062625
train/pos/10014_8.txt	nice	1	0.005155	5	3.319114	0.017110
train/pos/10000_8.txt	nickname	1	0.002278	1	4.417727	0.010064
train/neg/10003_1.txt	nicotine	1	0.002494	1	4.417727	0.011018
test/neg/10000_4.txt	night	1	0.004149	12	2.545925	0.010563
test/neg/10005_2.txt	night	1	0.006135	12	2.545925	0.015619
test/pos/0_10.txt	night	1	0.006536	12	2.545925	0.016640
test/pos/10008_8.txt	night	1	0.001042	12	2.545925	0.002653
train/pos/10004_8.txt	night	1	0.005747	12	2.545925	0.014631
train/pos/10006_7.txt	night	2	0.005988	12	2.545925	0.015245
train/pos/10007_7.txt	night	1	0.002278	12	2.545925	0.005800
train/pos/10008_7.txt	night	1	0.003086	12	2.545925	0.007857
train/pos/10010_7.txt	night	2	0.007067	12	2.545925	0.017992
train/pos/10011_9.txt	night	2	0.009050	12	2.545925	0.023041
train/pos/10012_8.txt	night	1	0.006757	12	2.545925	0.017203
train/pos/10014_8.txt	night	2	0.010309	12	2.545925	0.026246
train/pos/10010_7.txt	nightmare	1	0.003534	1	4.417727	0.015612
train/pos/10007_7.txt	nightmarish	1	0.002278	1	4.417727	0.010064
train/pos/10011_9.txt	nine	1	0.004525	1	4.417727	0.019990
test/neg/10002_3.txt	nineties	1	0.003135	2	4.012262	0.012578
test/pos/10008_8.txt	nineties	1	0.001042	2	4.012262	0.004181
test/neg/10002_3.txt	ninety	1	0.003135	1	4.417727	0.013850
test/neg/0_2.txt	no	3	0.017544	25	1.852777	0.032505
test/neg/10001_1.txt	no	2	0.008929	25	1.852777	0.016543
test/neg/10002_3.txt	no	1	0.003135	25	1.852777	0.005808
test/neg/10007_4.txt	no	4	0.031008	25	1.852777	0.057451
test/neg/10008_4.txt	no	1	0.005988	25	1.852777	0.011094
test/pos/10000_7.txt	no	1	0.002841	25	1.852777	0.005264
test/pos/10004_9.txt	no	1	0.003175	25	1.852777	0.005883
test/pos/10005_8.txt	no	1	0.002907	25	1.852777	0.005386
test/pos/10008_8.txt	no	6	0.006250	25	1.852777	0.011580
train/neg/0_3.txt	no	1	0.008772	25	1.852777	0.016253
train/neg/10000_4.txt	no	1	0.001285	25	1.852777	0.002381
train/neg/10002_1.txt	no	1	0.006536	25	1.852777	0.012110
train/neg/10003_1.txt	no	4	0.009975	25	1.852777	0.018481
train/neg/10005_3.txt	no	1	0.003058	25	1.852777	0.005666
train/neg/10008_2.txt	no	1	0.003472	25	1.852777	0.006433
train/neg/10009_1.txt	no	1	0.002915	25	1.852777	0.005401
train/neg/1000_4.txt	no	2	0.013699	25	1.852777	0.025381
train/neg/10013_1.txt	no	2	0.014925	25	1.852777	0.027653
train/neg/10017_4.txt	no	1	0.005525	25	1.852777	0.010237
train/pos/10007_7.txt	no	8	0.018223	25	1.852777	0.033763
train/pos/10009_9.txt	no	1	0.003597	25	1.852777	0.006664
train/pos/10010_7.txt	no	2	0.007067	25	1.852777	0.013094
train/pos/10012_8.txt	no	2	0.013514	25	1.852777	0.025038
train/pos/10014_8.txt	no	1	0.005155	25	1.852777	0.009551
train/pos/10015_8.txt	no	1	0.003040	25	1.852777	0.005632
test/pos/10003_8.txt	nod	1	0.004878	1	4.417727	0.021550
train/neg/10001_4.txt	nominated	1	0.007042	2	4.012262	0.028254
train/pos/10008_7.txt	nominated	1	0.003086	2	4.012262	0.012382
test/neg/10003_3.txt	non	1	0.004219	2	4.012262	0.016928
train/neg/10003_1.txt	non	1	0.002494	2	4.012262	0.010007
test/neg/10002_3.txt	none	1	0.003135	2	4.012262	0.012578
train/pos/10001_10.txt	none	1	0.006667	2	4.012262	0.026750
train/neg/10016_4.txt	nonetheless	1	0.007576	1	4.417727	0.033469
train/pos/10010_7.txt	noon	5	0.017668	1	4.417727	0.078052
train/pos/10004_8.txt	nor	1	0.005747	1	4.417727	0.025389
train/pos/10007_7.txt	norm	1	0.002278	1	4.417727	0.010064
train/neg/10017_4.txt	nostalgia	1	0.005525	1	4.417727	0.024408
test/neg/0_2.txt	not	2	0.011696	43	1.326684	0.015517
test/neg/10000_4.txt	not	1	0.004149	43	1.326684	0.005504
test/neg/10001_1.txt	not	2	0.008929	43	1.326684	0.011846
test/neg/10002_3.txt	not	2	0.006270	43	1.326684	0.008318
test/neg/10003_3.txt	not	1	0.004219	43	1.326684	0.005597
test/neg/10004_2.txt	not	1	0.008475	43	1.326684	0.011244
test/neg/10005_2.txt	not	1	0.006135	43	1.326684	0.008139
test/neg/10006_2.txt	not	2	0.013889	43	1.326684	0.018426
test/neg/10007_4.txt	not	1	0.007752	43	1.326684	0.010284
test/pos/0_10.txt	not	2	0.013072	43	1.326684	0.017342
test/pos/10000_7.txt	not	1	0.002841	43	1.326684	0.003769
test/pos/10001_9.txt	not	4	0.016194	43	1.326684	0.021484
test/pos/10002_8.txt	not	1	0.007812	43	1.326684	0.010364
test/pos/10004_9.txt	not	1	0.003175	43	1.326684	0.004212
test/pos/10006_7.txt	not	1	0.006993	43	1.326684	0.009278
test/pos/10007_10.txt	not	1	0.005747	43	1.326684	0.007624
test/pos/10008_8.txt	not	5	0.005208	43	1.326684	0.006909
train/neg/10000_4.txt	not	5	0.006427	43	1.326684	0.008527
train/neg/10002_1.txt	not	1	0.006536	43	1.326684	0.008671
train/neg/10004_3.txt	not	1	0.009615	43	1.326684	0.012756
train/neg/10005_3.txt	not	3	0.009174	43	1.326684	0.012171
train/neg/10006_4.txt	not	3	0.018868	43	1.326684	0.025032
train/neg/10008_2.txt	not	1	0.003472	43	1.326684	0.004606
train/neg/10009_1.txt	not	2	0.005831	43	1.326684	0.007736
train/neg/1000_4.txt	not	1	0.006849	43	1.326684	0.009086
train/neg/10010_3.txt	not	3	0.029703	43	1.326684	0.039407
train/neg/10012_1.txt	not	3	0.017241	43	1.326684	0.022873
train/neg/10013_1.txt	not	1	0.007463	43	1.326684	0.009901
train/neg/10015_2.txt	not	1	0.011494	43	1.326684	0.015249
train/pos/10000_8.txt	not	1	0.002278	43	1.326684	0.003022
train/pos/10002_7.txt	not	5	0.040323	43	1.326684	0.053496
train/pos/10003_8.txt	not	1	0.008264	43	1.326684	0.010964
train/pos/10004_8.txt	not	1	0.005747	43	1.326684	0.007624
train/pos/10006_7.txt	not	1	0.002994	43	1.326684	0.003972
train/pos/10008_7.txt	not	2	0.006173	43	1.326684	0.008190
train/pos/10010_7.txt	not	2	0.007067	43	1.326684	0.009376
train/pos/10011_9.txt	not	4	0.018100	43	1.326684	0.024013
train/pos/10012_8.txt	not	1	0.006757	43	1.326684	0.008964
train/pos/10013_7.txt	not	1	0.006173	43	1.326684	0.008190
train/pos/10014_8.txt	not	1	0.005155	43	1.326684	0.006839
train/pos/10015_8.txt	not	3	0.009119	43	1.326684	0.012098
train/pos/10016_8.txt	not	2	0.015625	43	1.326684	0.020729
train/pos/10017_9.txt	not	1	0.006623	43	1.326684	0.008787
train/pos/10015_8.txt	notch	1	0.003040	1	4.417727	0.013430
test/pos/10006_7.txt	note	1	0.006993	1	4.417727	0.030893
train/pos/10011_9.txt	notes	1	0.004525	1	4.417727	0.019990
train/neg/1000_4.txt	noteworthy	1	0.006849	1	4.417727	0.030257
test/neg/10000_4.txt	nothing	1	0.004149	10	2.712979	0.011256
test/neg/10001_1.txt	nothing	1	0.004464	10	2.712979	0.012111
train/neg/10000_4.txt	nothing	1	0.001285	10	2.712979	0.003486
train/neg/10003_1.txt	nothing	1	0.002494	10	2.712979	0.006766
train/neg/10010_3.txt	nothing	2	0.019802	10	2.712979	0.053722
train/neg/10011_3.txt	nothing	1	0.007246	10	2.712979	0.019658
train/neg/10012_1.txt	nothing	1	0.005747	10	2.712979	0.015591
train/neg/10016_4.txt	nothing	1	0.007576	10	2.712979	0.020554
train/pos/10009_9.txt	nothing	1	0.003597	10	2.712979	0.009759
train/pos/10017_9.txt	nothing	1	0.006623	10	2.712979	0.017968
train/pos/10005_7.txt	notice	1	0.009434	1	4.417727	0.041677
test/neg/10006_2.txt	noticed	1	0.006944	3	3.724580	0.025863
train/pos/10006_7.txt	noticed	1	0.002994	3	3.724580	0.011151
train/pos/10011_9.txt	noticed	1	0.004525	3	3.724580	0.016854
train/neg/10004_3.txt	notwithstanding	1	0.009615	1	4.417727	0.042476
test/pos/10008_8.txt	nourishment	1	0.001042	1	4.417727	0.004603
train/pos/10007_7.txt	novice	1	0.002278	1	4.417727	0.010064
test/neg/10002_3.txt	now	1	0.003135	7	3.031432	0.009504
test/pos/10005_8.txt	now	1	0.002907	7	3.031432	0.008812
test/pos/10008_8.txt	now	1	0.001042	7	3.031432	0.003159
train/pos/10006_7.txt	now	1	0.002994	7	3.031432	0.009076
train/pos/10007_7.txt	now	1	0.002278	7	3.031432	0.006906
train/pos/10008_7.txt	now	1	0.003086	7	3.031432	0.009355
train/pos/10009_9.txt	now	2	0.007194	7	3.031432	0.021808
test/neg/10002_3.txt	nowhere	1	0.003135	2	4.012262	0.012578
train/neg/10016_4.txt	nowhere	1	0.007576	2	4.012262	0.030397
test/neg/10001_1.txt	nt	2	0.008929	1	4.417727	0.039446
test/neg/10007_4.txt	nudity	1	0.007752	1	4.417727	0.034246
train/pos/10007_7.txt	number	1	0.002278	2	4.012262	0.009140
train/pos/10017_9.txt	number	1	0.006623	2	4.012262	0.026573
test/pos/10000_7.txt	numbers	1	0.002841	1	4.417727	0.012551
train/pos/10007_7.txt	nurse	1	0.002278	1	4.417727	0.010064
test/neg/10002_3.txt	o	1	0.003135	1	4.417727	0.013850
train/pos/10000_8.txt	observant	1	0.002278	1	4.417727	0.010064
train/pos/10016_8.txt	obsession	1	0.007812	1	4.417727	0.034511
test/neg/0_2.txt	obstacle	1	0.005848	1	4.417727	0.025835
train/pos/10006_7.txt	obvious	1	0.002994	1	4.417727	0.013227
test/pos/10005_8.txt	obviously	1	0.002907	2	4.012262	0.011664
train/neg/10017_4.txt	obviously	1	0.005525	2	4.012262	0.022168
train/pos/10010_7.txt	occasionally	1	0.003534	1	4.417727	0.015612
test/pos/10008_8.txt	occurs	1	0.001042	1	4.417727	0.004603
train/neg/10000_4.txt	ocean	1	0.001285	1	4.417727	0.005677
train/neg/10000_4.txt	odd	1	0.001285	2	4.012262	0.005156
train/pos/10012_8.txt	odd	1	0.006757	2	4.012262	0.027111
test/pos/10003_8.txt	odds	1	0.004878	2	4.012262	0.019572
test/pos/10004_9.txt	odds	1	0.003175	2	4.012262	0.012739
test/neg/0_2.txt	of	5	0.029240	58	1.033336	0.030215
test/neg/10000_4.txt	of	5	0.020747	58	1.033336	0.021439
test/neg/10001_1.txt	of	3	0.013393	58	1.033336	0.013839
test/neg/10002_3.txt	of	5	0.015674	58	1.033336	0.016197
test/neg/10003_3.txt	of	8	0.033755	58	1.033336	0.034880
test/neg/10005_2.txt	of	6	0.036810	58	1.033336	0.038037
test/neg/10006_2.txt	of	4	0.027778	58	1.033336	0.028704
test/neg/10007_4.txt	of	3	0.023256	58	1.033336	0.024031
test/neg/10008_4.txt	of	4	0.023952	58	1.033336	0.024750
test/pos/0_10.txt	of	5	0.032680	58	1.033336	0.033769
test/pos/10000_7.txt	of	10	0.028409	58	1.033336	0.029356
test/pos/10001_9.txt	of	10	0.040486	58	1.033336	0.041836
test/pos/10002_8.txt	of	1	0.007812	58	1.033336	0.008072
test/pos/10003_8.txt	of	10	0.048780	58	1.033336	0.050406
test/pos/10004_9.txt	of	14	0.044444	58	1.033336	0.045926
test/pos/10005_8.txt	of	7	0.020349	58	1.033336	0.021027
test/pos/10006_7.txt	of	5	0.034965	58	1.033336	0.036131
test/pos/10007_10.txt	of	1	0.005747	58	1.033336	0.005939
test/pos/10008_8.txt	of	15	0.015625	58	1.033336	0.016146
train/neg/0_3.txt	of	3	0.026316	58	1.033336	0.027193
train/neg/10000_4.txt	of	23	0.029563	58	1.033336	0.030549
train/neg/10001_4.txt	of	5	0.035211	58	1.033336	0.036385
train/neg/10002_1.txt	of	4	0.026144	58	1.033336	0.027016
train/neg/10003_1.txt	of	17	0.042394	58	1.033336	0.043807
train/neg/10004_3.txt	of	4	0.038462	58	1.033336	0.039744
train/neg/10005_3.txt	of	11	0.033639	58	1.033336	0.034760
train/neg/10006_4.txt	of	3	0.018868	58	1.033336	0.019497
train/neg/10007_1.txt	of	2	0.029412	58	1.033336	0.030392
train/neg/10008_2.txt	of	3	0.010417	58	1.033336	0.010764
train/neg/10009_1.txt	of	14	0.040816	58	1.033336	0.042177
train/neg/1000_4.txt	of	4	0.027397	58	1.033336	0.028310
train/neg/10010_3.txt	of	1	0.009901	58	1.033336	0.010231
train/neg/10011_3.txt	of	5	0.036232	58	1.033336	0.037440
train/neg/10012_1.txt	of	4	0.022989	58	1.033336	0.023755
train/neg/10013_1.txt	of	3	0.022388	58	1.033336	0.023134
train/neg/10014_2.txt	of	1	0.014925	58	1.033336	0.015423
train/neg/10015_2.txt	of	4	0.045977	58	1.033336	0.047510
train/neg/10016_4.txt	of	3	0.022727	58	1.033336	0.023485
train/neg/10017_4.txt	of	2	0.011050	58	1.033336	0.011418
train/pos/0_9.txt	of	4	0.028571	58	1.033336	0.029523
train/pos/10000_8.txt	of	5	0.011390	58	1.033336	0.011770
train/pos/10001_10.txt	of	2	0.013333	58	1.033336	0.013777
train/pos/10002_7.txt	of	6	0.048387	58	1.033336	0.050000
train/pos/10003_8.txt	of	1	0.008264	58	1.033336	0.008539
train/pos/10004_8.txt	of	4	0.022989	58	1.033336	0.023755
train/pos/10005_7.txt	of	2	0.018868	58	1.033336	0.019497
train/pos/10006_7.txt	of	5	0.014970	58	1.033336	0.015469
train/pos/10007_7.txt	of	7	0.015945	58	1.033336	0.016477
train/pos/10008_7.txt	of	7	0.021605	58	1.033336	0.022325
train/pos/10009_9.txt	of	6	0.021583	58	1.033336	0.022302
train/pos/1000_8.txt	of	3	0.035714	58	1.033336	0.036905
train/pos/10010_7.txt	of	10	0.035336	58	1.033336	0.036514
train/pos/10011_9.txt	of	4	0.018100	58	1.033336	0.018703
train/pos/10012_8.txt	of	6	0.040541	58	1.033336	0.041892
train/pos/10013_7.txt	of	5	0.030864	58	1.033336	0.031893
train/pos/10014_8.txt	of	2	0.010309	58	1.033336	0.010653
train/pos/10015_8.txt	of	8	0.024316	58	1.033336	0.025127
train/pos/10017_9.txt	of	5	0.033113	58	1.033336	0.034217
test/neg/0_2.txt	off	2	0.011696	13	2.471817	0.028910
test/neg/10002_3.txt	off	1	0.003135	13	2.471817	0.007749
test/pos/10005_8.txt	off	1	0.002907	13	2.471817	0.007186
train/neg/0_3.txt	off	2	0.017544	13	2.471817	0.043366
train/neg/10000_4.txt	off	2	0.002571	13	2.471817	0.006355
train/neg/10004_3.txt	off	1	0.009615	13	2.471817	0.023767
train/neg/10009_1.txt	off	1	0.002915	13	2.471817	0.007205
train/neg/10012_1.txt	off	1	0.005747	13	2.471817	0.014206
train/neg/10017_4.txt	off	1	0.005525	13	2.471817	0.013657
train/pos/10000_8.txt	off	1	0.002278	13	2.471817	0.005631
train/pos/10002_7.txt	off	1	0.008065	13	2.471817	0.019935
train/pos/10006_7.txt	off	1	0.002994	13	2.471817	0.007401
train/pos/10013_7.txt	off	1	0.006173	13	2.471817	0.015259
test/pos/10008_8.txt	offer	1	0.001042	1	4.417727	0.004603
train/pos/10006_7.txt	offers	1	0.002994	1	4.417727	0.013227
train/pos/10006_7.txt	official	1	0.002994	1	4.417727	0.013227
train/pos/10008_7.txt	officially	1	0.003086	1	4.417727	0.013633
train/pos/10001_10.txt	often	1	0.006667	1	4.417727	0.029453
test/neg/10004_2.txt	oh	1	0.008475	9	2.808289	0.023800
train/neg/10005_3.txt	oh	1	0.003058	9	2.808289	0.008588
train/pos/10004_8.txt	oh	1	0.005747	9	2.808289	0.016139
train/pos/10006_7.txt	oh	3	0.008982	9	2.808289	0.025224
train/pos/10007_7.txt	oh	1	0.002278	9	2.808289	0.006397
train/pos/10009_9.txt	oh	1	0.003597	9	2.808289	0.010101
train/pos/10010_7.txt	oh	1	0.003534	9	2.808289	0.009924
train/pos/10011_9.txt	oh	1	0.004525	9	2.808289	0.012708
train/pos/10014_8.txt	oh	1	0.005155	9	2.808289	0.014477
train/neg/10000_4.txt	oil	2	0.002571	1	4.417727	0.011358
test/neg/10006_2.txt	old	1	0.006944	12	2.545925	0.017679
test/neg/10007_4.txt	old	1	0.007752	12	2.545925	0.019736
test/pos/10003_8.txt	old	2	0.009756	12	2.545925	0.024838
test/pos/10008_8.txt	old	1	0.001042	12	2.545925	0.002653
train/neg/10000_4.txt	old	1	0.001285	12	2.545925	0.003272
train/neg/10005_3.txt	old	2	0.006116	12	2.545925	0.015571
train/neg/10006_4.txt	old	2	0.012579	12	2.545925	0.032025
train/neg/10015_2.txt	old	1	0.011494	12	2.545925	0.029263
train/pos/10007_7.txt	old	1	0.002278	12	2.545925	0.005800
train/pos/10010_7.txt	old	1	0.003534	12	2.545925	0.008997
train/pos/10014_8.txt	old	1	0.005155	12	2.545925	0.013124
train/pos/10015_8.txt	old	1	0.003040	12	2.545925	0.007740
test/neg/0_2.txt	on	1	0.005848	34	1.555526	0.009097
test/neg/10000_4.txt	on	1	0.004149	34	1.555526	0.006454
test/neg/10001_1.txt	on	1	0.004464	34	1.555526	0.006944
test/neg/10002_3.txt	on	2	0.006270	34	1.555526	0.009753
test/neg/10003_3.txt	on	1	0.004219	34	1.555526	0.006563
test/neg/10004_2.txt	on	2	0.016949	34	1.555526	0.026365
test/neg/10007_4.txt	on	2	0.015504	34	1.555526	0.024117
test/neg/10008_4.txt	on	5	0.029940	34	1.555526	0.046572
test/pos/10000_7.txt	on	4	0.011364	34	1.555526	0.017677
test/pos/10004_9.txt	on	3	0.009524	34	1.555526	0.014815
test/pos/10005_8.txt	on	4	0.011628	34	1.555526	0.018088
test/pos/10006_7.txt	on	2	0.013986	34	1.555526	0.021756
test/pos/10008_8.txt	on	4	0.004167	34	1.555526	0.006482
train/neg/0_3.txt	on	1	0.008772	34	1.555526	0.013645
train/neg/10000_4.txt	on	3	0.003856	34	1.555526	0.005998
train/neg/10001_4.txt	on	2	0.014085	34	1.555526	0.021910
train/neg/10003_1.txt	on	3	0.007481	34	1.555526	0.011637
train/neg/10005_3.txt	on	2	0.006116	34	1.555526	0.009514
train/neg/10008_2.txt	on	1	0.003472	34	1.555526	0.005401
train/neg/10009_1.txt	on	1	0.002915	34	1.555526	0.004534
train/neg/10011_3.txt	on	1	0.007246	34	1.555526	0.011271
train/neg/10012_1.txt	on	2	0.011494	34	1.555526	0.017879
train/neg/10013_1.txt	on	2	0.014925	34	1.555526	0.023216
train/neg/10016_4.txt	on	1	0.007576	34	1.555526	0.011785
train/pos/10000_8.txt	on	10	0.022779	34	1.555526	0.035433
train/pos/10001_10.txt	on	2	0.013333	34	1.555526	0.020740
train/pos/10006_7.txt	on	1	0.002994	34	1.555526	0.004657
train/pos/10007_7.txt	on	3	0.006834	34	1.555526	0.010630
train/pos/10008_7.txt	on	1	0.003086	34	1.555526	0.004800
train/pos/10009_9.txt	on	1	0.003597	34	1.555526	0.005595
train/pos/10013_7.txt	on	1	0.006173	34	1.555526	0.009602
train/pos/10014_8.txt	on	2	0.010309	34	1.555526	0.016036
train/pos/10015_8.txt	on	1	0.003040	34	1.555526	0.004729
train/pos/10017_9.txt	on	2	0.013245	34	1.555526	0.020603
test/neg/0_2.txt	once	1	0.005848	7	3.031432	0.017728
test/pos/10000_7.txt	once	1	0.002841	7	3.031432	0.008612
test/pos/10008_8.txt	once	1	0.001042	7	3.031432	0.003159
train/neg/10000_4.txt	once	1	0.001285	7	3.031432	0.003895
train/neg/10015_2.txt	once	1	0.011494	7	3.031432	0.034843
train/neg/10016_4.txt	once	1	0.007576	7	3.031432	0.022966
train/pos/10000_8.txt	once	4	0.009112	7	3.031432	0.027622
test/neg/10000_4.txt	one	2	0.008299	35	1.527355	0.012676
test/neg/10001_1.txt	one	2	0.008929	35	1.527355	0.013638
test/neg/10002_3.txt	one	3	0.009404	35	1.527355	0.014363
test/neg/10004_2.txt	one	1	0.008475	35	1.527355	0.012944
test/neg/10005_2.txt	one	1	0.006135	35	1.527355	0.009370
test/pos/0_10.txt	one	1	0.006536	35	1.527355	0.009983
test/pos/10001_9.txt	one	2	0.008097	35	1.527355	0.012367
test/pos/10002_8.txt	one	3	0.023438	35	1.527355	0.035798
test/pos/10003_8.txt	one	1	0.004878	35	1.527355	0.007450
test/pos/10004_9.txt	one	1	0.003175	35	1.527355	0.004849
test/pos/10005_8.txt	one	1	0.002907	35	1.527355	0.004440
test/pos/10008_8.txt	one	2	0.002083	35	1.527355	0.003181
train/neg/10000_4.txt	one	4	0.005141	35	1.527355	0.007852
train/neg/10003_1.txt	one	4	0.009975	35	1.527355	0.015235
train/neg/10005_3.txt	one	1	0.003058	35	1.527355	0.004671
train/neg/10006_4.txt	one	1	0.006289	35	1.527355	0.009606
train/neg/10007_1.txt	one	1	0.014706	35	1.527355	0.022461
train/neg/10008_2.txt	one	1	0.003472	35	1.527355	0.005303
train/neg/10009_1.txt	one	4	0.011662	35	1.527355	0.017812
train/neg/1000_4.txt	one	3	0.020548	35	1.527355	0.031384
train/neg/10013_1.txt	one	4	0.029851	35	1.527355	0.045593
train/neg/10014_2.txt	one	1	0.014925	35	1.527355	0.022796
train/neg/10016_4.txt	one	1	0.007576	35	1.527355	0.011571
train/pos/0_9.txt	one	1	0.007143	35	1.527355	0.010910
train/pos/10000_8.txt	one	1	0.002278	35	1.527355	0.003479
train/pos/10001_10.txt	one	1	0.006667	35	1.527355	0.010183
train/pos/10007_7.txt	one	11	0.025057	35	1.527355	0.038271
train/pos/10008_7.txt	one	3	0.009259	35	1.527355	0.014142
train/pos/10009_9.txt	one	2	0.007194	35	1.527355	0.010988
train/pos/10010_7.txt	one	1	0.003534	35	1.527355	0.005398
train/pos/10011_9.txt	one	2	0.009050	35	1.527355	0.013823
train/pos/10012_8.txt	one	2	0.013514	35	1.527355	0.020641
train/pos/10013_7.txt	one	1	0.006173	35	1.527355	0.009428
train/pos/10015_8.txt	one	2	0.006079	35	1.527355	0.009285
train/pos/10016_8.txt	one	3	0.023438	35	1.527355	0.035798
train/pos/10008_7.txt	online	1	0.003086	1	4.417727	0.013633
test/neg/0_2.txt	only	1	0.005848	25	1.852777	0.010835
test/neg/10000_4.txt	only	1	0.004149	25	1.852777	0.007687
test/neg/10001_1.txt	only	2	0.008929	25	1.852777	0.016543
test/neg/10002_3.txt	only	1	0.003135	25	1.852777	0.005808
test/pos/0_10.txt	only	2	0.013072	25	1.852777	0.024220
test/pos/10000_7.txt	only	1	0.002841	25	1.852777	0.005264
test/pos/10001_9.txt	only	1	0.004049	25	1.852777	0.007502
test/pos/10003_8.txt	only	1	0.004878	25	1.852777	0.009038
test/pos/10004_9.txt	only	1	0.003175	25	1.852777	0.005883
test/pos/10008_8.txt	only	1	0.001042	25	1.852777	0.001931
train/neg/10000_4.txt	only	1	0.001285	25	1.852777	0.002381
train/neg/10002_1.txt	only	1	0.006536	25	1.852777	0.012110
train/neg/10003_1.txt	only	3	0.007481	25	1.852777	0.013861
train/neg/10005_3.txt	only	1	0.003058	25	1.852777	0.005666
train/neg/10006_4.txt	only	1	0.006289	25	1.852777	0.011652
train/neg/10007_1.txt	only	2	0.029412	25	1.852777	0.054494
train/neg/10008_2.txt	only	1	0.003472	25	1.852777	0.006433
train/neg/10009_1.txt	only	2	0.005831	25	1.852777	0.010804
train/neg/10013_1.txt	only	1	0.007463	25	1.852777	0.013827
train/neg/10015_2.txt	only	1	0.011494	25	1.852777	0.021296
train/pos/10002_7.txt	only	1	0.008065	25	1.852777	0.014943
train/pos/10007_7.txt	only	1	0.002278	25	1.852777	0.004221
train/pos/10009_9.txt	only	1	0.003597	25	1.852777	0.006664
train/pos/10011_9.txt	only	1	0.004525	25	1.852777	0.008384
train/pos/10014_8.txt	only	1	0.005155	25	1.852777	0.009551
test/pos/10008_8.txt	ono	1	0.001042	1	4.417727	0.004603
train/pos/10005_7.txt	onto	1	0.009434	1	4.417727	0.041677
test/neg/10000_4.txt	onward	1	0.004149	1	4.417727	0.018329
test/pos/10000_7.txt	open	3	0.008523	4	3.501436	0.029843
test/pos/10003_8.txt	open	1	0.004878	4	3.501436	0.017080
test/pos/10004_9.txt	open	1	0.003175	4	3.501436	0.011117
test/pos/10008_8.txt	open	1	0.001042	4	3.501436	0.003648
train/neg/10000_4.txt	opened	2	0.002571	1	4.417727	0.011358
test/pos/10000_7.txt	opening	2	0.005682	4	3.501436	0.019895
train/neg/0_3.txt	opening	1	0.008772	4	3.501436	0.030715
train/neg/10000_4.txt	opening	1	0.001285	4	3.501436	0.004499
train/pos/1000_8.txt	opening	1	0.011905	4	3.501436	0.041685
train/pos/10015_8.txt	openings	1	0.003040	1	4.417727	0.013430
test/pos/10008_8.txt	opens	1	0.001042	2	4.012262	0.004181
train/neg/10017_4.txt	opens	1	0.005525	2	4.012262	0.022168
test/neg/10002_3.txt	opinion	1	0.003135	2	4.012262	0.012578
train/pos/10009_9.txt	opinion	1	0.003597	2	4.012262	0.014432
train/neg/10000_4.txt	opportunity	1	0.001285	1	4.417727	0.005677
test/neg/0_2.txt	or	1	0.005848	26	1.815037	0.010614
test/neg/10000_4.txt	or	3	0.012448	26	1.815037	0.022594
test/neg/10003_3.txt	or	1	0.004219	26	1.815037	0.007658
test/neg/10007_4.txt	or	1	0.007752	26	1.815037	0.014070
test/pos/10000_7.txt	or	1	0.002841	26	1.815037	0.005157
test/pos/10006_7.txt	or	1	0.006993	26	1.815037	0.012693
test/pos/10007_10.txt	or	2	0.011494	26	1.815037	0.020862
test/pos/10008_8.txt	or	4	0.004167	26	1.815037	0.007563
train/neg/10000_4.txt	or	7	0.008997	26	1.815037	0.016330
train/neg/10001_4.txt	or	1	0.007042	26	1.815037	0.012781
train/neg/10003_1.txt	or	3	0.007481	26	1.815037	0.013578
train/neg/10005_3.txt	or	1	0.003058	26	1.815037	0.005550
train/neg/10006_4.txt	or	1	0.006289	26	1.815037	0.011415
train/neg/10008_2.txt	or	4	0.013889	26	1.815037	0.025209
train/neg/10011_3.txt	or	1	0.007246	26	1.815037	0.013152
train/neg/10013_1.txt	or	1	0.007463	26	1.815037	0.013546
train/neg/10015_2.txt	or	1	0.011494	26	1.815037	0.020862
train/pos/10000_8.txt	or	8	0.018223	26	1.815037	0.033075
train/pos/10002_7.txt	or	1	0.008065	26	1.815037	0.014638
train/pos/10004_8.txt	or	1	0.005747	26	1.815037	0.010431
train/pos/10006_7.txt	or	2	0.005988	26	1.815037	0.010868
train/pos/10008_7.txt	or	1	0.003086	26	1.815037	0.005601
train/pos/1000_8.txt	or	1	0.011905	26	1.815037	0.021608
train/pos/10010_7.txt	or	2	0.007067	26	1.815037	0.012827
train/pos/10013_7.txt	or	1	0.006173	26	1.815037	0.011204
train/pos/10015_8.txt	or	2	0.006079	26	1.815037	0.011034
train/neg/0_3.txt	orchestra	1	0.008772	1	4.417727	0.038752
test/pos/10008_8.txt	ordained	1	0.001042	1	4.417727	0.004603
test/pos/10008_8.txt	ordeals	1	0.001042	1	4.417727	0.004603
test/pos/10008_8.txt	order	1	0.001042	2	4.012262	0.004181
train/neg/10007_1.txt	order	1	0.014706	2	4.012262	0.059004
train/neg/10009_1.txt	ordinarily	1	0.002915	1	4.417727	0.012878
test/pos/10003_8.txt	ordinary	1	0.004878	2	4.012262	0.019572
test/pos/10008_8.txt	ordinary	1	0.001042	2	4.012262	0.004181
train/pos/10006_7.txt	organizations	1	0.002994	1	4.417727	0.013227
test/pos/10006_7.txt	oriental	1	0.006993	1	4.417727	0.030893
train/neg/10000_4.txt	orientated	1	0.001285	1	4.417727	0.005677
test/neg/10003_3.txt	original	1	0.004219	4	3.501436	0.014773
test/pos/10006_7.txt	original	1	0.006993	4	3.501436	0.024486
train/neg/10000_4.txt	original	1	0.001285	4	3.501436	0.004499
train/pos/10012_8.txt	original	1	0.006757	4	3.501436	0.023659
train/neg/10004_3.txt	originality	1	0.009615	1	4.417727	0.042476
train/neg/10013_1.txt	origins	1	0.007463	1	4.417727	0.032969
test/pos/10007_10.txt	oscar	1	0.005747	4	3.501436	0.020123
train/neg/10000_4.txt	oscar	3	0.003856	4	3.501436	0.013502
train/neg/10001_4.txt	oscar	1	0.007042	4	3.501436	0.024657
train/neg/10005_3.txt	oscar	1	0.003058	4	3.501436	0.010707
test/neg/10001_1.txt	other	1	0.004464	15	2.338285	0.010438
test/neg/10002_3.txt	other	2	0.006270	15	2.338285	0.014661
test/neg/10004_2.txt	other	1	0.008475	15	2.338285	0.019817
test/pos/10002_8.txt	other	1	0.007812	15	2.338285	0.018267
test/pos/10008_8.txt	other	1	0.001042	15	2.338285	0.002436
train/neg/10000_4.txt	other	3	0.003856	15	2.338285	0.009016
train/neg/10005_3.txt	other	1	0.003058	15	2.338285	0.007150
train/neg/10008_2.txt	other	1	0.003472	15	2.338285	0.008119
train/neg/10013_1.txt	other	1	0.007463	15	2.338285	0.017451
train/neg/10016_4.txt	other	1	0.007576	15	2.338285	0.017715
train/pos/0_9.txt	other	1	0.007143	15	2.338285	0.016702
train/pos/10000_8.txt	other	2	0.004556	15	2.338285	0.010653
train/pos/10004_8.txt	other	1	0.005747	15	2.338285	0.013438
train/pos/10007_7.txt	other	1	0.002278	15	2.338285	0.005327
train/pos/10017_9.txt	other	1	0.006623	15	2.338285	0.015486
test/pos/10007_10.txt	others	1	0.005747	2	4.012262	0.023058
train/pos/10000_8.txt	others	1	0.002278	2	4.012262	0.009140
test/pos/10001_9.txt	otherwise	1	0.004049	4	3.501436	0.014177
train/neg/10002_1.txt	otherwise	1	0.006536	4	3.501436	0.022885
train/neg/10003_1.txt	otherwise	1	0.002494	4	3.501436	0.008733
train/pos/10006_7.txt	otherwise	1	0.002994	4	3.501436	0.010483
test/pos/10001_9.txt	ouimet	2	0.008097	2	4.012262	0.032487
test/pos/10004_9.txt	ouimet	1	0.003175	2	4.012262	0.012739
train/neg/10009_1.txt	ounce	1	0.002915	1	4.417727	0.012878
test/neg/10004_2.txt	our	1	0.008475	4	3.501436	0.029675
test/neg/10005_2.txt	our	1	0.006135	4	3.501436	0.021481
test/pos/0_10.txt	our	1	0.006536	4	3.501436	0.022885
train/pos/10009_9.txt	our	1	0.003597	4	3.501436	0.012595
train/neg/10004_3.txt	ourselves	1	0.009615	2	4.012262	0.038578
train/pos/10009_9.txt	ourselves	1	0.003597	2	4.012262	0.014432
test/neg/0_2.txt	out	1	0.005848	29	1.709676	0.009998
test/neg/10002_3.txt	out	1	0.003135	29	1.709676	0.005360
test/neg/10005_2.txt	out	2	0.012270	29	1.709676	0.020978
test/neg/10007_4.txt	out	1	0.007752	29	1.709676	0.013253
test/pos/0_10.txt	out	1	0.006536	29	1.709676	0.011174
test/pos/10002_8.txt	out	1	0.007812	29	1.709676	0.013356
test/pos/10006_7.txt	out	1	0.006993	29	1.709676	0.011956
test/pos/10008_8.txt	out	1	0.001042	29	1.709676	0.001781
train/neg/0_3.txt	out	1	0.008772	29	1.709676	0.014997
train/neg/10000_4.txt	out	6	0.007712	29	1.709676	0.013185
train/neg/10002_1.txt	out	2	0.013072	29	1.709676	0.022349
train/neg/10003_1.txt	out	3	0.007481	29	1.709676	0.012790
train/neg/10005_3.txt	out	1	0.003058	29	1.709676	0.005228
train/neg/10007_1.txt	out	2	0.029412	29	1.709676	0.050285
train/neg/10008_2.txt	out	2	0.006944	29	1.709676	0.011872
train/neg/10009_1.txt	out	1	0.002915	29	1.709676	0.004984
train/neg/10013_1.txt	out	3	0.022388	29	1.709676	0.038276
train/neg/10015_2.txt	out	4	0.045977	29	1.709676	0.078606
train/neg/10016_4.txt	out	1	0.007576	29	1.709676	0.012953
train/neg/10017_4.txt	out	1	0.005525	29	1.709676	0.009446
train/pos/10001_10.txt	out	1	0.006667	29	1.709676	0.011398
train/pos/10003_8.txt	out	1	0.008264	29	1.709676	0.014129
train/pos/10007_7.txt	out	4	0.009112	29	1.709676	0.015579
train/pos/10008_7.txt	out	1	0.003086	29	1.709676	0.005276
train/pos/1000_8.txt	out	1	0.011905	29	1.709676	0.020354
train/pos/10010_7.txt	out	2	0.007067	29	1.709676	0.012082
train/pos/10012_8.txt	out	1	0.006757	29	1.709676	0.011552
train/pos/10015_8.txt	out	1	0.003040	29	1.709676	0.005197
train/pos/10017_9.txt	out	1	0.006623	29	1.709676	0.011323
test/neg/10008_4.txt	outclass	1	0.005988	1	4.417727	0.026453
train/pos/10012_8.txt	outcome	1	0.006757	1	4.417727	0.029851
train/neg/10008_2.txt	outdated	1	0.003472	1	4.417727	0.015338
test/pos/10008_8.txt	outdoors	1	0.001042	1	4.417727	0.004603
train/neg/10013_1.txt	outsider	1	0.007463	1	4.417727	0.032969
train/neg/10013_1.txt	outstanding	1	0.007463	1	4.417727	0.032969
test/pos/10005_8.txt	outstretching	1	0.002907	1	4.417727	0.012842
test/neg/0_2.txt	over	1	0.005848	14	2.402824	0.014052
test/neg/10000_4.txt	over	1	0.004149	14	2.402824	0.009969
test/neg/10002_3.txt	over	1	0.003135	14	2.402824	0.007533
test/neg/10003_3.txt	over	1	0.004219	14	2.402824	0.010138
test/pos/10000_7.txt	over	2	0.005682	14	2.402824	0.013653
test/pos/10007_10.txt	over	1	0.005747	14	2.402824	0.013809
test/pos/10008_8.txt	over	1	0.001042	14	2.402824	0.002504
train/neg/10000_4.txt	over	1	0.001285	14	2.402824	0.003088
train/neg/10006_4.txt	over	1	0.006289	14	2.402824	0.015111
train/neg/10007_1.txt	over	1	0.014706	14	2.402824	0.035336
train/pos/10001_10.txt	over	1	0.006667	14	2.402824	0.016020
train/pos/10004_8.txt	over	1	0.005747	14	2.402824	0.013809
train/pos/10007_7.txt	over	1	0.002278	14	2.402824	0.005474
train/pos/10011_9.txt	over	1	0.004525	14	2.402824	0.010873
test/neg/10000_4.txt	overall	1	0.004149	3	3.724580	0.015453
test/pos/10007_10.txt	overall	1	0.005747	3	3.724580	0.021405
train/pos/10003_8.txt	overall	1	0.008264	3	3.724580	0.030780
test/pos/0_10.txt	overcome	1	0.006536	1	4.417727	0.028874
test/neg/0_2.txt	overconfident	1	0.005848	1	4.417727	0.025835
train/neg/10010_3.txt	overexciting	1	0.009901	1	4.417727	0.043740
train/pos/10006_7.txt	overkill	1	0.002994	1	4.417727	0.013227
test/neg/10002_3.txt	overpowering	1	0.003135	1	4.417727	0.013850
test/pos/10001_9.txt	own	2	0.008097	5	3.319114	0.026875
test/pos/10008_8.txt	own	1	0.001042	5	3.319114	0.003459
train/neg/10009_1.txt	own	1	0.002915	5	3.319114	0.009675
train/pos/10007_7.txt	own	2	0.004556	5	3.319114	0.015122
train/pos/10009_9.txt	own	1	0.003597	5	3.319114	0.011939
train/neg/10000_4.txt	pace	1	0.001285	1	4.417727	0.005677
train/pos/10005_7.txt	paced	1	0.009434	1	4.417727	0.041677
test/neg/10006_2.txt	pacing	1	0.006944	3	3.724580	0.025863
train/neg/10011_3.txt	pacing	2	0.014493	3	3.724580	0.053980
train/pos/10012_8.txt	pacing	1	0.006757	3	3.724580	0.025167
train/neg/10006_4.txt	paid	1	0.006289	1	4.417727	0.027783
test/pos/10008_8.txt	pain	1	0.001042	1	4.417727	0.004603
train/neg/10002_1.txt	painful	1	0.006536	2	4.012262	0.026224
train/neg/10008_2.txt	painful	1	0.003472	2	4.012262	0.013931
test/pos/10000_7.txt	painfully	1	0.002841	3	3.724580	0.010582
train/neg/10003_1.txt	painfully	3	0.007481	3	3.724580	0.027864
train/neg/10011_3.txt	painfully	1	0.007246	3	3.724580	0.026988
train/neg/10000_4.txt	paintings	1	0.001285	1	4.417727	0.005677
test/neg/10008_4.txt	paired	1	0.005988	1	4.417727	0.026453
train/pos/10000_8.txt	pals	1	0.002278	1	4.417727	0.010064
train/neg/10009_1.txt	pant	1	0.002915	1	4.417727	0.012878
train/neg/10005_3.txt	paper	1	0.003058	1	4.417727	0.013509
train/neg/10003_1.txt	parade	1	0.002494	1	4.417727	0.011018
train/pos/10007_7.txt	paranoia	1	0.002278	1	4.417727	0.010064
test/pos/10006_7.txt	parent	1	0.006993	1	4.417727	0.030893
test/pos/10001_9.txt	parents	1	0.004049	5	3.319114	0.013439
test/pos/10008_8.txt	parents	1	0.001042	5	3.319114	0.003459
train/neg/10003_1.txt	parents	2	0.004988	5	3.319114	0.016556
train/pos/10010_7.txt	parents	1	0.003534	5	3.319114	0.011730
train/pos/10015_8.txt	parents	1	0.003040	5	3.319114	0.010090
test/pos/10008_8.txt	park	2	0.002083	1	4.417727	0.009202
train/neg/10005_3.txt	parody	1	0.003058	1	4.417727	0.013509
train/neg/10016_4.txt	parrot	1	0.007576	1	4.417727	0.033469
test/neg/10006_2.txt	part	1	0.006944	6	3.164964	0.021978
test/pos/10004_9.txt	part	1	0.003175	6	3.164964	0.010049
test/pos/10005_8.txt	part	1	0.002907	6	3.164964	0.009201
train/neg/10001_4.txt	part	1	0.007042	6	3.164964	0.022288
train/pos/10013_7.txt	part	1	0.006173	6	3.164964	0.019537
train/pos/10015_8.txt	part	1	0.003040	6	3.164964	0.009621
test/pos/10004_9.txt	participate	1	0.003175	1	4.417727	0.014026
test/pos/10008_8.txt	particularity	1	0.001042	1	4.417727	0.004603
train/pos/10015_8.txt	particularly	1	0.003040	1	4.417727	0.013430
test/neg/10003_3.txt	partisans	1	0.004219	1	4.417727	0.018638
train/pos/10015_8.txt	partner	1	0.003040	1	4.417727	0.013430
test/neg/10003_3.txt	parts	1	0.004219	4	3.501436	0.014773
test/pos/10005_8.txt	parts	1	0.002907	4	3.501436	0.010179
train/pos/10003_8.txt	parts	1	0.008264	4	3.501436	0.028936
train/pos/1000_8.txt	parts	1	0.011905	4	3.501436	0.041685
train/neg/10017_4.txt	party	1	0.005525	1	4.417727	0.024408
train/neg/10000_4.txt	passengers	1	0.001285	1	4.417727	0.005677
test/pos/10008_8.txt	passivity	1	0.001042	1	4.417727	0.004603
test/neg/0_2.txt	past	1	0.005848	5	3.319114	0.019410
test/pos/10004_9.txt	past	1	0.003175	5	3.319114	0.010538
test/pos/10007_10.txt	past	1	0.005747	5	3.319114	0.019075
train/neg/10003_1.txt	past	1	0.002494	5	3.319114	0.008278
train/pos/10009_9.txt	past	1	0.003597	5	3.319114	0.011939
train/neg/10000_4.txt	pataki	1	0.001285	1	4.417727	0.005677
test/pos/10008_8.txt	patches	1	0.001042	1	4.417727	0.004603
train/pos/0_9.txt	pathetic	1	0.007143	1	4.417727	0.031556
train/neg/10003_1.txt	pathos	1	0.002494	1	4.417727	0.011018
train/pos/10006_7.txt	patrick	2	0.005988	4	3.501436	0.020967
train/pos/10007_7.txt	patrick	1	0.002278	4	3.501436	0.007976
train/pos/10009_9.txt	patrick	1	0.003597	4	3.501436	0.012595
train/pos/10015_8.txt	patrick	1	0.003040	4	3.501436	0.010644
train/neg/10000_4.txt	patroni	2	0.002571	1	4.417727	0.011358
test/pos/10008_8.txt	patterns	1	0.001042	1	4.417727	0.004603
train/neg/10009_1.txt	paul	1	0.002915	2	4.012262	0.011696
train/neg/10015_2.txt	paul	1	0.011494	2	4.012262	0.046117
test/neg/10000_4.txt	paxton	2	0.008299	5	3.319114	0.027545
test/neg/10001_1.txt	paxton	2	0.008929	5	3.319114	0.029636
test/neg/10002_3.txt	paxton	1	0.003135	5	3.319114	0.010405
test/pos/10000_7.txt	paxton	3	0.008523	5	3.319114	0.028289
test/pos/10003_8.txt	paxton	1	0.004878	5	3.319114	0.016191
train/neg/10016_4.txt	pay	1	0.007576	1	4.417727	0.033469
train/pos/10007_7.txt	pays	1	0.002278	1	4.417727	0.010064
test/pos/10008_8.txt	peasant	4	0.004167	1	4.417727	0.018409
test/pos/10008_8.txt	peasants	1	0.001042	1	4.417727	0.004603
train/neg/10005_3.txt	pencil	1	0.003058	1	4.417727	0.013509
train/pos/10007_7.txt	penned	1	0.002278	1	4.417727	0.010064
test/neg/10001_1.txt	people	2	0.008929	10	2.712979	0.024224
test/pos/10004_9.txt	people	1	0.003175	10	2.712979	0.008614
test/pos/10007_10.txt	people	3	0.017241	10	2.712979	0.046774
train/neg/10002_1.txt	people	3	0.019608	10	2.712979	0.053196
train/neg/10005_3.txt	people	2	0.006116	10	2.712979	0.016593
train/neg/10008_2.txt	people	1	0.003472	10	2.712979	0.009419
train/neg/10012_1.txt	people	2	0.011494	10	2.712979	0.031183
train/pos/10000_8.txt	people	2	0.004556	10	2.712979	0.012360
train/pos/10009_9.txt	people	2	0.007194	10	2.712979	0.019517
train/pos/10012_8.txt	people	1	0.006757	10	2.712979	0.018332
train/pos/10000_8.txt	pepto	1	0.002278	2	4.012262	0.009140
train/pos/10001_10.txt	pepto	1	0.006667	2	4.012262	0.026750
train/pos/10004_8.txt	per	1	0.005747	1	4.417727	0.025389
test/pos/10003_8.txt	perennial	1	0.004878	1	4.417727	0.021550
test/pos/10008_8.txt	perfect	1	0.001042	3	3.724580	0.003881
train/pos/10006_7.txt	perfect	1	0.002994	3	3.724580	0.011151
train/pos/10017_9.txt	perfect	1	0.006623	3	3.724580	0.024668
test/pos/10003_8.txt	performance	1	0.004878	7	3.031432	0.014787
train/neg/10010_3.txt	performance	1	0.009901	7	3.031432	0.030014
train/pos/10005_7.txt	performance	1	0.009434	7	3.031432	0.028599
train/pos/10007_7.txt	performance	3	0.006834	7	3.031432	0.020717
train/pos/10008_7.txt	performance	1	0.003086	7	3.031432	0.009355
train/pos/10012_8.txt	performance	1	0.006757	7	3.031432	0.020483
train/pos/10013_7.txt	performance	1	0.006173	7	3.031432	0.018713
test/neg/10002_3.txt	performances	1	0.003135	8	2.913649	0.009134
test/neg/10008_4.txt	performances	1	0.005988	8	2.913649	0.017447
test/pos/10003_8.txt	performances	1	0.004878	8	2.913649	0.014213
train/neg/10002_1.txt	performances	1	0.006536	8	2.913649	0.019044
train/neg/10009_1.txt	performances	1	0.002915	8	2.913649	0.008493
train/pos/10010_7.txt	performances	1	0.003534	8	2.913649	0.010297
train/pos/10011_9.txt	performances	1	0.004525	8	2.913649	0.013184
train/pos/10015_8.txt	performances	1	0.003040	8	2.913649	0.008857
train/pos/10004_8.txt	performing	1	0.005747	1	4.417727	0.025389
test/pos/10000_7.txt	perhaps	1	0.002841	4	3.501436	0.009948
test/pos/10008_8.txt	perhaps	1	0.001042	4	3.501436	0.003648
train/pos/10008_7.txt	perhaps	1	0.003086	4	3.501436	0.010805
train/pos/10010_7.txt	perhaps	1	0.003534	4	3.501436	0.012374
test/pos/10000_7.txt	period	1	0.002841	4	3.501436	0.009948
test/pos/10008_8.txt	period	1	0.001042	4	3.501436	0.003648
train/neg/10000_4.txt	period	1	0.001285	4	3.501436	0.004499
train/pos/10008_7.txt	period	1	0.003086	4	3.501436	0.010805
test/neg/10008_4.txt	perky	1	0.005988	1	4.417727	0.026453
train/pos/10014_8.txt	permanent	1	0.005155	1	4.417727	0.022773
train/neg/10003_1.txt	perpetual	1	0.002494	1	4.417727	0.011018
train/pos/10004_8.txt	person	1	0.005747	3	3.724580	0.021405
train/pos/10014_8.txt	person	2	0.010309	3	3.724580	0.038397
train/pos/10015_8.txt	person	1	0.003040	3	3.724580	0.011323
test/pos/10008_8.txt	personal	2	0.002083	2	4.012262	0.008358
train/pos/10015_8.txt	personal	1	0.003040	2	4.012262	0.012197
train/pos/10007_7.txt	personality	2	0.004556	1	4.417727	0.020127
train/pos/10015_8.txt	personally	1	0.003040	1	4.417727	0.013430
train/pos/10009_9.txt	personnel	1	0.003597	1	4.417727	0.015891
train/pos/10004_8.txt	perspective	1	0.005747	1	4.417727	0.025389
test/pos/10005_8.txt	perspectives	1	0.002907	1	4.417727	0.012842
train/pos/10006_7.txt	pete	1	0.002994	3	3.724580	0.011151
train/pos/10007_7.txt	pete	4	0.009112	3	3.724580	0.033938
train/pos/10015_8.txt	pete	3	0.009119	3	3.724580	0.033964
train/pos/10010_7.txt	peter	1	0.003534	1	4.417727	0.015612
train/pos/0_9.txt	pettiness	1	0.007143	1	4.417727	0.031556
train/pos/10010_7.txt	phenomenon	1	0.003534	1	4.417727	0.015612
train/neg/10000_4.txt	philip	1	0.001285	1	4.417727	0.005677
train/pos/10017_9.txt	phone	1	0.006623	1	4.417727	0.029259
test/neg/10007_4.txt	phones	1	0.007752	1	4.417727	0.034246
test/pos/10008_8.txt	phony	1	0.001042	1	4.417727	0.004603
train/pos/10008_7.txt	photo	1	0.003086	2	4.012262	0.012382
train/pos/10009_9.txt	photo	1	0.003597	2	4.012262	0.014432
test/pos/10001_9.txt	photographed	1	0.004049	1	4.417727	0.017887
train/neg/10002_1.txt	photographic	1	0.006536	1	4.417727	0.028874
train/pos/1000_8.txt	photography	1	0.011905	1	4.417727	0.052593
train/pos/10006_7.txt	physical	1	0.002994	2	4.012262	0.012013
train/pos/10007_7.txt	physical	1	0.002278	2	4.012262	0.009140
test/pos/10008_8.txt	physicality	1	0.001042	1	4.417727	0.004603
train/pos/10008_7.txt	physically	1	0.003086	1	4.417727	0.013633
test/pos/10000_7.txt	pick	1	0.002841	3	3.724580	0.010582
train/neg/10000_4.txt	pick	1	0.001285	3	3.724580	0.004786
train/neg/10013_1.txt	pick	1	0.007463	3	3.724580	0.027797
test/pos/10008_8.txt	picking	1	0.001042	1	4.417727	0.004603
test/pos/10008_8.txt	picnics	1	0.001042	1	4.417727	0.004603
test/neg/10003_3.txt	picture	1	0.004219	3	3.724580	0.015714
test/pos/10004_9.txt	picture	2	0.006349	3	3.724580	0.023647
train/neg/10013_1.txt	picture	1	0.007463	3	3.724580	0.027797
test/neg/10003_3.txt	pictures	2	0.008439	4	3.501436	0.029549
test/pos/10004_9.txt	pictures	1	0.003175	4	3.501436	0.011117
train/neg/10008_2.txt	pictures	1	0.003472	4	3.501436	0.012157
train/pos/10000_8.txt	pictures	1	0.002278	4	3.501436	0.007976
test/pos/10000_7.txt	piece	1	0.002841	4	3.501436	0.009948
train/neg/10003_1.txt	piece	2	0.004988	4	3.501436	0.017465
train/pos/10007_7.txt	piece	1	0.002278	4	3.501436	0.007976
train/pos/10009_9.txt	piece	1	0.003597	4	3.501436	0.012595
train/neg/10000_4.txt	pieces	1	0.001285	1	4.417727	0.005677
train/neg/0_3.txt	pig	1	0.008772	1	4.417727	0.038752
train/neg/10000_4.txt	pilot	1	0.001285	1	4.417727	0.005677
test/pos/10004_9.txt	pipes	1	0.003175	1	4.417727	0.014026
test/neg/10002_3.txt	pistol	1	0.003135	1	4.417727	0.013850
test/neg/10008_4.txt	pithy	1	0.005988	1	4.417727	0.026453
test/neg/10006_2.txt	pity	1	0.006944	2	4.012262	0.027861
train/pos/0_9.txt	pity	1	0.007143	2	4.012262	0.028660
test/neg/10002_3.txt	pizza	1	0.003135	1	4.417727	0.013850
train/neg/10000_4.txt	place	1	0.001285	2	4.012262	0.005156
train/neg/10017_4.txt	place	2	0.011050	2	4.012262	0.044335
train/neg/10011_3.txt	plain	1	0.007246	2	4.012262	0.029073
train/neg/10012_1.txt	plain	1	0.005747	2	4.012262	0.023058
train/neg/10000_4.txt	plan	1	0.001285	2	4.012262	0.005156
train/pos/10000_8.txt	plan	1	0.002278	2	4.012262	0.009140
train/neg/10000_4.txt	plane	7	0.008997	1	4.417727	0.039746
train/neg/10000_4.txt	planned	1	0.001285	1	4.417727	0.005677
train/pos/10006_7.txt	planning	1	0.002994	1	4.417727	0.013227
train/pos/10007_7.txt	planted	1	0.002278	1	4.417727	0.010064
test/neg/10002_3.txt	platforms	1	0.003135	1	4.417727	0.013850
train/neg/10003_1.txt	platitudes	1	0.002494	1	4.417727	0.011018
test/neg/10000_4.txt	play	1	0.004149	8	2.913649	0.012089
test/neg/10007_4.txt	play	1	0.007752	8	2.913649	0.022587
test/pos/10000_7.txt	play	1	0.002841	8	2.913649	0.008278
test/pos/10004_9.txt	play	1	0.003175	8	2.913649	0.009251
test/pos/10005_8.txt	play	2	0.005814	8	2.913649	0.016940
train/neg/10001_4.txt	play	1	0.007042	8	2.913649	0.020518
train/neg/10005_3.txt	play	1	0.003058	8	2.913649	0.008910
train/pos/10008_7.txt	play	1	0.003086	8	2.913649	0.008992
test/pos/0_10.txt	played	2	0.013072	9	2.808289	0.036710
test/pos/10000_7.txt	played	1	0.002841	9	2.808289	0.007978
test/pos/10004_9.txt	played	1	0.003175	9	2.808289	0.008916
test/pos/10006_7.txt	played	1	0.006993	9	2.808289	0.019638
train/neg/10008_2.txt	played	1	0.003472	9	2.808289	0.009750
train/neg/10009_1.txt	played	1	0.002915	9	2.808289	0.008186
train/neg/10015_2.txt	played	1	0.011494	9	2.808289	0.032278
train/pos/10003_8.txt	played	1	0.008264	9	2.808289	0.023208
train/pos/10011_9.txt	played	1	0.004525	9	2.808289	0.012708
test/pos/10000_7.txt	players	1	0.002841	2	4.012262	0.011399
train/pos/10009_9.txt	players	1	0.003597	2	4.012262	0.014432
test/neg/10000_4.txt	playing	1	0.004149	4	3.501436	0.014527
test/neg/10002_3.txt	playing	1	0.003135	4	3.501436	0.010977
test/neg/10008_4.txt	playing	1	0.005988	4	3.501436	0.020967
test/pos/10006_7.txt	playing	1	0.006993	4	3.501436	0.024486
test/neg/10003_3.txt	plays	1	0.004219	6	3.164964	0.013353
test/pos/10007_10.txt	plays	1	0.005747	6	3.164964	0.018189
train/neg/10009_1.txt	plays	2	0.005831	6	3.164964	0.018455
train/pos/10000_8.txt	plays	1	0.002278	6	3.164964	0.007210
train/pos/10004_8.txt	plays	1	0.005747	6	3.164964	0.018189
train/pos/10010_7.txt	plays	1	0.003534	6	3.164964	0.011185
train/pos/10009_9.txt	please	1	0.003597	1	4.417727	0.015891
test/pos/10001_9.txt	pleased	1	0.004049	1	4.417727	0.017887
test/pos/10003_8.txt	pleasures	1	0.004878	1	4.417727	0.021550
train/neg/10000_4.txt	plenty	1	0.001285	1	4.417727	0.005677
test/neg/10001_1.txt	plot	1	0.004464	14	2.402824	0.010726
test/neg/10002_3.txt	plot	1	0.003135	14	2.402824	0.007533
test/pos/10000_7.txt	plot	1	0.002841	14	2.402824	0.006826
train/neg/10000_4.txt	plot	2	0.002571	14	2.402824	0.006178
train/neg/10005_3.txt	plot	1	0.003058	14	2.402824	0.007348
train/neg/1000_4.txt	plot	2	0.013699	14	2.402824	0.032916
train/neg/10010_3.txt	plot	2	0.019802	14	2.402824	0.047581
train/neg/10011_3.txt	plot	1	0.007246	14	2.402824	0.017411
train/neg/10013_1.txt	plot	2	0.014925	14	2.402824	0.035862
train/neg/10015_2.txt	plot	1	0.011494	14	2.402824	0.027618
train/pos/10000_8.txt	plot	1	0.002278	14	2.402824	0.005474
train/pos/10003_8.txt	plot	1	0.008264	14	2.402824	0.019857
train/pos/10005_7.txt	plot	1	0.009434	14	2.402824	0.022668
train/pos/10015_8.txt	plot	2	0.006079	14	2.402824	0.014607
test/neg/10006_2.txt	plots	1	0.006944	1	4.417727	0.030677
train/pos/10012_8.txt	plus	1	0.006757	1	4.417727	0.029851
test/neg/10005_2.txt	pochath	1	0.006135	1	4.417727	0.027103
train/neg/10005_3.txt	poem	2	0.006116	1	4.417727	0.027019
test/pos/10008_8.txt	poignant	1	0.001042	1	4.417727	0.004603
test/neg/0_2.txt	point	1	0.005848	6	3.164964	0.018509
test/neg/10002_3.txt	point	1	0.003135	6	3.164964	0.009922
test/pos/10005_8.txt	point	2	0.005814	6	3.164964	0.018401
train/neg/10003_1.txt	point	2	0.004988	6	3.164964	0.015787
train/neg/10005_3.txt	point	1	0.003058	6	3.164964	0.009678
train/neg/10012_1.txt	point	1	0.005747	6	3.164964	0.018189
test/neg/10001_1.txt	pointless	1	0.004464	1	4.417727	0.019721
test/pos/10005_8.txt	points	1	0.002907	2	4.012262	0.011664
train/pos/10017_9.txt	points	1	0.006623	2	4.012262	0.026573
test/neg/10008_4.txt	policy	1	0.005988	1	4.417727	0.026453
train/neg/10005_3.txt	polite	1	0.003058	1	4.417727	0.013509
train/pos/0_9.txt	pomp	1	0.007143	1	4.417727	0.031556
train/neg/10003_1.txt	ponderous	1	0.002494	1	4.417727	0.011018
test/pos/10001_9.txt	pool	1	0.004049	1	4.417727	0.017887
test/neg/10006_2.txt	poor	1	0.006944	4	3.501436	0.024314
train/neg/10005_3.txt	poor	1	0.003058	4	3.501436	0.010707
train/neg/10008_2.txt	poor	1	0.003472	4	3.501436	0.012157
train/neg/10011_3.txt	poor	1	0.007246	4	3.501436	0.025371
train/pos/10010_7.txt	pop	1	0.003534	1	4.417727	0.015612
train/neg/10009_1.txt	popsicle	1	0.002915	1	4.417727	0.012878
train/neg/10000_4.txt	popular	1	0.001285	3	3.724580	0.004786
train/pos/10010_7.txt	popular	1	0.003534	3	3.724580	0.013163
train/pos/10015_8.txt	popular	1	0.003040	3	3.724580	0.011323
test/pos/10007_10.txt	portray	1	0.005747	1	4.417727	0.025389
train/pos/10014_8.txt	portrayal	1	0.005155	2	4.012262	0.020683
train/pos/10016_8.txt	portrayal	1	0.007812	2	4.012262	0.031344
train/pos/10008_7.txt	portrayed	1	0.003086	2	4.012262	0.012382
train/pos/1000_8.txt	portrayed	1	0.011905	2	4.012262	0.047766
test/pos/10005_8.txt	pose	1	0.002907	1	4.417727	0.012842
train/neg/10000_4.txt	poseidon	1	0.001285	1	4.417727	0.005677
test/pos/10008_8.txt	positioning	1	0.001042	1	4.417727	0.004603
test/pos/10004_9.txt	positive	1	0.003175	2	4.012262	0.012739
train/neg/10007_1.txt	positive	1	0.014706	2	4.012262	0.059004
train/pos/10006_7.txt	possibly	1	0.002994	2	4.012262	0.012013
train/pos/10007_7.txt	possibly	1	0.002278	2	4.012262	0.009140
test/pos/10008_8.txt	poster	2	0.002083	1	4.417727	0.009202
train/pos/10007_7.txt	pot	1	0.002278	1	4.417727	0.010064
train/neg/10006_4.txt	potentially	1	0.006289	1	4.417727	0.027783
train/neg/10010_3.txt	power	1	0.009901	1	4.417727	0.043740
train/neg/10011_3.txt	powerful	1	0.007246	1	4.417727	0.032011
test/neg/10000_4.txt	practically	1	0.004149	1	4.417727	0.018329
test/pos/10008_8.txt	pre	1	0.001042	2	4.012262	0.004181
train/neg/10017_4.txt	pre	1	0.005525	2	4.012262	0.022168
train/neg/10000_4.txt	predecessors	1	0.001285	1	4.417727	0.005677
train/neg/10006_4.txt	predictable	1	0.006289	5	3.319114	0.020874
train/neg/10010_3.txt	predictable	1	0.009901	5	3.319114	0.032863
train/pos/10007_7.txt	predictable	1	0.002278	5	3.319114	0.007561
train/pos/10012_8.txt	predictable	1	0.006757	5	3.319114	0.022427
train/pos/10014_8.txt	predictable	1	0.005155	5	3.319114	0.017110
train/neg/10000_4.txt	preferring	1	0.001285	1	4.417727	0.005677
test/pos/10003_8.txt	prejudices	2	0.009756	1	4.417727	0.043099
train/pos/10004_8.txt	premise	1	0.005747	3	3.724580	0.021405
train/pos/10010_7.txt	premise	1	0.003534	3	3.724580	0.013163
train/pos/10016_8.txt	premise	1	0.007812	3	3.724580	0.029096
train/neg/10000_4.txt	preparation	1	0.001285	1	4.417727	0.005677
test/pos/10004_9.txt	prepared	1	0.003175	3	3.724580	0.011826
train/pos/10008_7.txt	prepared	1	0.003086	3	3.724580	0.011494
train/pos/10015_8.txt	prepared	1	0.003040	3	3.724580	0.011323
test/pos/10008_8.txt	presence	1	0.001042	2	4.012262	0.004181
train/pos/10009_9.txt	presence	1	0.003597	2	4.012262	0.014432
test/neg/10001_1.txt	pressed	1	0.004464	1	4.417727	0.019721
test/pos/10000_7.txt	pressure	1	0.002841	1	4.417727	0.012551
train/neg/10017_4.txt	pressures	1	0.005525	1	4.417727	0.024408
train/pos/10000_8.txt	pressuring	1	0.002278	1	4.417727	0.010064
test/pos/10005_8.txt	presume	1	0.002907	1	4.417727	0.012842
train/neg/10003_1.txt	pretend	1	0.002494	1	4.417727	0.011018
test/neg/10003_3.txt	pretense	1	0.004219	1	4.417727	0.018638
train/neg/10004_3.txt	pretensions	1	0.009615	1	4.417727	0.042476
train/neg/10003_1.txt	pretentious	1	0.002494	2	4.012262	0.010007
train/neg/10004_3.txt	pretentious	1	0.009615	2	4.012262	0.038578
test/neg/10001_1.txt	pretty	1	0.004464	5	3.319114	0.014817
train/neg/10000_4.txt	pretty	1	0.001285	5	3.319114	0.004265
train/neg/10005_3.txt	pretty	1	0.003058	5	3.319114	0.010150
train/neg/10010_3.txt	pretty	1	0.009901	5	3.319114	0.032863
train/pos/10004_8.txt	pretty	1	0.005747	5	3.319114	0.019075
test/pos/10001_9.txt	prevents	1	0.004049	1	4.417727	0.017887
test/pos/10002_8.txt	preview	1	0.007812	2	4.012262	0.031344
train/pos/10016_8.txt	preview	1	0.007812	2	4.012262	0.031344
train/pos/10011_9.txt	previews	1	0.004525	1	4.417727	0.019990
train/pos/10013_7.txt	previous	1	0.006173	1	4.417727	0.027271
train/pos/10003_8.txt	price	1	0.008264	1	4.417727	0.036508
test/pos/10008_8.txt	pride	1	0.001042	2	4.012262	0.004181
train/neg/10000_4.txt	pride	1	0.001285	2	4.012262	0.005156
train/neg/10001_4.txt	princess	1	0.007042	1	4.417727	0.031110
test/neg/0_2.txt	prior	1	0.005848	2	4.012262	0.023464
train/pos/10000_8.txt	prior	1	0.002278	2	4.012262	0.009140
train/neg/10008_2.txt	prisons	1	0.003472	1	4.417727	0.015338
train/neg/10008_2.txt	private	2	0.006944	1	4.417727	0.030677
train/neg/1000_4.txt	probably	1	0.006849	8	2.913649	0.019956
train/neg/10012_1.txt	probably	1	0.005747	8	2.913649	0.016745
train/pos/10003_8.txt	probably	1	0.008264	8	2.913649	0.024078
train/pos/10005_7.txt	probably	1	0.009434	8	2.913649	0.027487
train/pos/10008_7.txt	probably	2	0.006173	8	2.913649	0.017986
train/pos/10009_9.txt	probably	1	0.003597	8	2.913649	0.010480
train/pos/10012_8.txt	probably	1	0.006757	8	2.913649	0.019688
train/pos/10016_8.txt	probably	1	0.007812	8	2.913649	0.022761
test/neg/0_2.txt	problem	1	0.005848	3	3.724580	0.021781
test/neg/10001_1.txt	problem	1	0.004464	3	3.724580	0.016627
test/pos/10007_10.txt	problem	1	0.005747	3	3.724580	0.021405
train/neg/10000_4.txt	problems	1	0.001285	2	4.012262	0.005156
train/pos/10013_7.txt	problems	1	0.006173	2	4.012262	0.024768
test/pos/10000_7.txt	proceedings	1	0.002841	1	4.417727	0.012551
train/neg/10009_1.txt	process	1	0.002915	1	4.417727	0.012878
train/neg/10012_1.txt	producers	1	0.005747	1	4.417727	0.025389
train/neg/10007_1.txt	produces	1	0.014706	1	4.417727	0.064967
test/neg/10007_4.txt	production	1	0.007752	3	3.724580	0.028873
train/neg/10000_4.txt	production	2	0.002571	3	3.724580	0.009576
train/pos/10016_8.txt	production	1	0.007812	3	3.724580	0.029096
test/neg/10001_1.txt	profession	1	0.004464	2	4.012262	0.017911
train/pos/0_9.txt	profession	1	0.007143	2	4.012262	0.028660
test/pos/0_10.txt	professionalism	1	0.006536	1	4.417727	0.028874
test/pos/10003_8.txt	profound	1	0.004878	1	4.417727	0.021550
train/pos/0_9.txt	programs	1	0.007143	1	4.417727	0.031556
train/pos/10000_8.txt	project	1	0.002278	1	4.417727	0.010064
test/pos/10008_8.txt	projects	1	0.001042	1	4.417727	0.004603
test/pos/10000_7.txt	promising	1	0.002841	1	4.417727	0.012551
train/neg/10003_1.txt	promoting	1	0.002494	1	4.417727	0.011018
train/pos/10014_8.txt	prompts	1	0.005155	1	4.417727	0.022773
train/neg/10003_1.txt	pronounced	1	0.002494	1	4.417727	0.011018
test/pos/10000_7.txt	propel	1	0.002841	1	4.417727	0.012551
train/neg/10000_4.txt	properly	1	0.001285	2	4.012262	0.005156
train/neg/10009_1.txt	properly	1	0.002915	2	4.012262	0.011696
train/neg/10003_1.txt	prose	1	0.002494	1	4.417727	0.011018
train/pos/10010_7.txt	prove	1	0.003534	1	4.417727	0.015612
test/neg/10000_4.txt	proven	1	0.004149	1	4.417727	0.018329
test/neg/10002_3.txt	provoking	1	0.003135	1	4.417727	0.013850
train/neg/10003_1.txt	prozac	1	0.002494	1	4.417727	0.011018
train/pos/10010_7.txt	psychiatrists	1	0.003534	1	4.417727	0.015612
train/pos/10006_7.txt	psycho	1	0.002994	1	4.417727	0.013227
test/pos/10000_7.txt	psychological	1	0.002841	4	3.501436	0.009948
test/pos/10001_9.txt	psychological	1	0.004049	4	3.501436	0.014177
train/neg/10003_1.txt	psychological	2	0.004988	4	3.501436	0.017465
train/pos/10006_7.txt	psychological	1	0.002994	4	3.501436	0.010483
train/pos/10010_7.txt	psychologists	1	0.003534	1	4.417727	0.015612
train/neg/10000_4.txt	public	1	0.001285	1	4.417727	0.005677
train/pos/10002_7.txt	pull	1	0.008065	1	4.417727	0.035629
train/pos/10011_9.txt	punched	1	0.004525	1	4.417727	0.019990
test/pos/10008_8.txt	punctuate	1	0.001042	1	4.417727	0.004603
train/neg/10016_4.txt	pure	1	0.007576	2	4.012262	0.030397
train/pos/10010_7.txt	pure	1	0.003534	2	4.012262	0.014179
test/pos/10001_9.txt	pursue	1	0.004049	1	4.417727	0.017887
train/neg/10001_4.txt	put	1	0.007042	2	4.012262	0.028254
train/pos/10017_9.txt	put	1	0.006623	2	4.012262	0.026573
test/neg/10003_3.txt	puts	1	0.004219	2	4.012262	0.016928
test/pos/10000_7.txt	puts	1	0.002841	2	4.012262	0.011399
train/neg/0_3.txt	putting	1	0.008772	1	4.417727	0.038752
train/pos/10010_7.txt	pyschosis	1	0.003534	1	4.417727	0.015612
train/neg/10008_2.txt	q	1	0.003472	1	4.417727	0.015338
test/neg/10003_3.txt	qualities	2	0.008439	2	4.012262	0.033859
test/pos/10006_7.txt	qualities	1	0.006993	2	4.012262	0.028058
train/pos/10009_9.txt	quality	1	0.003597	1	4.417727	0.015891
train/neg/10016_4.txt	quentin	1	0.007576	1	4.417727	0.033469
train/neg/10003_1.txt	quest	1	0.002494	1	4.417727	0.011018
train/pos/10006_7.txt	question	1	0.002994	1	4.417727	0.013227
test/pos/10006_7.txt	questions	1	0.006993	2	4.012262	0.028058
train/pos/10006_7.txt	questions	1	0.002994	2	4.012262	0.012013
train/pos/10011_9.txt	quibble	1	0.004525	1	4.417727	0.019990
train/neg/10008_2.txt	quick	1	0.003472	2	4.012262	0.013931
train/pos/10008_7.txt	quick	1	0.003086	2	4.012262	0.012382
test/neg/10002_3.txt	quickly	1	0.003135	1	4.417727	0.013850
train/neg/10005_3.txt	quietly	1	0.003058	1	4.417727	0.013509
train/neg/10000_4.txt	quinlan	1	0.001285	1	4.417727	0.005677
test/neg/10006_2.txt	quirky	1	0.006944	2	4.012262	0.027861
train/pos/10004_8.txt	quirky	1	0.005747	2	4.012262	0.023058
test/pos/10007_10.txt	quit	1	0.005747	1	4.417727	0.025389
test/neg/10000_4.txt	quite	1	0.004149	5	3.319114	0.013771
test/neg/10008_4.txt	quite	1	0.005988	5	3.319114	0.019875
test/pos/10006_7.txt	quite	1	0.006993	5	3.319114	0.023211
train/neg/10005_3.txt	quite	1	0.003058	5	3.319114	0.010150
train/pos/10001_10.txt	quite	1	0.006667	5	3.319114	0.022129
test/pos/10005_8.txt	quitting	1	0.002907	2	4.012262	0.011664
test/pos/10008_8.txt	quitting	1	0.001042	2	4.012262	0.004181
train/neg/10005_3.txt	quotations	1	0.003058	1	4.417727	0.013509
train/neg/10006_4.txt	r	1	0.006289	2	4.012262	0.025233
train/neg/10009_1.txt	r	1	0.002915	2	4.012262	0.011696
test/neg/10006_2.txt	rabid	1	0.006944	1	4.417727	0.030677
train/neg/10017_4.txt	race	2	0.011050	1	4.417727	0.048816
train/neg/10017_4.txt	racing	1	0.005525	1	4.417727	0.024408
train/pos/10000_8.txt	racism	1	0.002278	1	4.417727	0.010064
train/neg/10009_1.txt	rack	1	0.002915	1	4.417727	0.012878
train/pos/10007_7.txt	radio	1	0.002278	4	3.501436	0.007976
train/pos/10010_7.txt	radio	1	0.003534	4	3.501436	0.012374
train/pos/10014_8.txt	radio	1	0.005155	4	3.501436	0.018050
train/pos/10015_8.txt	radio	1	0.003040	4	3.501436	0.010644
test/pos/10008_8.txt	rage	1	0.001042	1	4.417727	0.004603
test/pos/10000_7.txt	rain	1	0.002841	3	3.724580	0.010582
test/pos/10004_9.txt	rain	1	0.003175	3	3.724580	0.011826
test/pos/10008_8.txt	rain	1	0.001042	3	3.724580	0.003881
train/pos/10014_8.txt	raises	1	0.005155	1	4.417727	0.022773
train/pos/0_9.txt	ran	1	0.007143	1	4.417727	0.031556
test/neg/10008_4.txt	ranchers	1	0.005988	1	4.417727	0.026453
test/pos/0_10.txt	randall	1	0.006536	1	4.417727	0.028874
train/neg/10008_2.txt	rang	1	0.003472	1	4.417727	0.015338
test/neg/10003_3.txt	range	1	0.004219	1	4.417727	0.018638
train/neg/10013_1.txt	rap	1	0.007463	1	4.417727	0.032969
test/neg/10002_3.txt	rapper	1	0.003135	1	4.417727	0.013850
test/neg/10001_1.txt	rappers	2	0.008929	2	4.012262	0.035825
test/neg/10002_3.txt	rappers	1	0.003135	2	4.012262	0.012578
test/pos/10008_8.txt	rare	1	0.001042	1	4.417727	0.004603
train/neg/10005_3.txt	rarely	1	0.003058	1	4.417727	0.013509
test/neg/10000_4.txt	rate	1	0.004149	1	4.417727	0.018329
train/pos/10003_8.txt	rated	1	0.008264	1	4.417727	0.036508
train/pos/10004_8.txt	rates	1	0.005747	1	4.417727	0.025389
test/neg/10003_3.txt	rather	1	0.004219	4	3.501436	0.014773
train/neg/10000_4.txt	rather	1	0.001285	4	3.501436	0.004499
train/pos/10011_9.txt	rather	1	0.004525	4	3.501436	0.015844
train/pos/10015_8.txt	rather	1	0.003040	4	3.501436	0.010644
train/neg/10006_4.txt	rating	1	0.006289	1	4.417727	0.027783
train/pos/10007_7.txt	rattle	1	0.002278	1	4.417727	0.010064
train/neg/10000_4.txt	razzie	1	0.001285	1	4.417727	0.005677
test/neg/10001_1.txt	re	2	0.008929	7	3.031432	0.027068
test/neg/10006_2.txt	re	1	0.006944	7	3.031432	0.021050
test/pos/10007_10.txt	re	1	0.005747	7	3.031432	0.017422
test/pos/10008_8.txt	re	1	0.001042	7	3.031432	0.003159
train/neg/10003_1.txt	re	1	0.002494	7	3.031432	0.007560
train/pos/10000_8.txt	re	1	0.002278	7	3.031432	0.006906
train/pos/10006_7.txt	re	1	0.002994	7	3.031432	0.009076
train/pos/10006_7.txt	reach	1	0.002994	1	4.417727	0.013227
train/pos/10013_7.txt	reached	2	0.012346	1	4.417727	0.054541
train/pos/10010_7.txt	reaches	1	0.003534	1	4.417727	0.015612
train/pos/10000_8.txt	reaching	1	0.002278	1	4.417727	0.010064
test/neg/10007_4.txt	read	1	0.007752	7	3.031432	0.023500
train/neg/10005_3.txt	read	1	0.003058	7	3.031432	0.009270
train/pos/10007_7.txt	read	1	0.002278	7	3.031432	0.006906
train/pos/10008_7.txt	read	2	0.006173	7	3.031432	0.018713
train/pos/10009_9.txt	read	1	0.003597	7	3.031432	0.010904
train/pos/10014_8.txt	read	1	0.005155	7	3.031432	0.015627
train/pos/10017_9.txt	read	1	0.006623	7	3.031432	0.020077
test/pos/10008_8.txt	readily	1	0.001042	1	4.417727	0.004603
test/pos/10005_8.txt	reading	1	0.002907	3	3.724580	0.010827
train/pos/10006_7.txt	reading	1	0.002994	3	3.724580	0.011151
train/pos/10010_7.txt	reading	1	0.003534	3	3.724580	0.013163
train/pos/10007_7.txt	reads	1	0.002278	1	4.417727	0.010064
test/neg/10000_4.txt	real	1	0.004149	9	2.808289	0.011652
test/neg/10001_1.txt	real	1	0.004464	9	2.808289	0.012536
test/pos/10007_10.txt	real	3	0.017241	9	2.808289	0.048418
test/pos/10008_8.txt	real	4	0.004167	9	2.808289	0.011702
train/neg/10000_4.txt	real	1	0.001285	9	2.808289	0.003609
train/neg/10009_1.txt	real	1	0.002915	9	2.808289	0.008186
train/pos/10004_8.txt	real	1	0.005747	9	2.808289	0.016139
train/pos/10007_7.txt	real	1	0.002278	9	2.808289	0.006397
train/pos/10015_8.txt	real	1	0.003040	9	2.808289	0.008537
test/pos/10008_8.txt	realistic	1	0.001042	3	3.724580	0.003881
train/neg/10010_3.txt	realistic	1	0.009901	3	3.724580	0.036877
train/pos/10002_7.txt	realistic	3	0.024194	3	3.724580	0.090112
train/pos/0_9.txt	reality	1	0.007143	3	3.724580	0.026605
train/pos/10007_7.txt	reality	1	0.002278	3	3.724580	0.008485
train/pos/10013_7.txt	reality	1	0.006173	3	3.724580	0.022992
test/pos/10002_8.txt	realize	1	0.007812	1	4.417727	0.034511
test/neg/0_2.txt	realized	1	0.005848	1	4.417727	0.025835
test/neg/0_2.txt	really	1	0.005848	12	2.545925	0.014889
test/neg/10000_4.txt	really	2	0.008299	12	2.545925	0.021129
test/neg/10003_3.txt	really	3	0.012658	12	2.545925	0.032226
test/neg/10006_2.txt	really	2	0.013889	12	2.545925	0.035360
test/pos/10001_9.txt	really	1	0.004049	12	2.545925	0.010308
test/pos/10002_8.txt	really	1	0.007812	12	2.545925	0.019889
test/pos/10006_7.txt	really	1	0.006993	12	2.545925	0.017804
train/neg/10002_1.txt	really	1	0.006536	12	2.545925	0.016640
train/neg/10006_4.txt	really	1	0.006289	12	2.545925	0.016011
train/neg/10008_2.txt	really	5	0.017361	12	2.545925	0.044200
train/neg/10009_1.txt	really	1	0.002915	12	2.545925	0.007421
train/pos/10006_7.txt	really	1	0.002994	12	2.545925	0.007622
train/pos/10010_7.txt	realm	1	0.003534	1	4.417727	0.015612
test/neg/10003_3.txt	reason	1	0.004219	4	3.501436	0.014773
train/neg/10003_1.txt	reason	1	0.002494	4	3.501436	0.008733
train/neg/10004_3.txt	reason	1	0.009615	4	3.501436	0.033666
train/neg/10009_1.txt	reason	1	0.002915	4	3.501436	0.010207
train/neg/10000_4.txt	reasons	1	0.001285	1	4.417727	0.005677
train/pos/0_9.txt	recalled	1	0.007143	1	4.417727	0.031556
test/pos/10008_8.txt	recede	1	0.001042	1	4.417727	0.004603
train/pos/10004_8.txt	recent	1	0.005747	1	4.417727	0.025389
test/pos/10000_7.txt	recently	1	0.002841	2	4.012262	0.011399
train/neg/10003_1.txt	recently	1	0.002494	2	4.012262	0.010007
test/pos/10008_8.txt	recipe	1	0.001042	1	4.417727	0.004603
train/neg/10000_4.txt	reckon	2	0.002571	1	4.417727	0.011358
test/pos/10008_8.txt	recognizable	1	0.001042	1	4.417727	0.004603
train/neg/10008_2.txt	recognized	1	0.003472	1	4.417727	0.015338
test/pos/10001_9.txt	recognizes	1	0.004049	1	4.417727	0.017887
test/pos/10002_8.txt	recommend	1	0.007812	4	3.501436	0.027353
train/neg/10003_1.txt	recommend	1	0.002494	4	3.501436	0.008733
train/pos/10008_7.txt	recommend	1	0.003086	4	3.501436	0.010805
train/pos/10016_8.txt	recommend	1	0.007812	4	3.501436	0.027353
test/pos/10005_8.txt	recommended	1	0.002907	2	4.012262	0.011664
train/pos/10014_8.txt	recommended	1	0.005155	2	4.012262	0.020683
test/neg/10002_3.txt	recounting	1	0.003135	1	4.417727	0.013850
test/pos/10001_9.txt	recreational	1	0.004049	1	4.417727	0.017887
test/neg/10002_3.txt	red	1	0.003135	2	4.012262	0.012578
train/neg/10002_1.txt	red	1	0.006536	2	4.012262	0.026224
test/pos/10008_8.txt	redecorated	1	0.001042	1	4.417727	0.004603
train/neg/10009_1.txt	redeem	1	0.002915	1	4.417727	0.012878
test/pos/10006_7.txt	reek	1	0.006993	1	4.417727	0.030893
train/neg/10005_3.txt	reference	1	0.003058	1	4.417727	0.013509
test/pos/10008_8.txt	reflect	1	0.001042	1	4.417727	0.004603
train/neg/10014_2.txt	reflection	1	0.014925	1	4.417727	0.065935
test/neg/10000_4.txt	refreshing	1	0.004149	2	4.012262	0.016647
train/pos/10011_9.txt	refreshing	1	0.004525	2	4.012262	0.018155
test/pos/10008_8.txt	refusal	1	0.001042	1	4.417727	0.004603
test/pos/10008_8.txt	refusing	1	0.001042	1	4.417727	0.004603
test/pos/10006_7.txt	regarding	1	0.006993	1	4.417727	0.030893
test/neg/10002_3.txt	regional	1	0.003135	1	4.417727	0.013850
train/neg/10013_1.txt	regrettably	1	0.007463	1	4.417727	0.032969
test/pos/10008_8.txt	rehab	1	0.001042	1	4.417727	0.004603
test/pos/10008_8.txt	rejection	1	0.001042	1	4.417727	0.004603
train/pos/10016_8.txt	relate	1	0.007812	2	4.012262	0.031344
train/pos/10017_9.txt	relate	1	0.006623	2	4.012262	0.026573
train/neg/10010_3.txt	related	1	0.009901	1	4.417727	0.043740
train/pos/10006_7.txt	relationship	1	0.002994	1	4.417727	0.013227
test/pos/10006_7.txt	relationships	1	0.006993	2	4.012262	0.028058
train/neg/10006_4.txt	relationships	1	0.006289	2	4.012262	0.025233
train/pos/10008_7.txt	release	1	0.003086	2	4.012262	0.012382
train/pos/10011_9.txt	release	1	0.004525	2	4.012262	0.018155
test/pos/10008_8.txt	released	1	0.001042	1	4.417727	0.004603
train/neg/10003_1.txt	relevance	1	0.002494	1	4.417727	0.011018
train/neg/10003_1.txt	relief	1	0.002494	1	4.417727	0.011018
test/pos/0_10.txt	reluctant	1	0.006536	1	4.417727	0.028874
test/neg/10003_3.txt	remake	1	0.004219	1	4.417727	0.018638
train/pos/10010_7.txt	remedy	1	0.003534	1	4.417727	0.015612
test/pos/10004_9.txt	remember	1	0.003175	2	4.012262	0.012739
test/pos/10005_8.txt	remember	1	0.002907	2	4.012262	0.011664
train/neg/10003_1.txt	remind	1	0.002494	2	4.012262	0.010007
train/pos/0_9.txt	remind	1	0.007143	2	4.012262	0.028660
train/pos/10009_9.txt	reminded	1	0.003597	1	4.417727	0.015891
train/neg/10005_3.txt	reminding	1	0.003058	1	4.417727	0.013509
test/neg/10003_3.txt	reminiscent	1	0.004219	1	4.417727	0.018638
train/neg/10012_1.txt	rent	2	0.011494	4	3.501436	0.040246
train/neg/10015_2.txt	rent	1	0.011494	4	3.501436	0.040246
train/neg/10016_4.txt	rent	1	0.007576	4	3.501436	0.026527
train/pos/10003_8.txt	rent	1	0.008264	4	3.501436	0.028936
test/neg/10005_2.txt	repeated	1	0.006135	1	4.417727	0.027103
train/pos/0_9.txt	repeatedly	1	0.007143	1	4.417727	0.031556
test/pos/10008_8.txt	repeats	1	0.001042	1	4.417727	0.004603
train/pos/10007_7.txt	repetitive	1	0.002278	1	4.417727	0.010064
train/neg/10016_4.txt	rephrase	1	0.007576	1	4.417727	0.033469
test/pos/10008_8.txt	replace	1	0.001042	1	4.417727	0.004603
test/neg/10008_4.txt	replacement	1	0.005988	1	4.417727	0.026453
test/pos/10008_8.txt	replaces	1	0.001042	1	4.417727	0.004603
test/pos/10008_8.txt	replies	1	0.001042	1	4.417727	0.004603
train/pos/10004_8.txt	report	1	0.005747	1	4.417727	0.025389
train/pos/10008_7.txt	reports	1	0.003086	1	4.417727	0.013633
train/pos/10009_9.txt	request	1	0.003597	1	4.417727	0.015891
test/pos/10008_8.txt	requisite	2	0.002083	1	4.417727	0.009202
test/neg/0_2.txt	rescue	1	0.005848	2	4.012262	0.023464
train/neg/10000_4.txt	rescue	1	0.001285	2	4.012262	0.005156
train/pos/10007_7.txt	rescued	1	0.002278	1	4.417727	0.010064
test/pos/10008_8.txt	resistance	1	0.001042	1	4.417727	0.004603
train/neg/10003_1.txt	resolution	1	0.002494	1	4.417727	0.011018
test/pos/10004_9.txt	respect	1	0.003175	1	4.417727	0.014026
train/neg/10003_1.txt	rest	1	0.002494	3	3.724580	0.009289
train/neg/10010_3.txt	rest	2	0.019802	3	3.724580	0.073754
train/pos/10017_9.txt	rest	1	0.006623	3	3.724580	0.024668
train/neg/10001_4.txt	restaurant	1	0.007042	2	4.012262	0.028254
train/pos/10015_8.txt	restaurant	1	0.003040	2	4.012262	0.012197
train/pos/10009_9.txt	restraint	1	0.003597	1	4.417727	0.015891
test/neg/10005_2.txt	result	1	0.006135	2	4.012262	0.024615
train/pos/10008_7.txt	result	1	0.003086	2	4.012262	0.012382
train/neg/10005_3.txt	results	1	0.003058	2	4.012262	0.012269
train/neg/10007_1.txt	results	1	0.014706	2	4.012262	0.059004
train/pos/10008_7.txt	resurfaced	1	0.003086	1	4.417727	0.013633
test/pos/10008_8.txt	retrospect	1	0.001042	1	4.417727	0.004603
train/pos/10006_7.txt	returns	1	0.002994	1	4.417727	0.013227
train/pos/10007_7.txt	reveals	1	0.002278	1	4.417727	0.010064
test/pos/10003_8.txt	revelation	1	0.004878	2	4.012262	0.019572
train/pos/10006_7.txt	revelation	1	0.002994	2	4.012262	0.012013
train/pos/10009_9.txt	review	1	0.003597	1	4.417727	0.015891
train/pos/10008_7.txt	reviewed	1	0.003086	1	4.417727	0.013633
train/pos/10008_7.txt	reviews	1	0.003086	2	4.012262	0.012382
train/pos/10014_8.txt	reviews	1	0.005155	2	4.012262	0.020683
train/pos/10002_7.txt	reviled	1	0.008065	1	4.417727	0.035629
train/neg/10005_3.txt	reworked	1	0.003058	1	4.417727	0.013509
test/pos/10004_9.txt	rich	1	0.003175	3	3.724580	0.011826
train/neg/10000_4.txt	rich	1	0.001285	3	3.724580	0.004786
train/pos/10000_8.txt	rich	3	0.006834	3	3.724580	0.025454
test/neg/10000_4.txt	ricochet	1	0.004149	1	4.417727	0.018329
test/pos/10007_10.txt	rides	1	0.005747	2	4.012262	0.023058
test/pos/10008_8.txt	rides	1	0.001042	2	4.012262	0.004181
test/neg/10002_3.txt	ridiculously	1	0.003135	1	4.417727	0.013850
train/neg/10000_4.txt	rig	2	0.002571	1	4.417727	0.011358
test/neg/10001_1.txt	right	1	0.004464	7	3.031432	0.013532
train/neg/10000_4.txt	right	2	0.002571	7	3.031432	0.007794
train/pos/0_9.txt	right	1	0.007143	7	3.031432	0.021654
train/pos/10008_7.txt	right	1	0.003086	7	3.031432	0.009355
train/pos/10009_9.txt	right	2	0.007194	7	3.031432	0.021808
train/pos/10010_7.txt	right	1	0.003534	7	3.031432	0.010713
train/pos/10011_9.txt	right	1	0.004525	7	3.031432	0.013717
test/pos/10008_8.txt	rigid	1	0.001042	1	4.417727	0.004603
train/pos/10017_9.txt	ring	1	0.006623	1	4.417727	0.029259
train/neg/10002_1.txt	ripoff	1	0.006536	1	4.417727	0.028874
train/neg/10012_1.txt	ripped	1	0.005747	1	4.417727	0.025389
train/neg/10004_3.txt	ripping	1	0.009615	1	4.417727	0.042476
test/pos/10001_9.txt	rise	1	0.004049	2	4.012262	0.016246
train/neg/10013_1.txt	rise	1	0.007463	2	4.012262	0.029944
test/pos/10000_7.txt	rises	1	0.002841	2	4.012262	0.011399
test/pos/10008_8.txt	rises	1	0.001042	2	4.012262	0.004181
test/pos/10008_8.txt	ritan	1	0.001042	1	4.417727	0.004603
train/neg/10017_4.txt	rival	1	0.005525	2	4.012262	0.022168
train/pos/10000_8.txt	rival	1	0.002278	2	4.012262	0.009140
test/pos/10008_8.txt	road	1	0.001042	1	4.417727	0.004603
train/neg/10000_4.txt	robert	1	0.001285	1	4.417727	0.005677
train/neg/10004_3.txt	robin	1	0.009615	11	2.625967	0.025249
train/pos/10004_8.txt	robin	3	0.017241	11	2.625967	0.045274
train/pos/10005_7.txt	robin	1	0.009434	11	2.625967	0.024773
train/pos/10006_7.txt	robin	2	0.005988	11	2.625967	0.015724
train/pos/10007_7.txt	robin	1	0.002278	11	2.625967	0.005982
train/pos/10008_7.txt	robin	2	0.006173	11	2.625967	0.016210
train/pos/10009_9.txt	robin	3	0.010791	11	2.625967	0.028337
train/pos/10010_7.txt	robin	2	0.007067	11	2.625967	0.018558
train/pos/10011_9.txt	robin	1	0.004525	11	2.625967	0.011883
train/pos/10014_8.txt	robin	1	0.005155	11	2.625967	0.013537
train/pos/10015_8.txt	robin	1	0.003040	11	2.625967	0.007983
train/neg/10017_4.txt	rock	1	0.005525	1	4.417727	0.024408
train/neg/10014_2.txt	rod	1	0.014925	2	4.012262	0.059883
train/neg/10015_2.txt	rod	1	0.011494	2	4.012262	0.046117
train/neg/10016_4.txt	rodding	1	0.007576	1	4.417727	0.033469
train/pos/10008_7.txt	role	3	0.009259	2	4.012262	0.037150
train/pos/10009_9.txt	role	1	0.003597	2	4.012262	0.014432
test/pos/10008_8.txt	roles	3	0.003125	4	3.501436	0.010942
train/pos/10006_7.txt	roles	1	0.002994	4	3.501436	0.010483
train/pos/10012_8.txt	roles	1	0.006757	4	3.501436	0.023659
train/pos/10014_8.txt	roles	1	0.005155	4	3.501436	0.018050
train/neg/10017_4.txt	roll	1	0.005525	1	4.417727	0.024408
train/neg/10009_1.txt	rolling	1	0.002915	1	4.417727	0.012878
test/neg/10007_4.txt	romance	1	0.007752	2	4.012262	0.031103
test/pos/10008_8.txt	romance	1	0.001042	2	4.012262	0.004181
test/neg/10004_2.txt	romantic	1	0.008475	4	3.501436	0.029675
test/neg/10006_2.txt	romantic	1	0.006944	4	3.501436	0.024314
test/pos/10008_8.txt	romantic	1	0.001042	4	3.501436	0.003648
train/neg/10001_4.txt	romantic	1	0.007042	4	3.501436	0.024657
test/pos/10000_7.txt	rome	1	0.002841	1	4.417727	0.012551
test/pos/10007_10.txt	room	1	0.005747	4	3.501436	0.020123
test/pos/10008_8.txt	room	1	0.001042	4	3.501436	0.003648
train/neg/10003_1.txt	room	1	0.002494	4	3.501436	0.008733
train/pos/10003_8.txt	room	1	0.008264	4	3.501436	0.028936
test/neg/10001_1.txt	root	1	0.004464	2	4.012262	0.017911
test/pos/10000_7.txt	root	1	0.002841	2	4.012262	0.011399
test/pos/10008_8.txt	roots	1	0.001042	1	4.417727	0.004603
train/pos/10004_8.txt	rory	1	0.005747	6	3.164964	0.018189
train/pos/10006_7.txt	rory	2	0.005988	6	3.164964	0.018952
train/pos/10007_7.txt	rory	1	0.002278	6	3.164964	0.007210
train/pos/10010_7.txt	rory	1	0.003534	6	3.164964	0.011185
train/pos/10014_8.txt	rory	1	0.005155	6	3.164964	0.016315
train/pos/10015_8.txt	rory	1	0.003040	6	3.164964	0.009621
train/neg/10006_4.txt	rosanna	1	0.006289	1	4.417727	0.027783
train/neg/1000_4.txt	rosario	1	0.006849	1	4.417727	0.030257
train/neg/10000_4.txt	run	1	0.001285	3	3.724580	0.004786
train/pos/10007_7.txt	run	1	0.002278	3	3.724580	0.008485
train/pos/10015_8.txt	run	1	0.003040	3	3.724580	0.011323
train/neg/10000_4.txt	running	1	0.001285	1	4.417727	0.005677
train/neg/10000_4.txt	runs	1	0.001285	2	4.012262	0.005156
train/pos/10007_7.txt	runs	1	0.002278	2	4.012262	0.009140
test/pos/10008_8.txt	rural	2	0.002083	1	4.417727	0.009202
train/pos/10005_7.txt	rush	1	0.009434	1	4.417727	0.041677
train/pos/10016_8.txt	rushed	1	0.007812	1	4.417727	0.034511
test/neg/0_2.txt	s	3	0.017544	41	1.373204	0.024091
test/neg/10000_4.txt	s	2	0.008299	41	1.373204	0.011396
test/neg/10002_3.txt	s	5	0.015674	41	1.373204	0.021524
test/neg/10004_2.txt	s	1	0.008475	41	1.373204	0.011638
test/neg/10006_2.txt	s	1	0.006944	41	1.373204	0.009536
test/neg/10008_4.txt	s	3	0.017964	41	1.373204	0.024668
test/pos/10000_7.txt	s	5	0.014205	41	1.373204	0.019506
test/pos/10001_9.txt	s	5	0.020243	41	1.373204	0.027798
test/pos/10002_8.txt	s	1	0.007812	41	1.373204	0.010727
test/pos/10004_9.txt	s	2	0.006349	41	1.373204	0.008718
test/pos/10005_8.txt	s	9	0.026163	41	1.373204	0.035927
test/pos/10006_7.txt	s	3	0.020979	41	1.373204	0.028808
test/pos/10007_10.txt	s	4	0.022989	41	1.373204	0.031569
test/pos/10008_8.txt	s	19	0.019792	41	1.373204	0.027178
train/neg/0_3.txt	s	2	0.017544	41	1.373204	0.024091
train/neg/10000_4.txt	s	11	0.014139	41	1.373204	0.019416
train/neg/10003_1.txt	s	5	0.012469	41	1.373204	0.017122
train/neg/10004_3.txt	s	5	0.048077	41	1.373204	0.066020
train/neg/10005_3.txt	s	6	0.018349	41	1.373204	0.025197
train/neg/10007_1.txt	s	1	0.014706	41	1.373204	0.020194
train/neg/10008_2.txt	s	3	0.010417	41	1.373204	0.014305
train/neg/10009_1.txt	s	3	0.008746	41	1.373204	0.012010
train/neg/1000_4.txt	s	1	0.006849	41	1.373204	0.009405
train/neg/10011_3.txt	s	4	0.028986	41	1.373204	0.039804
train/neg/10014_2.txt	s	1	0.014925	41	1.373204	0.020495
train/neg/10015_2.txt	s	1	0.011494	41	1.373204	0.015784
train/neg/10016_4.txt	s	5	0.037879	41	1.373204	0.052016
train/neg/10017_4.txt	s	1	0.005525	41	1.373204	0.007587
train/pos/0_9.txt	s	1	0.007143	41	1.373204	0.009809
train/pos/10000_8.txt	s	8	0.018223	41	1.373204	0.025024
train/pos/10004_8.txt	s	4	0.022989	41	1.373204	0.031569
train/pos/10006_7.txt	s	5	0.014970	41	1.373204	0.020557
train/pos/10007_7.txt	s	5	0.011390	41	1.373204	0.015641
train/pos/10008_7.txt	s	3	0.009259	41	1.373204	0.012714
train/pos/10009_9.txt	s	4	0.014388	41	1.373204	0.019758
train/pos/10010_7.txt	s	3	0.010601	41	1.373204	0.014557
train/pos/10011_9.txt	s	3	0.013575	41	1.373204	0.018641
train/pos/10012_8.txt	s	3	0.020270	41	1.373204	0.027835
train/pos/10013_7.txt	s	2	0.012346	41	1.373204	0.016954
train/pos/10014_8.txt	s	1	0.005155	41	1.373204	0.007079
train/pos/10015_8.txt	s	6	0.018237	41	1.373204	0.025043
train/pos/0_9.txt	sack	1	0.007143	1	4.417727	0.031556
test/pos/10005_8.txt	sacrificed	1	0.002907	1	4.417727	0.012842
train/neg/10011_3.txt	sad	1	0.007246	1	4.417727	0.032011
train/pos/10000_8.txt	saddles	1	0.002278	2	4.012262	0.009140
train/pos/10001_10.txt	saddles	1	0.006667	2	4.012262	0.026750
test/neg/10001_1.txt	sadler	1	0.004464	2	4.012262	0.017911
test/neg/10002_3.txt	sadler	2	0.006270	2	4.012262	0.025157
test/neg/10001_1.txt	sadlers	1	0.004464	1	4.417727	0.019721
test/neg/10005_2.txt	said	1	0.006135	6	3.164964	0.019417
train/neg/10000_4.txt	said	1	0.001285	6	3.164964	0.004067
train/neg/10005_3.txt	said	1	0.003058	6	3.164964	0.009678
train/neg/10016_4.txt	said	1	0.007576	6	3.164964	0.023978
train/pos/10009_9.txt	said	1	0.003597	6	3.164964	0.011384
train/pos/10013_7.txt	said	1	0.006173	6	3.164964	0.019537
train/pos/10000_8.txt	sailor	1	0.002278	2	4.012262	0.009140
train/pos/10003_8.txt	sailor	1	0.008264	2	4.012262	0.033157
train/neg/0_3.txt	sally	1	0.008772	1	4.417727	0.038752
test/neg/10000_4.txt	same	3	0.012448	7	3.031432	0.037735
test/neg/10003_3.txt	same	1	0.004219	7	3.031432	0.012790
test/neg/10004_2.txt	same	1	0.008475	7	3.031432	0.025691
test/pos/10000_7.txt	same	2	0.005682	7	3.031432	0.017225
test/pos/10005_8.txt	same	1	0.002907	7	3.031432	0.008812
train/neg/10005_3.txt	same	1	0.003058	7	3.031432	0.009270
train/pos/0_9.txt	same	1	0.007143	7	3.031432	0.021654
train/pos/10001_10.txt	sanders	1	0.006667	1	4.417727	0.029453
train/pos/10004_8.txt	sandra	1	0.005747	6	3.164964	0.018189
train/pos/10006_7.txt	sandra	2	0.005988	6	3.164964	0.018952
train/pos/10007_7.txt	sandra	1	0.002278	6	3.164964	0.007210
train/pos/10010_7.txt	sandra	1	0.003534	6	3.164964	0.011185
train/pos/10011_9.txt	sandra	1	0.004525	6	3.164964	0.014321
train/pos/10014_8.txt	sandra	1	0.005155	6	3.164964	0.016315
train/pos/10006_7.txt	sandwich	1	0.002994	1	4.417727	0.013227
train/neg/10012_1.txt	sat	1	0.005747	1	4.417727	0.025389
train/pos/0_9.txt	satire	1	0.007143	1	4.417727	0.031556
train/pos/10004_8.txt	saturday	1	0.005747	1	4.417727	0.025389
train/neg/10012_1.txt	save	1	0.005747	1	4.417727	0.025389
test/pos/10008_8.txt	saving	1	0.001042	2	4.012262	0.004181
train/neg/10015_2.txt	saving	1	0.011494	2	4.012262	0.046117
test/neg/10002_3.txt	saw	1	0.003135	9	2.808289	0.008804
test/pos/0_10.txt	saw	2	0.013072	9	2.808289	0.036710
test/pos/10002_8.txt	saw	1	0.007812	9	2.808289	0.021938
test/pos/10004_9.txt	saw	1	0.003175	9	2.808289	0.008916
test/pos/10005_8.txt	saw	1	0.002907	9	2.808289	0.008164
train/neg/1000_4.txt	saw	1	0.006849	9	2.808289	0.019234
train/neg/10014_2.txt	saw	1	0.014925	9	2.808289	0.041914
train/pos/0_9.txt	saw	1	0.007143	9	2.808289	0.020060
train/pos/10008_7.txt	saw	1	0.003086	9	2.808289	0.008666
train/neg/10000_4.txt	say	2	0.002571	6	3.164964	0.008137
train/neg/10008_2.txt	say	2	0.006944	6	3.164964	0.021978
train/pos/10002_7.txt	say	1	0.008065	6	3.164964	0.025525
train/pos/10004_8.txt	say	1	0.005747	6	3.164964	0.018189
train/pos/10009_9.txt	say	1	0.003597	6	3.164964	0.011384
train/pos/10015_8.txt	say	1	0.003040	6	3.164964	0.009621
train/pos/10006_7.txt	saying	1	0.002994	1	4.417727	0.013227
test/pos/10008_8.txt	says	4	0.004167	4	3.501436	0.014590
train/neg/10000_4.txt	says	1	0.001285	4	3.501436	0.004499
train/neg/10002_1.txt	says	1	0.006536	4	3.501436	0.022885
train/pos/10001_10.txt	says	1	0.006667	4	3.501436	0.023344
test/pos/10008_8.txt	scarf	1	0.001042	1	4.417727	0.004603
train/pos/10008_7.txt	scary	1	0.003086	2	4.012262	0.012382
train/pos/10017_9.txt	scary	1	0.006623	2	4.012262	0.026573
train/pos/10007_7.txt	scenario	1	0.002278	1	4.417727	0.010064
test/neg/10002_3.txt	scene	1	0.003135	14	2.402824	0.007533
test/neg/10004_2.txt	scene	1	0.008475	14	2.402824	0.020364
test/pos/10003_8.txt	scene	2	0.009756	14	2.402824	0.023442
test/pos/10004_9.txt	scene	1	0.003175	14	2.402824	0.007629
test/pos/10008_8.txt	scene	1	0.001042	14	2.402824	0.002504
train/neg/0_3.txt	scene	1	0.008772	14	2.402824	0.021078
train/neg/10002_1.txt	scene	2	0.013072	14	2.402824	0.031410
train/neg/10006_4.txt	scene	2	0.012579	14	2.402824	0.030225
train/neg/10008_2.txt	scene	1	0.003472	14	2.402824	0.008343
train/neg/10013_1.txt	scene	2	0.014925	14	2.402824	0.035862
train/pos/10001_10.txt	scene	3	0.020000	14	2.402824	0.048056
train/pos/10006_7.txt	scene	1	0.002994	14	2.402824	0.007194
train/pos/10009_9.txt	scene	1	0.003597	14	2.402824	0.008643
train/pos/1000_8.txt	scene	2	0.023810	14	2.402824	0.057211
test/pos/10001_9.txt	scenes	1	0.004049	11	2.625967	0.010633
test/pos/10008_8.txt	scenes	1	0.001042	11	2.625967	0.002736
train/neg/10000_4.txt	scenes	4	0.005141	11	2.625967	0.013500
train/neg/10001_4.txt	scenes	1	0.007042	11	2.625967	0.018492
train/neg/10008_2.txt	scenes	1	0.003472	11	2.625967	0.009117
train/neg/1000_4.txt	scenes	2	0.013699	11	2.625967	0.035973
train/neg/10011_3.txt	scenes	2	0.014493	11	2.625967	0.038058
train/pos/10001_10.txt	scenes	1	0.006667	11	2.625967	0.017507
train/pos/10003_8.txt	scenes	1	0.008264	11	2.625967	0.021701
train/pos/10006_7.txt	scenes	2	0.005988	11	2.625967	0.015724
train/pos/1000_8.txt	scenes	2	0.023810	11	2.625967	0.062524
train/pos/0_9.txt	school	2	0.014286	3	3.724580	0.053209
train/pos/10000_8.txt	school	1	0.002278	3	3.724580	0.008485
train/pos/10008_7.txt	school	1	0.003086	3	3.724580	0.011494
train/pos/0_9.txt	schools	1	0.007143	1	4.417727	0.031556
train/neg/10008_2.txt	schrader	1	0.003472	2	4.012262	0.013931
train/neg/10009_1.txt	schrader	1	0.002915	2	4.012262	0.011696
train/neg/10015_2.txt	science	1	0.011494	1	4.417727	0.050777
test/pos/10001_9.txt	scoff	1	0.004049	1	4.417727	0.017887
train/neg/10017_4.txt	scooby	1	0.005525	1	4.417727	0.024408
test/pos/10004_9.txt	scoreboard	1	0.003175	1	4.417727	0.014026
train/neg/10009_1.txt	scott	1	0.002915	3	3.724580	0.010857
train/neg/10012_1.txt	scott	1	0.005747	3	3.724580	0.021405
train/neg/10013_1.txt	scott	1	0.007463	3	3.724580	0.027797
train/pos/10015_8.txt	scraggy	1	0.003040	1	4.417727	0.013430
train/pos/0_9.txt	scramble	1	0.007143	1	4.417727	0.031556
test/pos/10000_7.txt	scrappy	1	0.002841	1	4.417727	0.012551
train/neg/10005_3.txt	scratching	1	0.003058	1	4.417727	0.013509
train/neg/10001_4.txt	screen	1	0.007042	3	3.724580	0.026228
train/neg/10017_4.txt	screen	1	0.005525	3	3.724580	0.020578
train/pos/10009_9.txt	screen	1	0.003597	3	3.724580	0.013397
train/neg/10002_1.txt	screening	1	0.006536	1	4.417727	0.028874
train/neg/10001_4.txt	screenplay	1	0.007042	4	3.501436	0.024657
train/neg/10009_1.txt	screenplay	2	0.005831	4	3.501436	0.020417
train/pos/10007_7.txt	screenplay	1	0.002278	4	3.501436	0.007976
train/pos/10015_8.txt	screenplay	1	0.003040	4	3.501436	0.010644
test/pos/10004_9.txt	screens	1	0.003175	1	4.417727	0.014026
test/neg/10000_4.txt	script	1	0.004149	3	3.724580	0.015453
train/neg/10012_1.txt	script	1	0.005747	3	3.724580	0.021405
train/pos/10017_9.txt	script	1	0.006623	3	3.724580	0.024668
train/pos/10004_8.txt	se	1	0.005747	1	4.417727	0.025389
test/neg/0_2.txt	sea	1	0.005848	2	4.012262	0.023464
train/neg/10000_4.txt	sea	1	0.001285	2	4.012262	0.005156
test/pos/10007_10.txt	searching	1	0.005747	1	4.417727	0.025389
train/pos/10013_7.txt	seasons	1	0.006173	1	4.417727	0.027271
test/neg/10002_3.txt	seat	1	0.003135	2	4.012262	0.012578
train/pos/10013_7.txt	seat	1	0.006173	2	4.012262	0.024768
test/neg/10000_4.txt	second	1	0.004149	8	2.913649	0.012089
test/neg/10002_3.txt	second	1	0.003135	8	2.913649	0.009134
test/pos/0_10.txt	second	1	0.006536	8	2.913649	0.019044
train/neg/10000_4.txt	second	1	0.001285	8	2.913649	0.003744
train/neg/10005_3.txt	second	1	0.003058	8	2.913649	0.008910
train/neg/10014_2.txt	second	1	0.014925	8	2.913649	0.043486
train/pos/10001_10.txt	second	1	0.006667	8	2.913649	0.019425
train/pos/10017_9.txt	second	1	0.006623	8	2.913649	0.019297
train/pos/10006_7.txt	secret	1	0.002994	1	4.417727	0.013227
train/pos/10012_8.txt	secrets	1	0.006757	2	4.012262	0.027111
train/pos/10015_8.txt	secrets	1	0.003040	2	4.012262	0.012197
test/pos/10008_8.txt	secure	1	0.001042	1	4.417727	0.004603
test/neg/10000_4.txt	see	4	0.016598	16	2.277661	0.037805
test/neg/10007_4.txt	see	1	0.007752	16	2.277661	0.017656
test/pos/0_10.txt	see	3	0.019608	16	2.277661	0.044660
test/pos/10007_10.txt	see	1	0.005747	16	2.277661	0.013090
train/neg/10000_4.txt	see	2	0.002571	16	2.277661	0.005856
train/neg/10003_1.txt	see	2	0.004988	16	2.277661	0.011361
train/neg/10008_2.txt	see	1	0.003472	16	2.277661	0.007908
train/neg/10012_1.txt	see	1	0.005747	16	2.277661	0.013090
train/neg/10014_2.txt	see	1	0.014925	16	2.277661	0.033994
train/pos/0_9.txt	see	1	0.007143	16	2.277661	0.016269
train/pos/10000_8.txt	see	2	0.004556	16	2.277661	0.010377
train/pos/10001_10.txt	see	1	0.006667	16	2.277661	0.015185
train/pos/10003_8.txt	see	1	0.008264	16	2.277661	0.018823
train/pos/10009_9.txt	see	2	0.007194	16	2.277661	0.016385
train/pos/10011_9.txt	see	2	0.009050	16	2.277661	0.020613
train/pos/10013_7.txt	see	1	0.006173	16	2.277661	0.014060
train/pos/10007_7.txt	seed	1	0.002278	1	4.417727	0.010064
train/pos/10014_8.txt	seeing	1	0.005155	1	4.417727	0.022773
train/pos/10010_7.txt	seeks	1	0.003534	1	4.417727	0.015612
test/neg/10006_2.txt	seem	1	0.006944	7	3.031432	0.021050
train/neg/0_3.txt	seem	1	0.008772	7	3.031432	0.026592
train/neg/10008_2.txt	seem	1	0.003472	7	3.031432	0.010525
train/pos/10005_7.txt	seem	1	0.009434	7	3.031432	0.028599
train/pos/10006_7.txt	seem	1	0.002994	7	3.031432	0.009076
train/pos/10010_7.txt	seem	1	0.003534	7	3.031432	0.010713
train/pos/10011_9.txt	seem	1	0.004525	7	3.031432	0.013717
train/neg/10001_4.txt	seemed	1	0.007042	6	3.164964	0.022288
train/neg/10006_4.txt	seemed	1	0.006289	6	3.164964	0.019904
train/neg/10008_2.txt	seemed	1	0.003472	6	3.164964	0.010989
train/neg/10013_1.txt	seemed	1	0.007463	6	3.164964	0.023620
train/pos/10006_7.txt	seemed	1	0.002994	6	3.164964	0.009476
train/pos/1000_8.txt	seemed	1	0.011905	6	3.164964	0.037679
test/neg/10008_4.txt	seems	1	0.005988	4	3.501436	0.020967
test/pos/10008_8.txt	seems	1	0.001042	4	3.501436	0.003648
train/neg/10005_3.txt	seems	1	0.003058	4	3.501436	0.010707
train/pos/10009_9.txt	seems	1	0.003597	4	3.501436	0.012595
test/neg/10000_4.txt	seen	1	0.004149	9	2.808289	0.011652
test/neg/10005_2.txt	seen	1	0.006135	9	2.808289	0.017229
train/neg/0_3.txt	seen	1	0.008772	9	2.808289	0.024634
train/neg/10000_4.txt	seen	1	0.001285	9	2.808289	0.003609
train/neg/10003_1.txt	seen	1	0.002494	9	2.808289	0.007004
train/neg/10014_2.txt	seen	1	0.014925	9	2.808289	0.041914
train/neg/10016_4.txt	seen	1	0.007576	9	2.808289	0.021276
train/pos/10001_10.txt	seen	1	0.006667	9	2.808289	0.018723
train/pos/10012_8.txt	seen	1	0.006757	9	2.808289	0.018976
test/pos/10001_9.txt	sees	1	0.004049	2	4.012262	0.016246
test/pos/10005_8.txt	sees	1	0.002907	2	4.012262	0.011664
test/pos/10002_8.txt	self	1	0.007812	4	3.501436	0.027353
test/pos/10008_8.txt	self	6	0.006250	4	3.501436	0.021884
train/neg/10003_1.txt	self	1	0.002494	4	3.501436	0.008733
train/neg/10005_3.txt	self	1	0.003058	4	3.501436	0.010707
train/pos/10001_10.txt	selling	1	0.006667	1	4.417727	0.029453
train/pos/1000_8.txt	semi	1	0.011905	1	4.417727	0.052593
train/neg/10000_4.txt	sending	1	0.001285	1	4.417727	0.005677
test/neg/10001_1.txt	sense	1	0.004464	4	3.501436	0.015630
test/pos/10003_8.txt	sense	1	0.004878	4	3.501436	0.017080
train/neg/10008_2.txt	sense	2	0.006944	4	3.501436	0.024314
train/neg/10017_4.txt	sense	1	0.005525	4	3.501436	0.019345
test/neg/10003_3.txt	senseless	1	0.004219	1	4.417727	0.018638
test/pos/10001_9.txt	sensitivity	1	0.004049	1	4.417727	0.017887
test/neg/10003_3.txt	senso	1	0.004219	1	4.417727	0.018638
test/pos/10008_8.txt	sensuousness	1	0.001042	1	4.417727	0.004603
train/pos/10006_7.txt	sent	1	0.002994	1	4.417727	0.013227
test/pos/10008_8.txt	separate	1	0.001042	1	4.417727	0.004603
test/pos/10004_9.txt	september	1	0.003175	1	4.417727	0.014026
train/neg/10000_4.txt	sequel	1	0.001285	1	4.417727	0.005677
train/neg/10000_4.txt	sequels	1	0.001285	1	4.417727	0.005677
train/neg/10000_4.txt	sequence	1	0.001285	1	4.417727	0.005677
test/neg/0_2.txt	sequences	1	0.005848	1	4.417727	0.025835
train/pos/10008_7.txt	serial	1	0.003086	1	4.417727	0.013633
train/neg/10009_1.txt	series	1	0.002915	1	4.417727	0.012878
train/neg/10005_3.txt	serious	1	0.003058	3	3.724580	0.011390
train/pos/10009_9.txt	serious	1	0.003597	3	3.724580	0.013397
train/pos/10010_7.txt	serious	1	0.003534	3	3.724580	0.013163
test/neg/10006_2.txt	seriously	1	0.006944	2	4.012262	0.027861
train/neg/10011_3.txt	seriously	1	0.007246	2	4.012262	0.029073
test/neg/10002_3.txt	set	1	0.003135	7	3.031432	0.009504
test/pos/10000_7.txt	set	1	0.002841	7	3.031432	0.008612
test/pos/10006_7.txt	set	1	0.006993	7	3.031432	0.021199
test/pos/10008_8.txt	set	1	0.001042	7	3.031432	0.003159
train/neg/10000_4.txt	set	1	0.001285	7	3.031432	0.003895
train/neg/10008_2.txt	set	1	0.003472	7	3.031432	0.010525
train/pos/10006_7.txt	set	1	0.002994	7	3.031432	0.009076
train/pos/10000_8.txt	sets	1	0.002278	1	4.417727	0.010064
test/neg/10002_3.txt	setting	1	0.003135	2	4.012262	0.012578
test/pos/10005_8.txt	setting	1	0.002907	2	4.012262	0.011664
train/neg/10009_1.txt	several	1	0.002915	3	3.724580	0.010857
train/pos/10006_7.txt	several	1	0.002994	3	3.724580	0.011151
train/pos/1000_8.txt	several	1	0.011905	3	3.724580	0.044341
train/pos/10015_8.txt	sew	1	0.003040	1	4.417727	0.013430
test/neg/10007_4.txt	sex	1	0.007752	2	4.012262	0.031103
test/pos/10008_8.txt	sex	1	0.001042	2	4.012262	0.004181
train/pos/10010_7.txt	sexual	1	0.003534	2	4.012262	0.014179
train/pos/10015_8.txt	sexual	1	0.003040	2	4.012262	0.012197
train/pos/10005_7.txt	sexuality	1	0.009434	1	4.417727	0.041677
train/pos/10007_7.txt	sexually	1	0.002278	1	4.417727	0.010064
train/neg/10006_4.txt	sexy	1	0.006289	1	4.417727	0.027783
train/neg/10003_1.txt	shadowy	1	0.002494	1	4.417727	0.011018
train/neg/0_3.txt	shakespeare	1	0.008772	1	4.417727	0.038752
test/pos/10008_8.txt	shaking	1	0.001042	1	4.417727	0.004603
test/pos/10008_8.txt	shallow	1	0.001042	1	4.417727	0.004603
train/neg/10000_4.txt	shame	2	0.002571	1	4.417727	0.011358
train/neg/10001_4.txt	shared	1	0.007042	1	4.417727	0.031110
test/neg/10003_3.txt	she	3	0.012658	9	2.808289	0.035547
test/neg/10008_4.txt	she	1	0.005988	9	2.808289	0.016816
train/neg/10001_4.txt	she	1	0.007042	9	2.808289	0.019776
train/neg/1000_4.txt	she	1	0.006849	9	2.808289	0.019234
train/neg/10015_2.txt	she	1	0.011494	9	2.808289	0.032278
train/pos/10003_8.txt	she	1	0.008264	9	2.808289	0.023208
train/pos/10006_7.txt	she	1	0.002994	9	2.808289	0.008408
train/pos/10008_7.txt	she	3	0.009259	9	2.808289	0.026002
train/pos/10015_8.txt	she	1	0.003040	9	2.808289	0.008537
train/neg/10006_4.txt	sheen	1	0.006289	2	4.012262	0.025233
train/neg/10007_1.txt	sheen	1	0.014706	2	4.012262	0.059004
train/pos/10010_7.txt	shelter	1	0.003534	1	4.417727	0.015612
test/pos/10002_8.txt	shia	1	0.007812	3	3.724580	0.029096
test/pos/10003_8.txt	shia	1	0.004878	3	3.724580	0.018168
test/pos/10004_9.txt	shia	1	0.003175	3	3.724580	0.011826
train/pos/10014_8.txt	shining	1	0.005155	1	4.417727	0.022773
train/neg/10000_4.txt	ships	1	0.001285	1	4.417727	0.005677
test/neg/10003_3.txt	shirts	1	0.004219	1	4.417727	0.018638
train/neg/10010_3.txt	shocking	1	0.009901	2	4.012262	0.039725
train/neg/10011_3.txt	shocking	1	0.007246	2	4.012262	0.029073
test/neg/10001_1.txt	shoot	1	0.004464	1	4.417727	0.019721
train/pos/10008_7.txt	shooting	1	0.003086	1	4.417727	0.013633
train/neg/10005_3.txt	shop	1	0.003058	1	4.417727	0.013509
train/neg/10005_3.txt	shopworn	1	0.003058	1	4.417727	0.013509
test/pos/10004_9.txt	short	1	0.003175	5	3.319114	0.010538
train/neg/10000_4.txt	short	1	0.001285	5	3.319114	0.004265
train/neg/10008_2.txt	short	1	0.003472	5	3.319114	0.011524
train/pos/10005_7.txt	short	1	0.009434	5	3.319114	0.031313
train/pos/10011_9.txt	short	1	0.004525	5	3.319114	0.015019
train/pos/10011_9.txt	shorter	1	0.004525	1	4.417727	0.019990
train/neg/10006_4.txt	shot	1	0.006289	1	4.417727	0.027783
test/neg/10008_4.txt	shots	1	0.005988	3	3.724580	0.022303
train/neg/10000_4.txt	shots	1	0.001285	3	3.724580	0.004786
train/neg/10002_1.txt	shots	1	0.006536	3	3.724580	0.024344
test/neg/0_2.txt	should	1	0.005848	8	2.913649	0.017039
test/pos/10000_7.txt	should	1	0.002841	8	2.913649	0.008278
train/neg/0_3.txt	should	1	0.008772	8	2.913649	0.025559
train/neg/10000_4.txt	should	1	0.001285	8	2.913649	0.003744
train/neg/10002_1.txt	should	1	0.006536	8	2.913649	0.019044
train/pos/10000_8.txt	should	1	0.002278	8	2.913649	0.006637
train/pos/10002_7.txt	should	1	0.008065	8	2.913649	0.023499
train/pos/10006_7.txt	should	3	0.008982	8	2.913649	0.026170
train/neg/10000_4.txt	shouldn	1	0.001285	1	4.417727	0.005677
test/pos/10000_7.txt	show	1	0.002841	5	3.319114	0.009430
train/pos/10000_8.txt	show	1	0.002278	5	3.319114	0.007561
train/pos/10001_10.txt	show	1	0.006667	5	3.319114	0.022129
train/pos/10006_7.txt	show	1	0.002994	5	3.319114	0.009937
train/pos/10010_7.txt	show	1	0.003534	5	3.319114	0.011730
test/pos/10008_8.txt	showing	1	0.001042	1	4.417727	0.004603
test/pos/10005_8.txt	shown	1	0.002907	1	4.417727	0.012842
test/neg/0_2.txt	shows	1	0.005848	4	3.501436	0.020476
test/pos/10000_7.txt	shows	1	0.002841	4	3.501436	0.009948
train/neg/10010_3.txt	shows	1	0.009901	4	3.501436	0.034668
train/pos/10000_8.txt	shows	1	0.002278	4	3.501436	0.007976
train/pos/10001_10.txt	shrugs	1	0.006667	1	4.417727	0.029453
train/neg/10003_1.txt	shuffling	1	0.002494	1	4.417727	0.011018
test/pos/10007_10.txt	shut	1	0.005747	2	4.012262	0.023058
train/neg/10013_1.txt	shut	1	0.007463	2	4.012262	0.029944
train/pos/10004_8.txt	sick	1	0.005747	1	4.417727	0.025389
test/pos/10005_8.txt	side	1	0.002907	2	4.012262	0.011664
train/pos/10000_8.txt	side	1	0.002278	2	4.012262	0.009140
train/pos/10000_8.txt	sidewalk	1	0.002278	1	4.417727	0.010064
test/pos/0_10.txt	sign	1	0.006536	1	4.417727	0.028874
test/neg/10003_3.txt	signalling	1	0.004219	1	4.417727	0.018638
test/neg/0_2.txt	signs	1	0.005848	1	4.417727	0.025835
train/pos/10014_8.txt	silence	1	0.005155	1	4.417727	0.022773
train/neg/10000_4.txt	silly	1	0.001285	1	4.417727	0.005677
train/neg/10003_1.txt	simply	1	0.002494	1	4.417727	0.011018
train/neg/10017_4.txt	sin	1	0.005525	1	4.417727	0.024408
train/neg/10000_4.txt	since	1	0.001285	4	3.501436	0.004499
train/neg/10003_1.txt	since	1	0.002494	4	3.501436	0.008733
train/neg/10006_4.txt	since	1	0.006289	4	3.501436	0.022021
train/pos/10015_8.txt	since	1	0.003040	4	3.501436	0.010644
train/neg/0_3.txt	singers	1	0.008772	2	4.012262	0.035196
train/pos/10002_7.txt	singers	1	0.008065	2	4.012262	0.032359
test/neg/10001_1.txt	single	1	0.004464	1	4.417727	0.019721
train/neg/10000_4.txt	sinking	1	0.001285	2	4.012262	0.005156
train/neg/10012_1.txt	sinking	1	0.005747	2	4.012262	0.023058
train/neg/10000_4.txt	sinks	2	0.002571	1	4.417727	0.011358
train/neg/10000_4.txt	sir	1	0.001285	1	4.417727	0.005677
train/neg/10014_2.txt	sired	1	0.014925	1	4.417727	0.065935
train/pos/10000_8.txt	sissy	1	0.002278	1	4.417727	0.010064
test/pos/10008_8.txt	sister	1	0.001042	1	4.417727	0.004603
train/neg/10000_4.txt	sit	1	0.001285	2	4.012262	0.005156
train/neg/1000_4.txt	sit	1	0.006849	2	4.012262	0.027480
train/neg/10010_3.txt	sitcom	1	0.009901	1	4.417727	0.043740
test/pos/10001_9.txt	site	1	0.004049	3	3.724580	0.015081
test/pos/10004_9.txt	site	1	0.003175	3	3.724580	0.011826
train/pos/10001_10.txt	site	1	0.006667	3	3.724580	0.024832
train/neg/10002_1.txt	sitting	1	0.006536	1	4.417727	0.028874
train/pos/0_9.txt	situation	1	0.007143	1	4.417727	0.031556
train/neg/10001_4.txt	skills	1	0.007042	1	4.417727	0.031110
test/pos/10008_8.txt	skitzoid	1	0.001042	1	4.417727	0.004603
test/pos/10008_8.txt	sky	1	0.001042	1	4.417727	0.004603
test/pos/10003_8.txt	slap	1	0.004878	2	4.012262	0.019572
train/neg/10003_1.txt	slap	1	0.002494	2	4.012262	0.010007
train/pos/10000_8.txt	slapstick	1	0.002278	2	4.012262	0.009140
train/pos/10003_8.txt	slapstick	1	0.008264	2	4.012262	0.033157
train/neg/10000_4.txt	sleeping	1	0.001285	1	4.417727	0.005677
train/neg/10006_4.txt	sleepwalk	1	0.006289	1	4.417727	0.027783
train/neg/10009_1.txt	sleepwalking	1	0.002915	1	4.417727	0.012878
test/neg/10008_4.txt	slick	1	0.005988	1	4.417727	0.026453
train/pos/10006_7.txt	slighter	1	0.002994	1	4.417727	0.013227
train/neg/10000_4.txt	slightly	1	0.001285	1	4.417727	0.005677
test/pos/10008_8.txt	slips	1	0.001042	1	4.417727	0.004603
test/neg/10005_2.txt	slow	1	0.006135	7	3.031432	0.018598
train/neg/10000_4.txt	slow	1	0.001285	7	3.031432	0.003895
train/neg/10003_1.txt	slow	1	0.002494	7	3.031432	0.007560
train/neg/10010_3.txt	slow	1	0.009901	7	3.031432	0.030014
train/neg/10011_3.txt	slow	2	0.014493	7	3.031432	0.043935
train/pos/10005_7.txt	slow	1	0.009434	7	3.031432	0.028599
train/pos/10012_8.txt	slow	1	0.006757	7	3.031432	0.020483
test/pos/10000_7.txt	slowly	1	0.002841	1	4.417727	0.012551
train/neg/10000_4.txt	sluggish	1	0.001285	1	4.417727	0.005677
test/pos/10004_9.txt	small	1	0.003175	2	4.012262	0.012739
train/pos/10015_8.txt	small	1	0.003040	2	4.012262	0.012197
train/pos/10009_9.txt	smallest	1	0.003597	1	4.417727	0.015891
train/neg/10000_4.txt	smash	1	0.001285	1	4.417727	0.005677
test/pos/10008_8.txt	smashes	1	0.001042	1	4.417727	0.004603
train/pos/10008_7.txt	smoochy	1	0.003086	1	4.417727	0.013633
test/pos/10002_8.txt	sneak	1	0.007812	1	4.417727	0.034511
train/neg/10004_3.txt	snobbery	1	0.009615	1	4.417727	0.042476
test/neg/10002_3.txt	so	1	0.003135	20	2.066351	0.006478
test/neg/10003_3.txt	so	1	0.004219	20	2.066351	0.008718
test/neg/10004_2.txt	so	1	0.008475	20	2.066351	0.017512
test/neg/10006_2.txt	so	2	0.013889	20	2.066351	0.028700
test/pos/10005_8.txt	so	1	0.002907	20	2.066351	0.006007
test/pos/10006_7.txt	so	1	0.006993	20	2.066351	0.014450
test/pos/10007_10.txt	so	2	0.011494	20	2.066351	0.023751
test/pos/10008_8.txt	so	4	0.004167	20	2.066351	0.008610
train/neg/10000_4.txt	so	3	0.003856	20	2.066351	0.007968
train/neg/10001_4.txt	so	1	0.007042	20	2.066351	0.014551
train/neg/10002_1.txt	so	1	0.006536	20	2.066351	0.013506
train/neg/10003_1.txt	so	1	0.002494	20	2.066351	0.005153
train/neg/10006_4.txt	so	2	0.012579	20	2.066351	0.025993
train/neg/10009_1.txt	so	1	0.002915	20	2.066351	0.006023
train/neg/10011_3.txt	so	2	0.014493	20	2.066351	0.029948
train/pos/10002_7.txt	so	1	0.008065	20	2.066351	0.016665
train/pos/10003_8.txt	so	1	0.008264	20	2.066351	0.017076
train/pos/10008_7.txt	so	1	0.003086	20	2.066351	0.006377
train/pos/10014_8.txt	so	2	0.010309	20	2.066351	0.021302
train/pos/10017_9.txt	so	3	0.019868	20	2.066351	0.041054
test/pos/10000_7.txt	soaked	1	0.002841	1	4.417727	0.012551
test/pos/10008_8.txt	soap	1	0.001042	1	4.417727	0.004603
test/neg/10002_3.txt	social	1	0.003135	3	3.724580	0.011677
train/neg/10009_1.txt	social	1	0.002915	3	3.724580	0.010857
train/neg/10011_3.txt	social	1	0.007246	3	3.724580	0.026988
test/pos/10001_9.txt	society	1	0.004049	2	4.012262	0.016246
train/pos/10002_7.txt	society	1	0.008065	2	4.012262	0.032359
train/pos/10008_7.txt	sociopathic	1	0.003086	1	4.417727	0.013633
test/neg/10003_3.txt	soft	1	0.004219	1	4.417727	0.018638
test/pos/10008_8.txt	soften	1	0.001042	1	4.417727	0.004603
test/pos/10008_8.txt	softly	1	0.001042	1	4.417727	0.004603
test/pos/0_10.txt	sold	1	0.006536	1	4.417727	0.028874
train/neg/10005_3.txt	solemnly	1	0.003058	1	4.417727	0.013509
test/pos/10008_8.txt	solitude	1	0.001042	1	4.417727	0.004603
train/pos/10014_8.txt	somber	1	0.005155	1	4.417727	0.022773
train/neg/10002_1.txt	sombre	1	0.006536	1	4.417727	0.028874
test/neg/10003_3.txt	some	1	0.004219	22	1.975380	0.008334
test/neg/10008_4.txt	some	2	0.011976	22	1.975380	0.023657
test/pos/10000_7.txt	some	4	0.011364	22	1.975380	0.022448
test/pos/10001_9.txt	some	2	0.008097	22	1.975380	0.015995
test/pos/10006_7.txt	some	1	0.006993	22	1.975380	0.013814
test/pos/10008_8.txt	some	1	0.001042	22	1.975380	0.002058
train/neg/0_3.txt	some	1	0.008772	22	1.975380	0.017328
train/neg/10009_1.txt	some	1	0.002915	22	1.975380	0.005758
train/neg/10012_1.txt	some	1	0.005747	22	1.975380	0.011353
train/neg/10016_4.txt	some	1	0.007576	22	1.975380	0.014965
train/neg/10017_4.txt	some	2	0.011050	22	1.975380	0.021828
train/pos/0_9.txt	some	1	0.007143	22	1.975380	0.014110
train/pos/10002_7.txt	some	1	0.008065	22	1.975380	0.015931
train/pos/10003_8.txt	some	2	0.016529	22	1.975380	0.032651
train/pos/10006_7.txt	some	1	0.002994	22	1.975380	0.005914
train/pos/10007_7.txt	some	4	0.009112	22	1.975380	0.018000
train/pos/1000_8.txt	some	2	0.023810	22	1.975380	0.047034
train/pos/10010_7.txt	some	1	0.003534	22	1.975380	0.006981
train/pos/10011_9.txt	some	1	0.004525	22	1.975380	0.008939
train/pos/10012_8.txt	some	1	0.006757	22	1.975380	0.013348
train/pos/10014_8.txt	some	1	0.005155	22	1.975380	0.010183
train/pos/10015_8.txt	some	1	0.003040	22	1.975380	0.006005
test/pos/10004_9.txt	somehow	1	0.003175	1	4.417727	0.014026
train/neg/10009_1.txt	someone	1	0.002915	2	4.012262	0.011696
train/pos/10002_7.txt	someone	1	0.008065	2	4.012262	0.032359
test/neg/10006_2.txt	something	1	0.006944	10	2.712979	0.018839
test/neg/10007_4.txt	something	1	0.007752	10	2.712979	0.021031
test/pos/10002_8.txt	something	1	0.007812	10	2.712979	0.021194
train/neg/10000_4.txt	something	1	0.001285	10	2.712979	0.003486
train/neg/10001_4.txt	something	1	0.007042	10	2.712979	0.019105
train/neg/10003_1.txt	something	1	0.002494	10	2.712979	0.006766
train/neg/10009_1.txt	something	1	0.002915	10	2.712979	0.007908
train/pos/10000_8.txt	something	1	0.002278	10	2.712979	0.006180
train/pos/10013_7.txt	something	3	0.018519	10	2.712979	0.050242
train/pos/10016_8.txt	something	2	0.015625	10	2.712979	0.042390
test/pos/10006_7.txt	sometimes	1	0.006993	3	3.724580	0.026046
test/pos/10008_8.txt	sometimes	2	0.002083	3	3.724580	0.007758
train/neg/10010_3.txt	sometimes	1	0.009901	3	3.724580	0.036877
test/neg/10000_4.txt	somewhat	1	0.004149	3	3.724580	0.015453
test/neg/10003_3.txt	somewhat	1	0.004219	3	3.724580	0.015714
train/pos/10012_8.txt	somewhat	1	0.006757	3	3.724580	0.025167
test/pos/10005_8.txt	somewhere	1	0.002907	1	4.417727	0.012842
test/neg/10008_4.txt	son	1	0.005988	4	3.501436	0.020967
test/pos/10001_9.txt	son	1	0.004049	4	3.501436	0.014177
test/pos/10008_8.txt	son	3	0.003125	4	3.501436	0.010942
train/neg/10000_4.txt	son	1	0.001285	4	3.501436	0.004499
test/neg/10002_3.txt	songs	1	0.003135	1	4.417727	0.013850
train/neg/10005_3.txt	sontag	1	0.003058	1	4.417727	0.013509
test/pos/10008_8.txt	soon	1	0.001042	2	4.012262	0.004181
train/pos/10010_7.txt	soon	1	0.003534	2	4.012262	0.014179
test/neg/10002_3.txt	sord	1	0.003135	1	4.417727	0.013850
train/neg/10002_1.txt	sorry	1	0.006536	1	4.417727	0.028874
train/neg/10000_4.txt	sort	1	0.001285	2	4.012262	0.005156
train/pos/10008_7.txt	sort	1	0.003086	2	4.012262	0.012382
train/neg/10002_1.txt	sound	1	0.006536	1	4.417727	0.028874
test/pos/10008_8.txt	sounding	1	0.001042	1	4.417727	0.004603
train/pos/10017_9.txt	soundly	1	0.006623	1	4.417727	0.029259
test/pos/10005_8.txt	soundtrack	1	0.002907	1	4.417727	0.012842
train/neg/10009_1.txt	south	1	0.002915	1	4.417727	0.012878
train/neg/10009_1.txt	southern	1	0.002915	1	4.417727	0.012878
test/pos/10008_8.txt	space	1	0.001042	1	4.417727	0.004603
train/pos/10000_8.txt	spaceballs	1	0.002278	1	4.417727	0.010064
train/pos/10003_8.txt	speaking	1	0.008264	2	4.012262	0.033157
train/pos/10015_8.txt	speaking	1	0.003040	2	4.012262	0.012197
test/pos/10008_8.txt	speaks	1	0.001042	3	3.724580	0.003881
train/neg/10003_1.txt	speaks	1	0.002494	3	3.724580	0.009289
train/neg/10009_1.txt	speaks	1	0.002915	3	3.724580	0.010857
test/neg/10001_1.txt	specialty	1	0.004464	1	4.417727	0.019721
test/pos/10008_8.txt	specific	1	0.001042	1	4.417727	0.004603
train/neg/10000_4.txt	spectacular	1	0.001285	1	4.417727	0.005677
test/pos/10008_8.txt	speech	1	0.001042	1	4.417727	0.004603
test/neg/10005_2.txt	spends	1	0.006135	2	4.012262	0.024615
train/pos/10010_7.txt	spends	1	0.003534	2	4.012262	0.014179
test/pos/10004_9.txt	spirit	1	0.003175	2	4.012262	0.012739
test/pos/10008_8.txt	spirit	1	0.001042	2	4.012262	0.004181
test/pos/10008_8.txt	spiriting	1	0.001042	1	4.417727	0.004603
train/neg/10003_1.txt	spiritually	1	0.002494	1	4.417727	0.011018
train/neg/10009_1.txt	spite	2	0.005831	1	4.417727	0.025760
test/pos/10008_8.txt	splits	1	0.001042	1	4.417727	0.004603
test/pos/10008_8.txt	spontaneous	1	0.001042	1	4.417727	0.004603
test/pos/10000_7.txt	sport	1	0.002841	2	4.012262	0.011399
test/pos/10001_9.txt	sport	1	0.004049	2	4.012262	0.016246
test/pos/10000_7.txt	sports	2	0.005682	3	3.724580	0.021163
test/pos/10002_8.txt	sports	1	0.007812	3	3.724580	0.029096
test/pos/10004_9.txt	sports	1	0.003175	3	3.724580	0.011826
train/pos/10017_9.txt	spot	1	0.006623	1	4.417727	0.029259
train/neg/10017_4.txt	spotless	1	0.005525	1	4.417727	0.024408
train/pos/10017_9.txt	sprinkled	1	0.006623	1	4.417727	0.029259
train/neg/10017_4.txt	square	1	0.005525	1	4.417727	0.024408
test/neg/10003_3.txt	ss	1	0.004219	1	4.417727	0.018638
test/pos/10004_9.txt	st	1	0.003175	1	4.417727	0.014026
test/pos/10005_8.txt	stage	1	0.002907	3	3.724580	0.010827
test/pos/10006_7.txt	stage	1	0.006993	3	3.724580	0.026046
train/pos/10006_7.txt	stage	1	0.002994	3	3.724580	0.011151
train/neg/10003_1.txt	stained	1	0.002494	1	4.417727	0.011018
test/neg/10006_2.txt	stand	1	0.006944	2	4.012262	0.027861
train/pos/10007_7.txt	stand	2	0.004556	2	4.012262	0.018280
test/neg/10006_2.txt	standard	1	0.006944	1	4.417727	0.030677
test/neg/10008_4.txt	standing	1	0.005988	2	4.012262	0.024025
test/pos/10001_9.txt	standing	1	0.004049	2	4.012262	0.016246
test/pos/10002_8.txt	stands	1	0.007812	1	4.417727	0.034511
train/neg/10002_1.txt	stapleton	1	0.006536	1	4.417727	0.028874
test/neg/10002_3.txt	star	1	0.003135	2	4.012262	0.012578
train/neg/10000_4.txt	star	1	0.001285	2	4.012262	0.005156
train/pos/10008_7.txt	staring	1	0.003086	1	4.417727	0.013633
train/neg/10000_4.txt	stark	1	0.001285	1	4.417727	0.005677
train/pos/10014_8.txt	starred	1	0.005155	1	4.417727	0.022773
train/pos/10004_8.txt	starring	1	0.005747	1	4.417727	0.025389
test/neg/10002_3.txt	stars	1	0.003135	8	2.913649	0.009134
test/neg/10003_3.txt	stars	1	0.004219	8	2.913649	0.012293
test/pos/10004_9.txt	stars	1	0.003175	8	2.913649	0.009251
train/neg/0_3.txt	stars	1	0.008772	8	2.913649	0.025559
train/neg/10006_4.txt	stars	1	0.006289	8	2.913649	0.018324
train/pos/10000_8.txt	stars	1	0.002278	8	2.913649	0.006637
train/pos/10007_7.txt	stars	1	0.002278	8	2.913649	0.006637
train/pos/10014_8.txt	stars	1	0.005155	8	2.913649	0.015020
test/neg/10001_1.txt	start	1	0.004464	3	3.724580	0.016627
test/pos/10008_8.txt	start	1	0.001042	3	3.724580	0.003881
train/neg/10016_4.txt	start	1	0.007576	3	3.724580	0.028217
test/pos/10008_8.txt	started	1	0.001042	1	4.417727	0.004603
test/pos/10000_7.txt	starts	1	0.002841	3	3.724580	0.010582
train/neg/0_3.txt	starts	1	0.008772	3	3.724580	0.032672
train/neg/10000_4.txt	starts	1	0.001285	3	3.724580	0.004786
test/pos/10008_8.txt	starved	1	0.001042	1	4.417727	0.004603
train/pos/10000_8.txt	stated	1	0.002278	1	4.417727	0.010064
test/neg/10002_3.txt	states	1	0.003135	1	4.417727	0.013850
test/neg/10001_1.txt	stay	1	0.004464	2	4.012262	0.017911
train/neg/10008_2.txt	stay	1	0.003472	2	4.012262	0.013931
train/neg/0_3.txt	stays	1	0.008772	2	4.012262	0.035196
train/neg/10000_4.txt	stays	1	0.001285	2	4.012262	0.005156
test/pos/10003_8.txt	steal	1	0.004878	2	4.012262	0.019572
train/neg/10000_4.txt	steal	1	0.001285	2	4.012262	0.005156
test/pos/10004_9.txt	steals	1	0.003175	2	4.012262	0.012739
train/pos/10009_9.txt	steals	1	0.003597	2	4.012262	0.014432
test/neg/10003_3.txt	steamy	1	0.004219	1	4.417727	0.018638
test/neg/10006_2.txt	steer	1	0.006944	1	4.417727	0.030677
test/neg/10007_4.txt	stellar	1	0.007752	1	4.417727	0.034246
train/pos/10000_8.txt	step	1	0.002278	1	4.417727	0.010064
test/pos/10003_8.txt	stephen	1	0.004878	1	4.417727	0.021550
train/pos/10009_9.txt	stepped	1	0.003597	1	4.417727	0.015891
test/pos/10008_8.txt	stereotypes	1	0.001042	1	4.417727	0.004603
train/pos/10015_8.txt	stetner	1	0.003040	1	4.417727	0.013430
train/pos/10006_7.txt	stettner	3	0.008982	3	3.724580	0.033454
train/pos/10007_7.txt	stettner	3	0.006834	3	3.724580	0.025454
train/pos/10009_9.txt	stettner	1	0.003597	3	3.724580	0.013397
test/pos/10003_8.txt	stevens	1	0.004878	2	4.012262	0.019572
train/neg/10000_4.txt	stevens	2	0.002571	2	4.012262	0.010316
train/neg/10000_4.txt	stewart	2	0.002571	1	4.417727	0.011358
test/pos/10003_8.txt	stick	1	0.004878	3	3.724580	0.018168
train/neg/10009_1.txt	stick	1	0.002915	3	3.724580	0.010857
train/pos/10015_8.txt	stick	1	0.003040	3	3.724580	0.011323
train/neg/10011_3.txt	stiff	1	0.007246	1	4.417727	0.032011
test/pos/10006_7.txt	stigma	1	0.006993	1	4.417727	0.030893
test/neg/10000_4.txt	still	1	0.004149	8	2.913649	0.012089
test/neg/10002_3.txt	still	1	0.003135	8	2.913649	0.009134
test/pos/10005_8.txt	still	2	0.005814	8	2.913649	0.016940
train/neg/10009_1.txt	still	1	0.002915	8	2.913649	0.008493
train/pos/10002_7.txt	still	1	0.008065	8	2.913649	0.023499
train/pos/10005_7.txt	still	1	0.009434	8	2.913649	0.027487
train/pos/10008_7.txt	still	1	0.003086	8	2.913649	0.008992
train/pos/10015_8.txt	still	3	0.009119	8	2.913649	0.026570
test/neg/0_2.txt	stinker	1	0.005848	1	4.417727	0.025835
train/pos/10000_8.txt	stinks	1	0.002278	1	4.417727	0.010064
test/neg/10008_4.txt	stock	1	0.005988	1	4.417727	0.026453
train/neg/10005_3.txt	stone	1	0.003058	1	4.417727	0.013509
train/pos/10006_7.txt	stop	1	0.002994	1	4.417727	0.013227
train/pos/10007_7.txt	stories	1	0.002278	2	4.012262	0.009140
train/pos/10010_7.txt	stories	1	0.003534	2	4.012262	0.014179
test/neg/10003_3.txt	story	1	0.004219	27	1.778669	0.007504
test/neg/10006_2.txt	story	2	0.013889	27	1.778669	0.024704
test/neg/10007_4.txt	story	1	0.007752	27	1.778669	0.013788
test/neg/10008_4.txt	story	1	0.005988	27	1.778669	0.010651
test/pos/10000_7.txt	story	1	0.002841	27	1.778669	0.005053
test/pos/10002_8.txt	story	1	0.007812	27	1.778669	0.013895
test/pos/10003_8.txt	story	2	0.009756	27	1.778669	0.017353
test/pos/10004_9.txt	story	4	0.012698	27	1.778669	0.022586
test/pos/10005_8.txt	story	1	0.002907	27	1.778669	0.005171
test/pos/10006_7.txt	story	3	0.020979	27	1.778669	0.037315
train/neg/0_3.txt	story	1	0.008772	27	1.778669	0.015602
train/neg/10002_1.txt	story	1	0.006536	27	1.778669	0.011625
train/neg/10003_1.txt	story	1	0.002494	27	1.778669	0.004436
train/neg/10008_2.txt	story	1	0.003472	27	1.778669	0.006176
train/neg/10009_1.txt	story	1	0.002915	27	1.778669	0.005185
train/pos/10002_7.txt	story	1	0.008065	27	1.778669	0.014345
train/pos/10004_8.txt	story	1	0.005747	27	1.778669	0.010222
train/pos/10005_7.txt	story	2	0.018868	27	1.778669	0.033560
train/pos/10006_7.txt	story	2	0.005988	27	1.778669	0.010651
train/pos/10007_7.txt	story	1	0.002278	27	1.778669	0.004052
train/pos/10008_7.txt	story	2	0.006173	27	1.778669	0.010980
train/pos/10009_9.txt	story	2	0.007194	27	1.778669	0.012796
train/pos/10010_7.txt	story	1	0.003534	27	1.778669	0.006286
train/pos/10011_9.txt	story	3	0.013575	27	1.778669	0.024145
train/pos/10013_7.txt	story	1	0.006173	27	1.778669	0.010980
train/pos/10015_8.txt	story	4	0.012158	27	1.778669	0.021625
train/pos/10017_9.txt	story	2	0.013245	27	1.778669	0.023558
train/neg/1000_4.txt	storyline	1	0.006849	2	4.012262	0.027480
train/pos/10015_8.txt	storyline	1	0.003040	2	4.012262	0.012197
train/pos/10015_8.txt	storyteller	1	0.003040	1	4.417727	0.013430
train/neg/10005_3.txt	straight	1	0.003058	1	4.417727	0.013509
train/pos/10011_9.txt	straightforward	1	0.004525	1	4.417727	0.019990
train/neg/10010_3.txt	strain	1	0.009901	1	4.417727	0.043740
test/neg/10005_2.txt	strange	1	0.006135	3	3.724580	0.022850
train/neg/10004_3.txt	strange	1	0.009615	3	3.724580	0.035812
train/pos/10008_7.txt	strange	1	0.003086	3	3.724580	0.011494
train/neg/10005_3.txt	strangulation	1	0.003058	1	4.417727	0.013509
test/pos/10008_8.txt	strap	1	0.001042	1	4.417727	0.004603
test/pos/10008_8.txt	street	1	0.001042	2	4.012262	0.004181
train/pos/10000_8.txt	street	2	0.004556	2	4.012262	0.018280
train/pos/10000_8.txt	streets	4	0.009112	1	4.417727	0.040254
train/pos/10009_9.txt	strength	1	0.003597	1	4.417727	0.015891
train/neg/10000_4.txt	strip	1	0.001285	1	4.417727	0.005677
train/neg/10011_3.txt	strong	1	0.007246	2	4.012262	0.029073
train/pos/10006_7.txt	strong	1	0.002994	2	4.012262	0.012013
test/pos/10008_8.txt	struck	1	0.001042	1	4.417727	0.004603
train/pos/10009_9.txt	struggle	1	0.003597	1	4.417727	0.015891
test/pos/10001_9.txt	struggles	1	0.004049	1	4.417727	0.017887
test/pos/10007_10.txt	struggling	1	0.005747	2	4.012262	0.023058
train/neg/10003_1.txt	struggling	1	0.002494	2	4.012262	0.010007
train/pos/0_9.txt	student	2	0.014286	1	4.417727	0.063112
train/pos/0_9.txt	students	2	0.014286	1	4.417727	0.063112
test/neg/10003_3.txt	stuff	1	0.004219	4	3.501436	0.014773
test/pos/10008_8.txt	stuff	1	0.001042	4	3.501436	0.003648
train/neg/10002_1.txt	stuff	1	0.006536	4	3.501436	0.022885
train/neg/10005_3.txt	stuff	1	0.003058	4	3.501436	0.010707
test/pos/10004_9.txt	stunning	1	0.003175	2	4.012262	0.012739
train/neg/10010_3.txt	stunning	1	0.009901	2	4.012262	0.039725
test/neg/10002_3.txt	stupid	1	0.003135	3	3.724580	0.011677
test/neg/10004_2.txt	stupid	1	0.008475	3	3.724580	0.031566
train/pos/10000_8.txt	stupid	1	0.002278	3	3.724580	0.008485
train/neg/10003_1.txt	style	2	0.004988	2	4.012262	0.020013
train/neg/10010_3.txt	style	1	0.009901	2	4.012262	0.039725
train/neg/10017_4.txt	styled	1	0.005525	1	4.417727	0.024408
train/neg/10008_2.txt	subculture	1	0.003472	1	4.417727	0.015338
train/neg/10008_2.txt	subject	1	0.003472	1	4.417727	0.015338
train/neg/10000_4.txt	submerged	1	0.001285	1	4.417727	0.005677
train/pos/10007_7.txt	submitted	1	0.002278	1	4.417727	0.010064
train/pos/10004_8.txt	subscribe	1	0.005747	1	4.417727	0.025389
test/neg/10007_4.txt	subtitles	1	0.007752	1	4.417727	0.034246
train/pos/10000_8.txt	succeed	1	0.002278	1	4.417727	0.010064
train/pos/10009_9.txt	succeeded	1	0.003597	1	4.417727	0.015891
train/pos/10000_8.txt	succeeds	1	0.002278	1	4.417727	0.010064
test/pos/10008_8.txt	success	4	0.004167	1	4.417727	0.018409
train/pos/10005_7.txt	successfully	1	0.009434	1	4.417727	0.041677
test/pos/0_10.txt	such	1	0.006536	10	2.712979	0.017732
test/pos/10007_10.txt	such	2	0.011494	10	2.712979	0.031183
train/neg/10000_4.txt	such	1	0.001285	10	2.712979	0.003486
train/neg/10011_3.txt	such	2	0.014493	10	2.712979	0.039319
train/neg/10013_1.txt	such	1	0.007463	10	2.712979	0.020247
train/pos/0_9.txt	such	1	0.007143	10	2.712979	0.019379
train/pos/10000_8.txt	such	2	0.004556	10	2.712979	0.012360
train/pos/10003_8.txt	such	1	0.008264	10	2.712979	0.022420
train/pos/1000_8.txt	such	1	0.011905	10	2.712979	0.032298
train/pos/10013_7.txt	such	1	0.006173	10	2.712979	0.016747
train/pos/10011_9.txt	sucker	1	0.004525	1	4.417727	0.019990
train/pos/10007_7.txt	sudden	1	0.002278	1	4.417727	0.010064
train/pos/10007_7.txt	suddenly	1	0.002278	1	4.417727	0.010064
test/neg/10006_2.txt	suffer	1	0.006944	2	4.012262	0.027861
test/pos/10007_10.txt	suffer	1	0.005747	2	4.012262	0.023058
train/pos/10008_7.txt	suffered	1	0.003086	1	4.417727	0.013633
test/neg/10007_4.txt	sufficient	1	0.007752	1	4.417727	0.034246
train/neg/10000_4.txt	suffocate	1	0.001285	1	4.417727	0.005677
test/pos/0_10.txt	suggest	1	0.006536	1	4.417727	0.028874
train/neg/10015_2.txt	suit	1	0.011494	1	4.417727	0.050777
test/pos/10000_7.txt	suits	1	0.002841	1	4.417727	0.012551
train/pos/10011_9.txt	summer	1	0.004525	1	4.417727	0.019990
test/pos/10008_8.txt	sun	1	0.001042	1	4.417727	0.004603
train/pos/10011_9.txt	sundance	1	0.004525	1	4.417727	0.019990
train/neg/10000_4.txt	sunken	1	0.001285	1	4.417727	0.005677
train/pos/10008_7.txt	sunshine	1	0.003086	1	4.417727	0.013633
test/pos/10005_8.txt	superb	1	0.002907	2	4.012262	0.011664
train/pos/10001_10.txt	superb	1	0.006667	2	4.012262	0.026750
test/pos/10005_8.txt	superiority	1	0.002907	1	4.417727	0.012842
train/neg/10016_4.txt	supernatural	1	0.007576	1	4.417727	0.033469
train/neg/10000_4.txt	supply	1	0.001285	1	4.417727	0.005677
test/neg/10007_4.txt	support	1	0.007752	1	4.417727	0.034246
test/neg/10008_4.txt	supporting	1	0.005988	3	3.724580	0.022303
train/neg/10009_1.txt	supporting	1	0.002915	3	3.724580	0.010857
train/pos/10015_8.txt	supporting	1	0.003040	3	3.724580	0.011323
train/neg/10004_3.txt	supportive	1	0.009615	1	4.417727	0.042476
test/neg/10005_2.txt	supposed	1	0.006135	3	3.724580	0.022850
train/neg/10002_1.txt	supposed	1	0.006536	3	3.724580	0.024344
train/neg/10012_1.txt	supposed	1	0.005747	3	3.724580	0.021405
train/neg/10000_4.txt	sure	1	0.001285	2	4.012262	0.005156
train/pos/10002_7.txt	sure	1	0.008065	2	4.012262	0.032359
train/neg/10005_3.txt	surf	1	0.003058	1	4.417727	0.013509
test/pos/10008_8.txt	surpass	1	0.001042	1	4.417727	0.004603
test/pos/10003_8.txt	surprise	1	0.004878	1	4.417727	0.021550
train/neg/10006_4.txt	surprised	1	0.006289	1	4.417727	0.027783
train/neg/10005_3.txt	surrogate	1	0.003058	1	4.417727	0.013509
train/pos/0_9.txt	survive	1	0.007143	1	4.417727	0.031556
train/neg/10000_4.txt	survivor	1	0.001285	2	4.012262	0.005156
train/pos/10015_8.txt	survivor	1	0.003040	2	4.012262	0.012197
train/pos/10000_8.txt	survivors	1	0.002278	1	4.417727	0.010064
train/neg/10005_3.txt	susan	1	0.003058	1	4.417727	0.013509
test/pos/10002_8.txt	suspense	1	0.007812	6	3.164964	0.024725
train/neg/10000_4.txt	suspense	1	0.001285	6	3.164964	0.004067
train/neg/10004_3.txt	suspense	1	0.009615	6	3.164964	0.030431
train/pos/10004_8.txt	suspense	2	0.011494	6	3.164964	0.036378
train/pos/10005_7.txt	suspense	1	0.009434	6	3.164964	0.029858
train/pos/10013_7.txt	suspense	1	0.006173	6	3.164964	0.019537
train/pos/10006_7.txt	suspenseful	1	0.002994	2	4.012262	0.012013
train/pos/10013_7.txt	suspenseful	1	0.006173	2	4.012262	0.024768
train/pos/10007_7.txt	suspenser	1	0.002278	1	4.417727	0.010064
train/neg/10005_3.txt	sweden	1	0.003058	1	4.417727	0.013509
train/neg/10005_3.txt	swedish	2	0.006116	1	4.417727	0.027019
test/neg/10004_2.txt	sweet	1	0.008475	2	4.012262	0.034004
test/pos/10002_8.txt	sweet	1	0.007812	2	4.012262	0.031344
test/neg/10002_3.txt	swing	1	0.003135	1	4.417727	0.013850
test/pos/10004_9.txt	swinging	1	0.003175	1	4.417727	0.014026
test/neg/10001_1.txt	sympathetic	1	0.004464	2	4.012262	0.017911
test/pos/10003_8.txt	sympathetic	1	0.004878	2	4.012262	0.019572
train/neg/10003_1.txt	sympathy	1	0.002494	1	4.417727	0.011018
train/pos/10006_7.txt	synopsis	1	0.002994	1	4.417727	0.013227
test/neg/10000_4.txt	t	4	0.016598	30	1.676887	0.027833
test/neg/10001_1.txt	t	1	0.004464	30	1.676887	0.007486
test/neg/10002_3.txt	t	3	0.009404	30	1.676887	0.015769
test/neg/10005_2.txt	t	1	0.006135	30	1.676887	0.010288
test/neg/10006_2.txt	t	3	0.020833	30	1.676887	0.034935
test/pos/10002_8.txt	t	3	0.023438	30	1.676887	0.039303
test/pos/10005_8.txt	t	1	0.002907	30	1.676887	0.004875
test/pos/10008_8.txt	t	2	0.002083	30	1.676887	0.003493
train/neg/10000_4.txt	t	7	0.008997	30	1.676887	0.015087
train/neg/10001_4.txt	t	3	0.021127	30	1.676887	0.035428
train/neg/10004_3.txt	t	1	0.009615	30	1.676887	0.016123
train/neg/10005_3.txt	t	2	0.006116	30	1.676887	0.010256
train/neg/10006_4.txt	t	3	0.018868	30	1.676887	0.031639
train/neg/10008_2.txt	t	8	0.027778	30	1.676887	0.046581
train/neg/10009_1.txt	t	2	0.005831	30	1.676887	0.009778
train/neg/1000_4.txt	t	2	0.013699	30	1.676887	0.022972
train/neg/10016_4.txt	t	4	0.030303	30	1.676887	0.050815
train/neg/10017_4.txt	t	1	0.005525	30	1.676887	0.009265
train/pos/0_9.txt	t	1	0.007143	30	1.676887	0.011978
train/pos/10000_8.txt	t	4	0.009112	30	1.676887	0.015280
train/pos/10004_8.txt	t	2	0.011494	30	1.676887	0.019274
train/pos/10005_7.txt	t	2	0.018868	30	1.676887	0.031639
train/pos/10006_7.txt	t	1	0.002994	30	1.676887	0.005021
train/pos/10007_7.txt	t	1	0.002278	30	1.676887	0.003820
train/pos/10008_7.txt	t	1	0.003086	30	1.676887	0.005175
train/pos/10009_9.txt	t	1	0.003597	30	1.676887	0.006032
train/pos/10012_8.txt	t	1	0.006757	30	1.676887	0.011331
train/pos/10013_7.txt	t	1	0.006173	30	1.676887	0.010351
train/pos/10015_8.txt	t	2	0.006079	30	1.676887	0.010194
train/pos/10016_8.txt	t	1	0.007812	30	1.676887	0.013100
test/pos/10001_9.txt	table	1	0.004049	1	4.417727	0.017887
train/neg/10009_1.txt	tact	1	0.002915	1	4.417727	0.012878
train/pos/10007_7.txt	tailspin	1	0.002278	1	4.417727	0.010064
test/neg/10001_1.txt	take	1	0.004464	6	3.164964	0.014128
train/neg/10002_1.txt	take	1	0.006536	6	3.164964	0.020686
train/neg/10005_3.txt	take	1	0.003058	6	3.164964	0.009678
train/neg/1000_4.txt	take	1	0.006849	6	3.164964	0.021677
train/neg/10017_4.txt	take	1	0.005525	6	3.164964	0.017486
train/pos/10001_10.txt	take	1	0.006667	6	3.164964	0.021101
test/pos/10001_9.txt	taken	1	0.004049	5	3.319114	0.013439
test/pos/10003_8.txt	taken	1	0.004878	5	3.319114	0.016191
train/neg/10003_1.txt	taken	1	0.002494	5	3.319114	0.008278
train/pos/10009_9.txt	taken	1	0.003597	5	3.319114	0.011939
train/pos/10013_7.txt	taken	1	0.006173	5	3.319114	0.020489
test/pos/10004_9.txt	takes	1	0.003175	5	3.319114	0.010538
train/neg/10000_4.txt	takes	2	0.002571	5	3.319114	0.008533
train/neg/10013_1.txt	takes	1	0.007463	5	3.319114	0.024771
train/neg/10017_4.txt	takes	1	0.005525	5	3.319114	0.018338
train/pos/10008_7.txt	takes	1	0.003086	5	3.319114	0.010243
test/neg/10006_2.txt	takeshi	1	0.006944	1	4.417727	0.030677
train/pos/10010_7.txt	tale	1	0.003534	1	4.417727	0.015612
test/pos/10000_7.txt	talent	1	0.002841	2	4.012262	0.011399
test/pos/10001_9.txt	talent	1	0.004049	2	4.012262	0.016246
test/pos/10008_8.txt	talented	1	0.001042	2	4.012262	0.004181
train/neg/10005_3.txt	talented	1	0.003058	2	4.012262	0.012269
test/neg/10000_4.txt	talents	1	0.004149	1	4.417727	0.018329
test/neg/10007_4.txt	talk	10	0.077519	5	3.319114	0.257294
train/neg/10016_4.txt	talk	1	0.007576	5	3.319114	0.025146
train/pos/10006_7.txt	talk	1	0.002994	5	3.319114	0.009937
train/pos/10007_7.txt	talk	1	0.002278	5	3.319114	0.007561
train/pos/10015_8.txt	talk	1	0.003040	5	3.319114	0.010090
train/neg/10002_1.txt	talking	1	0.006536	2	4.012262	0.026224
train/pos/10014_8.txt	talking	1	0.005155	2	4.012262	0.020683
test/neg/10005_2.txt	talks	1	0.006135	1	4.417727	0.027103
train/pos/10000_8.txt	tambor	1	0.002278	2	4.012262	0.009140
train/pos/10001_10.txt	tambor	1	0.006667	2	4.012262	0.026750
test/neg/10008_4.txt	tan	1	0.005988	1	4.417727	0.026453
test/pos/10008_8.txt	tangible	1	0.001042	1	4.417727	0.004603
train/pos/10006_7.txt	tape	1	0.002994	1	4.417727	0.013227
test/neg/10000_4.txt	tapped	1	0.004149	1	4.417727	0.018329
train/neg/10016_4.txt	tarantino	1	0.007576	1	4.417727	0.033469
test/neg/10002_3.txt	tastes	1	0.003135	1	4.417727	0.013850
test/neg/10003_3.txt	tattered	1	0.004219	1	4.417727	0.018638
test/neg/10008_4.txt	tatty	1	0.005988	1	4.417727	0.026453
train/pos/10016_8.txt	taupin	1	0.007812	1	4.417727	0.034511
train/neg/10010_3.txt	tea	1	0.009901	1	4.417727	0.043740
train/pos/10004_8.txt	teach	1	0.005747	1	4.417727	0.025389
test/pos/10008_8.txt	teachers	1	0.001042	2	4.012262	0.004181
train/pos/0_9.txt	teachers	4	0.028571	2	4.012262	0.114634
train/pos/0_9.txt	teaching	1	0.007143	1	4.417727	0.031556
train/pos/10007_7.txt	teacup	1	0.002278	1	4.417727	0.010064
test/neg/10005_2.txt	tears	1	0.006135	2	4.012262	0.024615
test/pos/0_10.txt	tears	2	0.013072	2	4.012262	0.052448
test/neg/10005_2.txt	tease	1	0.006135	1	4.417727	0.027103
train/neg/0_3.txt	technical	1	0.008772	1	4.417727	0.038752
train/neg/10003_1.txt	techniques	1	0.002494	1	4.417727	0.011018
train/pos/10000_8.txt	technology	1	0.002278	1	4.417727	0.010064
test/pos/10005_8.txt	ted	1	0.002907	1	4.417727	0.012842
train/pos/10000_8.txt	teddy	1	0.002278	1	4.417727	0.010064
train/neg/10014_2.txt	teenage	1	0.014925	1	4.417727	0.065935
train/neg/10015_2.txt	teens	2	0.022989	3	3.724580	0.085624
train/neg/10016_4.txt	teens	2	0.015152	3	3.724580	0.056435
train/neg/10017_4.txt	teens	1	0.005525	3	3.724580	0.020578
test/neg/10000_4.txt	teeth	1	0.004149	1	4.417727	0.018329
train/pos/10014_8.txt	telephone	1	0.005155	1	4.417727	0.022773
test/pos/10006_7.txt	television	1	0.006993	1	4.417727	0.030893
train/pos/10011_9.txt	tell	2	0.009050	1	4.417727	0.039980
test/pos/10008_8.txt	telling	1	0.001042	1	4.417727	0.004603
test/neg/0_2.txt	tells	1	0.005848	4	3.501436	0.020476
test/neg/10003_3.txt	tells	1	0.004219	4	3.501436	0.014773
test/neg/10007_4.txt	tells	1	0.007752	4	3.501436	0.027143
train/pos/10010_7.txt	tells	1	0.003534	4	3.501436	0.012374
train/pos/10007_7.txt	tempest	1	0.002278	1	4.417727	0.010064
test/pos/10000_7.txt	template	1	0.002841	1	4.417727	0.012551
test/pos/10003_8.txt	ten	1	0.004878	3	3.724580	0.018168
test/pos/10006_7.txt	ten	1	0.006993	3	3.724580	0.026046
train/neg/10011_3.txt	ten	1	0.007246	3	3.724580	0.026988
test/neg/10002_3.txt	tenant	1	0.003135	1	4.417727	0.013850
train/pos/10000_8.txt	tender	1	0.002278	1	4.417727	0.010064
train/pos/1000_8.txt	tense	2	0.023810	1	4.417727	0.105186
train/neg/10000_4.txt	tension	2	0.002571	2	4.012262	0.010316
train/pos/10016_8.txt	tension	1	0.007812	2	4.012262	0.031344
test/pos/10003_8.txt	tensions	1	0.004878	1	4.417727	0.021550
train/neg/10006_4.txt	tenuta	1	0.006289	1	4.417727	0.027783
test/pos/10008_8.txt	term	1	0.001042	2	4.012262	0.004181
train/neg/10005_3.txt	term	1	0.003058	2	4.012262	0.012269
test/pos/10004_9.txt	terrible	1	0.003175	1	4.417727	0.014026
test/neg/10005_2.txt	terribly	1	0.006135	1	4.417727	0.027103
test/neg/0_2.txt	terrific	1	0.005848	3	3.724580	0.021781
train/neg/0_3.txt	terrific	1	0.008772	3	3.724580	0.032672
train/pos/10015_8.txt	terrific	1	0.003040	3	3.724580	0.011323
train/pos/10006_7.txt	terry	1	0.002994	3	3.724580	0.011151
train/pos/10007_7.txt	terry	1	0.002278	3	3.724580	0.008485
train/pos/10015_8.txt	terry	1	0.003040	3	3.724580	0.011323
test/neg/10003_3.txt	th	2	0.008439	3	3.724580	0.031432
test/neg/10008_4.txt	th	1	0.005988	3	3.724580	0.022303
test/pos/10004_9.txt	th	1	0.003175	3	3.724580	0.011826
test/neg/0_2.txt	than	2	0.011696	21	2.019831	0.023624
test/neg/10001_1.txt	than	1	0.004464	21	2.019831	0.009017
test/neg/10003_3.txt	than	1	0.004219	21	2.019831	0.008522
test/neg/10006_2.txt	than	2	0.013889	21	2.019831	0.028053
test/neg/10007_4.txt	than	1	0.007752	21	2.019831	0.015658
test/pos/10000_7.txt	than	2	0.005682	21	2.019831	0.011477
test/pos/10002_8.txt	than	1	0.007812	21	2.019831	0.015779
test/pos/10003_8.txt	than	1	0.004878	21	2.019831	0.009853
test/pos/10008_8.txt	than	2	0.002083	21	2.019831	0.004207
train/neg/0_3.txt	than	1	0.008772	21	2.019831	0.017718
train/neg/10000_4.txt	than	2	0.002571	21	2.019831	0.005193
train/neg/10001_4.txt	than	1	0.007042	21	2.019831	0.014224
train/neg/10003_1.txt	than	1	0.002494	21	2.019831	0.005037
train/neg/10005_3.txt	than	1	0.003058	21	2.019831	0.006177
train/neg/10010_3.txt	than	1	0.009901	21	2.019831	0.019998
train/pos/0_9.txt	than	1	0.007143	21	2.019831	0.014428
train/pos/10001_10.txt	than	1	0.006667	21	2.019831	0.013466
train/pos/10003_8.txt	than	1	0.008264	21	2.019831	0.016692
train/pos/10011_9.txt	than	2	0.009050	21	2.019831	0.018279
train/pos/10014_8.txt	than	1	0.005155	21	2.019831	0.010412
train/pos/10015_8.txt	than	1	0.003040	21	2.019831	0.006140
train/pos/10014_8.txt	thanks	1	0.005155	1	4.417727	0.022773
test/neg/10000_4.txt	that	2	0.008299	46	1.260726	0.010463
test/neg/10001_1.txt	that	1	0.004464	46	1.260726	0.005628
test/neg/10002_3.txt	that	1	0.003135	46	1.260726	0.003952
test/neg/10005_2.txt	that	4	0.024540	46	1.260726	0.030938
test/neg/10006_2.txt	that	2	0.013889	46	1.260726	0.017510
test/pos/0_10.txt	that	4	0.026144	46	1.260726	0.032960
test/pos/10000_7.txt	that	2	0.005682	46	1.260726	0.007163
test/pos/10001_9.txt	that	4	0.016194	46	1.260726	0.020416
test/pos/10003_8.txt	that	4	0.019512	46	1.260726	0.024599
test/pos/10004_9.txt	that	3	0.009524	46	1.260726	0.012007
test/pos/10005_8.txt	that	5	0.014535	46	1.260726	0.018325
test/pos/10006_7.txt	that	1	0.006993	46	1.260726	0.008816
test/pos/10007_10.txt	that	3	0.017241	46	1.260726	0.021736
test/pos/10008_8.txt	that	5	0.005208	46	1.260726	0.006566
train/neg/0_3.txt	that	1	0.008772	46	1.260726	0.011059
train/neg/10000_4.txt	that	4	0.005141	46	1.260726	0.006481
train/neg/10002_1.txt	that	1	0.006536	46	1.260726	0.008240
train/neg/10003_1.txt	that	2	0.004988	46	1.260726	0.006289
train/neg/10004_3.txt	that	2	0.019231	46	1.260726	0.024245
train/neg/10005_3.txt	that	2	0.006116	46	1.260726	0.007711
train/neg/10006_4.txt	that	3	0.018868	46	1.260726	0.023787
train/neg/10007_1.txt	that	1	0.014706	46	1.260726	0.018540
train/neg/10009_1.txt	that	5	0.014577	46	1.260726	0.018378
train/neg/10011_3.txt	that	6	0.043478	46	1.260726	0.054814
train/neg/10013_1.txt	that	1	0.007463	46	1.260726	0.009409
train/neg/10014_2.txt	that	1	0.014925	46	1.260726	0.018816
train/neg/10015_2.txt	that	1	0.011494	46	1.260726	0.014491
train/neg/10016_4.txt	that	3	0.022727	46	1.260726	0.028653
train/neg/10017_4.txt	that	2	0.011050	46	1.260726	0.013931
train/pos/0_9.txt	that	4	0.028571	46	1.260726	0.036020
train/pos/10000_8.txt	that	2	0.004556	46	1.260726	0.005744
train/pos/10002_7.txt	that	2	0.016129	46	1.260726	0.020334
train/pos/10003_8.txt	that	3	0.024793	46	1.260726	0.031257
train/pos/10004_8.txt	that	1	0.005747	46	1.260726	0.007245
train/pos/10006_7.txt	that	3	0.008982	46	1.260726	0.011324
train/pos/10007_7.txt	that	8	0.018223	46	1.260726	0.022974
train/pos/10008_7.txt	that	9	0.027778	46	1.260726	0.035020
train/pos/10009_9.txt	that	7	0.025180	46	1.260726	0.031745
train/pos/1000_8.txt	that	1	0.011905	46	1.260726	0.015009
train/pos/10010_7.txt	that	1	0.003534	46	1.260726	0.004455
train/pos/10012_8.txt	that	5	0.033784	46	1.260726	0.042592
train/pos/10013_7.txt	that	4	0.024691	46	1.260726	0.031129
train/pos/10014_8.txt	that	2	0.010309	46	1.260726	0.012997
train/pos/10015_8.txt	that	6	0.018237	46	1.260726	0.022992
train/pos/10016_8.txt	that	2	0.015625	46	1.260726	0.019699
train/pos/10017_9.txt	that	3	0.019868	46	1.260726	0.025048
test/neg/0_2.txt	the	7	0.040936	60	1.000000	0.040936
test/neg/10000_4.txt	the	14	0.058091	60	1.000000	0.058091
test/neg/10001_1.txt	the	12	0.053571	60	1.000000	0.053571
test/neg/10002_3.txt	the	13	0.040752	60	1.000000	0.040752
test/neg/10003_3.txt	the	15	0.063291	60	1.000000	0.063291
test/neg/10004_2.txt	the	7	0.059322	60	1.000000	0.059322
test/neg/10005_2.txt	the	6	0.036810	60	1.000000	0.036810
test/neg/10006_2.txt	the	5	0.034722	60	1.000000	0.034722
test/neg/10007_4.txt	the	3	0.023256	60	1.000000	0.023256
test/neg/10008_4.txt	the	12	0.071856	60	1.000000	0.071856
test/pos/0_10.txt	the	7	0.045752	60	1.000000	0.045752
test/pos/10000_7.txt	the	23	0.065341	60	1.000000	0.065341
test/pos/10001_9.txt	the	22	0.089069	60	1.000000	0.089069
test/pos/10002_8.txt	the	7	0.054688	60	1.000000	0.054688
test/pos/10003_8.txt	the	20	0.097561	60	1.000000	0.097561
test/pos/10004_9.txt	the	28	0.088889	60	1.000000	0.088889
test/pos/10005_8.txt	the	16	0.046512	60	1.000000	0.046512
test/pos/10006_7.txt	the	12	0.083916	60	1.000000	0.083916
test/pos/10007_10.txt	the	10	0.057471	60	1.000000	0.057471
test/pos/10008_8.txt	the	41	0.042708	60	1.000000	0.042708
train/neg/0_3.txt	the	4	0.035088	60	1.000000	0.035088
train/neg/10000_4.txt	the	53	0.068123	60	1.000000	0.068123
train/neg/10001_4.txt	the	10	0.070423	60	1.000000	0.070423
train/neg/10002_1.txt	the	7	0.045752	60	1.000000	0.045752
train/neg/10003_1.txt	the	15	0.037406	60	1.000000	0.037406
train/neg/10004_3.txt	the	3	0.028846	60	1.000000	0.028846
train/neg/10005_3.txt	the	23	0.070336	60	1.000000	0.070336
train/neg/10006_4.txt	the	9	0.056604	60	1.000000	0.056604
train/neg/10007_1.txt	the	2	0.029412	60	1.000000	0.029412
train/neg/10008_2.txt	the	13	0.045139	60	1.000000	0.045139
train/neg/10009_1.txt	the	22	0.064140	60	1.000000	0.064140
train/neg/1000_4.txt	the	7	0.047945	60	1.000000	0.047945
train/neg/10010_3.txt	the	6	0.059406	60	1.000000	0.059406
train/neg/10011_3.txt	the	11	0.079710	60	1.000000	0.079710
train/neg/10012_1.txt	the	9	0.051724	60	1.000000	0.051724
train/neg/10013_1.txt	the	7	0.052239	60	1.000000	0.052239
train/neg/10014_2.txt	the	5	0.074627	60	1.000000	0.074627
train/neg/10015_2.txt	the	5	0.057471	60	1.000000	0.057471
train/neg/10016_4.txt	the	7	0.053030	60	1.000000	0.053030
train/neg/10017_4.txt	the	7	0.038674	60	1.000000	0.038674
train/pos/0_9.txt	the	9	0.064286	60	1.000000	0.064286
train/pos/10000_8.txt	the	24	0.054670	60	1.000000	0.054670
train/pos/10001_10.txt	the	10	0.066667	60	1.000000	0.066667
train/pos/10002_7.txt	the	6	0.048387	60	1.000000	0.048387
train/pos/10003_8.txt	the	8	0.066116	60	1.000000	0.066116
train/pos/10004_8.txt	the	8	0.045977	60	1.000000	0.045977
train/pos/10005_7.txt	the	7	0.066038	60	1.000000	0.066038
train/pos/10006_7.txt	the	11	0.032934	60	1.000000	0.032934
train/pos/10007_7.txt	the	20	0.045558	60	1.000000	0.045558
train/pos/10008_7.txt	the	12	0.037037	60	1.000000	0.037037
train/pos/10009_9.txt	the	13	0.046763	60	1.000000	0.046763
train/pos/1000_8.txt	the	7	0.083333	60	1.000000	0.083333
train/pos/10010_7.txt	the	11	0.038869	60	1.000000	0.038869
train/pos/10011_9.txt	the	19	0.085973	60	1.000000	0.085973
train/pos/10012_8.txt	the	7	0.047297	60	1.000000	0.047297
train/pos/10013_7.txt	the	10	0.061728	60	1.000000	0.061728
train/pos/10014_8.txt	the	7	0.036082	60	1.000000	0.036082
train/pos/10015_8.txt	the	12	0.036474	60	1.000000	0.036474
train/pos/10016_8.txt	the	7	0.054688	60	1.000000	0.054688
train/pos/10017_9.txt	the	17	0.112583	60	1.000000	0.112583
test/pos/0_10.txt	theater	2	0.013072	3	3.724580	0.048688
test/pos/10008_8.txt	theater	1	0.001042	3	3.724580	0.003881
train/neg/10003_1.txt	theater	1	0.002494	3	3.724580	0.009289
train/neg/10000_4.txt	theatrical	1	0.001285	1	4.417727	0.005677
test/neg/10001_1.txt	their	1	0.004464	18	2.166435	0.009671
test/neg/10002_3.txt	their	1	0.003135	18	2.166435	0.006792
test/neg/10003_3.txt	their	2	0.008439	18	2.166435	0.018283
test/neg/10005_2.txt	their	1	0.006135	18	2.166435	0.013291
test/pos/10004_9.txt	their	2	0.006349	18	2.166435	0.013755
test/pos/10007_10.txt	their	1	0.005747	18	2.166435	0.012451
train/neg/10002_1.txt	their	1	0.006536	18	2.166435	0.014160
train/neg/10009_1.txt	their	1	0.002915	18	2.166435	0.006315
train/neg/10012_1.txt	their	1	0.005747	18	2.166435	0.012451
train/neg/10015_2.txt	their	1	0.011494	18	2.166435	0.024901
train/neg/10016_4.txt	their	1	0.007576	18	2.166435	0.016413
train/pos/0_9.txt	their	2	0.014286	18	2.166435	0.030950
train/pos/10000_8.txt	their	1	0.002278	18	2.166435	0.004935
train/pos/10003_8.txt	their	1	0.008264	18	2.166435	0.017903
train/pos/10006_7.txt	their	1	0.002994	18	2.166435	0.006486
train/pos/10007_7.txt	their	2	0.004556	18	2.166435	0.009870
train/pos/10010_7.txt	their	2	0.007067	18	2.166435	0.015310
train/pos/10011_9.txt	their	2	0.009050	18	2.166435	0.019606
test/neg/10002_3.txt	them	1	0.003135	11	2.625967	0.008232
test/neg/10003_3.txt	them	1	0.004219	11	2.625967	0.011079
test/pos/0_10.txt	them	1	0.006536	11	2.625967	0.017163
test/pos/10008_8.txt	them	1	0.001042	11	2.625967	0.002736
train/neg/10000_4.txt	them	1	0.001285	11	2.625967	0.003374
train/neg/10003_1.txt	them	1	0.002494	11	2.625967	0.006549
train/neg/10005_3.txt	them	1	0.003058	11	2.625967	0.008030
train/neg/10008_2.txt	them	1	0.003472	11	2.625967	0.009117
train/neg/10009_1.txt	them	2	0.005831	11	2.625967	0.015312
train/pos/10010_7.txt	them	1	0.003534	11	2.625967	0.009280
train/pos/10015_8.txt	them	1	0.003040	11	2.625967	0.007983
test/pos/10001_9.txt	theme	1	0.004049	2	4.012262	0.016246
train/neg/10013_1.txt	theme	1	0.007463	2	4.012262	0.029944
test/pos/10006_7.txt	themselves	1	0.006993	3	3.724580	0.026046
test/pos/10007_10.txt	themselves	1	0.005747	3	3.724580	0.021405
train/neg/10003_1.txt	themselves	1	0.002494	3	3.724580	0.009289
test/neg/0_2.txt	then	1	0.005848	6	3.164964	0.018509
test/neg/10000_4.txt	then	1	0.004149	6	3.164964	0.013131
test/neg/10006_2.txt	then	1	0.006944	6	3.164964	0.021978
train/neg/10000_4.txt	then	1	0.001285	6	3.164964	0.004067
train/neg/10003_1.txt	then	1	0.002494	6	3.164964	0.007893
train/pos/10013_7.txt	then	1	0.006173	6	3.164964	0.019537
test/pos/10008_8.txt	therapy	1	0.001042	1	4.417727	0.004603
test/neg/0_2.txt	there	1	0.005848	23	1.932820	0.011303
test/neg/10000_4.txt	there	2	0.008299	23	1.932820	0.016040
test/neg/10001_1.txt	there	2	0.008929	23	1.932820	0.017258
test/neg/10002_3.txt	there	2	0.006270	23	1.932820	0.012119
test/neg/10003_3.txt	there	1	0.004219	23	1.932820	0.008155
test/neg/10004_2.txt	there	1	0.008475	23	1.932820	0.016381
test/pos/10000_7.txt	there	1	0.002841	23	1.932820	0.005491
test/pos/10001_9.txt	there	1	0.004049	23	1.932820	0.007826
test/pos/10002_8.txt	there	1	0.007812	23	1.932820	0.015099
test/pos/10004_9.txt	there	2	0.006349	23	1.932820	0.012271
test/pos/10007_10.txt	there	1	0.005747	23	1.932820	0.011108
train/neg/10000_4.txt	there	4	0.005141	23	1.932820	0.009937
train/neg/10002_1.txt	there	1	0.006536	23	1.932820	0.012633
train/neg/10006_4.txt	there	2	0.012579	23	1.932820	0.024313
train/neg/10008_2.txt	there	1	0.003472	23	1.932820	0.006711
train/neg/10016_4.txt	there	2	0.015152	23	1.932820	0.029286
train/neg/10017_4.txt	there	1	0.005525	23	1.932820	0.010679
train/pos/10003_8.txt	there	1	0.008264	23	1.932820	0.015973
train/pos/10006_7.txt	there	1	0.002994	23	1.932820	0.005787
train/pos/10008_7.txt	there	2	0.006173	23	1.932820	0.011931
train/pos/10010_7.txt	there	1	0.003534	23	1.932820	0.006831
train/pos/10016_8.txt	there	4	0.031250	23	1.932820	0.060401
train/pos/10017_9.txt	there	3	0.019868	23	1.932820	0.038401
test/pos/10000_7.txt	these	1	0.002841	11	2.625967	0.007460
test/pos/10004_9.txt	these	1	0.003175	11	2.625967	0.008337
test/pos/10008_8.txt	these	1	0.001042	11	2.625967	0.002736
train/neg/10005_3.txt	these	1	0.003058	11	2.625967	0.008030
train/neg/10009_1.txt	these	2	0.005831	11	2.625967	0.015312
train/neg/1000_4.txt	these	1	0.006849	11	2.625967	0.017985
train/pos/10006_7.txt	these	1	0.002994	11	2.625967	0.007862
train/pos/10008_7.txt	these	1	0.003086	11	2.625967	0.008104
train/pos/10010_7.txt	these	1	0.003534	11	2.625967	0.009280
train/pos/10011_9.txt	these	1	0.004525	11	2.625967	0.011883
train/pos/10013_7.txt	these	1	0.006173	11	2.625967	0.016210
train/neg/10005_3.txt	thespian	1	0.003058	1	4.417727	0.013509
test/neg/10000_4.txt	they	1	0.004149	23	1.932820	0.008019
test/neg/10001_1.txt	they	5	0.022321	23	1.932820	0.043142
test/neg/10002_3.txt	they	2	0.006270	23	1.932820	0.012119
test/neg/10003_3.txt	they	1	0.004219	23	1.932820	0.008155
test/neg/10005_2.txt	they	1	0.006135	23	1.932820	0.011858
test/neg/10006_2.txt	they	1	0.006944	23	1.932820	0.013422
test/neg/10007_4.txt	they	1	0.007752	23	1.932820	0.014983
test/pos/10005_8.txt	they	2	0.005814	23	1.932820	0.011237
test/pos/10006_7.txt	they	1	0.006993	23	1.932820	0.013516
test/pos/10007_10.txt	they	1	0.005747	23	1.932820	0.011108
train/neg/10000_4.txt	they	3	0.003856	23	1.932820	0.007453
train/neg/10002_1.txt	they	2	0.013072	23	1.932820	0.025266
train/neg/10004_3.txt	they	1	0.009615	23	1.932820	0.018584
train/neg/10005_3.txt	they	1	0.003058	23	1.932820	0.005911
train/neg/10006_4.txt	they	1	0.006289	23	1.932820	0.012156
train/neg/10008_2.txt	they	1	0.003472	23	1.932820	0.006711
train/neg/10012_1.txt	they	2	0.011494	23	1.932820	0.022216
train/neg/10015_2.txt	they	2	0.022989	23	1.932820	0.044434
train/neg/10016_4.txt	they	2	0.015152	23	1.932820	0.029286
train/pos/10000_8.txt	they	4	0.009112	23	1.932820	0.017612
train/pos/10006_7.txt	they	1	0.002994	23	1.932820	0.005787
train/pos/10010_7.txt	they	1	0.003534	23	1.932820	0.006831
train/pos/10014_8.txt	they	1	0.005155	23	1.932820	0.009964
test/neg/10007_4.txt	thin	1	0.007752	2	4.012262	0.031103
test/neg/10008_4.txt	thin	1	0.005988	2	4.012262	0.024025
test/neg/10000_4.txt	thing	1	0.004149	10	2.712979	0.011256
test/neg/10004_2.txt	thing	1	0.008475	10	2.712979	0.022992
test/neg/10006_2.txt	thing	1	0.006944	10	2.712979	0.018839
train/neg/10002_1.txt	thing	1	0.006536	10	2.712979	0.017732
train/neg/10005_3.txt	thing	1	0.003058	10	2.712979	0.008296
train/neg/10007_1.txt	thing	1	0.014706	10	2.712979	0.039897
train/neg/10008_2.txt	thing	1	0.003472	10	2.712979	0.009419
train/neg/1000_4.txt	thing	1	0.006849	10	2.712979	0.018581
train/pos/10007_7.txt	thing	1	0.002278	10	2.712979	0.006180
train/pos/10016_8.txt	thing	2	0.015625	10	2.712979	0.042390
test/neg/10002_3.txt	things	2	0.006270	7	3.031432	0.019007
test/pos/10000_7.txt	things	1	0.002841	7	3.031432	0.008612
test/pos/10007_10.txt	things	1	0.005747	7	3.031432	0.017422
train/neg/10000_4.txt	things	1	0.001285	7	3.031432	0.003895
train/neg/10016_4.txt	things	2	0.015152	7	3.031432	0.045932
train/pos/10000_8.txt	things	1	0.002278	7	3.031432	0.006906
train/pos/10010_7.txt	things	1	0.003534	7	3.031432	0.010713
test/pos/10001_9.txt	think	2	0.008097	18	2.166435	0.017542
test/pos/10005_8.txt	think	2	0.005814	18	2.166435	0.012596
test/pos/10008_8.txt	think	1	0.001042	18	2.166435	0.002257
train/neg/0_3.txt	think	1	0.008772	18	2.166435	0.019004
train/neg/10000_4.txt	think	1	0.001285	18	2.166435	0.002784
train/neg/10002_1.txt	think	1	0.006536	18	2.166435	0.014160
train/neg/10008_2.txt	think	4	0.013889	18	2.166435	0.030090
train/neg/10009_1.txt	think	1	0.002915	18	2.166435	0.006315
train/neg/10012_1.txt	think	1	0.005747	18	2.166435	0.012451
train/neg/10013_1.txt	think	1	0.007463	18	2.166435	0.016168
train/neg/10017_4.txt	think	1	0.005525	18	2.166435	0.011970
train/pos/0_9.txt	think	1	0.007143	18	2.166435	0.015475
train/pos/10000_8.txt	think	1	0.002278	18	2.166435	0.004935
train/pos/10009_9.txt	think	1	0.003597	18	2.166435	0.007793
train/pos/10011_9.txt	think	1	0.004525	18	2.166435	0.009803
train/pos/10012_8.txt	think	1	0.006757	18	2.166435	0.014639
train/pos/10013_7.txt	think	1	0.006173	18	2.166435	0.013373
train/pos/10015_8.txt	think	1	0.003040	18	2.166435	0.006586
test/pos/10008_8.txt	thinking	1	0.001042	3	3.724580	0.003881
train/neg/10008_2.txt	thinking	1	0.003472	3	3.724580	0.012932
train/neg/10012_1.txt	thinking	1	0.005747	3	3.724580	0.021405
test/neg/0_2.txt	thinks	1	0.005848	1	4.417727	0.025835
train/neg/0_3.txt	third	1	0.008772	2	4.012262	0.035196
train/pos/10004_8.txt	third	1	0.005747	2	4.012262	0.023058
train/pos/10000_8.txt	thirty	1	0.002278	1	4.417727	0.010064
test/neg/0_2.txt	this	1	0.005848	50	1.179048	0.006895
test/neg/10000_4.txt	this	7	0.029046	50	1.179048	0.034247
test/neg/10001_1.txt	this	2	0.008929	50	1.179048	0.010528
test/neg/10002_3.txt	this	7	0.021944	50	1.179048	0.025873
test/neg/10003_3.txt	this	3	0.012658	50	1.179048	0.014924
test/neg/10004_2.txt	this	2	0.016949	50	1.179048	0.019984
test/neg/10005_2.txt	this	2	0.012270	50	1.179048	0.014467
test/neg/10006_2.txt	this	6	0.041667	50	1.179048	0.049127
test/neg/10007_4.txt	this	1	0.007752	50	1.179048	0.009140
test/pos/0_10.txt	this	3	0.019608	50	1.179048	0.023119
test/pos/10000_7.txt	this	5	0.014205	50	1.179048	0.016748
test/pos/10001_9.txt	this	1	0.004049	50	1.179048	0.004774
test/pos/10002_8.txt	this	5	0.039062	50	1.179048	0.046056
test/pos/10003_8.txt	this	1	0.004878	50	1.179048	0.005751
test/pos/10004_9.txt	this	8	0.025397	50	1.179048	0.029944
test/pos/10005_8.txt	this	2	0.005814	50	1.179048	0.006855
test/pos/10006_7.txt	this	2	0.013986	50	1.179048	0.016490
test/pos/10007_10.txt	this	4	0.022989	50	1.179048	0.027105
test/pos/10008_8.txt	this	5	0.005208	50	1.179048	0.006140
train/neg/10000_4.txt	this	9	0.011568	50	1.179048	0.013639
train/neg/10001_4.txt	this	3	0.021127	50	1.179048	0.024910
train/neg/10002_1.txt	this	5	0.032680	50	1.179048	0.038531
train/neg/10003_1.txt	this	6	0.014963	50	1.179048	0.017642
train/neg/10004_3.txt	this	1	0.009615	50	1.179048	0.011337
train/neg/10006_4.txt	this	2	0.012579	50	1.179048	0.014831
train/neg/10007_1.txt	this	3	0.044118	50	1.179048	0.052017
train/neg/10008_2.txt	this	4	0.013889	50	1.179048	0.016376
train/neg/10009_1.txt	this	6	0.017493	50	1.179048	0.020625
train/neg/10011_3.txt	this	1	0.007246	50	1.179048	0.008543
train/neg/10012_1.txt	this	12	0.068966	50	1.179048	0.081314
train/neg/10013_1.txt	this	1	0.007463	50	1.179048	0.008799
train/neg/10014_2.txt	this	3	0.044776	50	1.179048	0.052793
train/neg/10016_4.txt	this	2	0.015152	50	1.179048	0.017865
train/neg/10017_4.txt	this	1	0.005525	50	1.179048	0.006514
train/pos/10000_8.txt	this	1	0.002278	50	1.179048	0.002686
train/pos/10001_10.txt	this	1	0.006667	50	1.179048	0.007861
train/pos/10002_7.txt	this	2	0.016129	50	1.179048	0.019017
train/pos/10003_8.txt	this	2	0.016529	50	1.179048	0.019488
train/pos/10004_8.txt	this	6	0.034483	50	1.179048	0.040657
train/pos/10006_7.txt	this	2	0.005988	50	1.179048	0.007060
train/pos/10008_7.txt	this	9	0.027778	50	1.179048	0.032752
train/pos/10009_9.txt	this	4	0.014388	50	1.179048	0.016964
train/pos/10010_7.txt	this	3	0.010601	50	1.179048	0.012499
train/pos/10011_9.txt	this	1	0.004525	50	1.179048	0.005335
train/pos/10012_8.txt	this	4	0.027027	50	1.179048	0.031866
train/pos/10013_7.txt	this	2	0.012346	50	1.179048	0.014557
train/pos/10014_8.txt	this	2	0.010309	50	1.179048	0.012155
train/pos/10015_8.txt	this	4	0.012158	50	1.179048	0.014335
train/pos/10016_8.txt	this	1	0.007812	50	1.179048	0.009211
train/pos/10017_9.txt	this	2	0.013245	50	1.179048	0.015616
train/neg/10009_1.txt	thomas	1	0.002915	3	3.724580	0.010857
train/neg/10012_1.txt	thomas	1	0.005747	3	3.724580	0.021405
train/neg/10013_1.txt	thomas	1	0.007463	3	3.724580	0.027797
test/neg/10001_1.txt	those	1	0.004464	10	2.712979	0.012111
test/pos/10001_9.txt	those	1	0.004049	10	2.712979	0.010985
test/pos/10003_8.txt	those	1	0.004878	10	2.712979	0.013234
train/neg/0_3.txt	those	1	0.008772	10	2.712979	0.023798
train/neg/10000_4.txt	those	1	0.001285	10	2.712979	0.003486
train/neg/10006_4.txt	those	1	0.006289	10	2.712979	0.017062
train/pos/10000_8.txt	those	1	0.002278	10	2.712979	0.006180
train/pos/10008_7.txt	those	1	0.003086	10	2.712979	0.008372
train/pos/10009_9.txt	those	1	0.003597	10	2.712979	0.009759
train/pos/10010_7.txt	those	1	0.003534	10	2.712979	0.009588
test/neg/10008_4.txt	though	1	0.005988	8	2.913649	0.017447
test/pos/10006_7.txt	though	1	0.006993	8	2.913649	0.020375
train/neg/10000_4.txt	though	1	0.001285	8	2.913649	0.003744
train/neg/10009_1.txt	though	2	0.005831	8	2.913649	0.016989
train/neg/10010_3.txt	though	2	0.019802	8	2.913649	0.057696
train/pos/10004_8.txt	though	2	0.011494	8	2.913649	0.033489
train/pos/10008_7.txt	though	2	0.006173	8	2.913649	0.017986
train/pos/10017_9.txt	though	1	0.006623	8	2.913649	0.019297
test/neg/10002_3.txt	thought	1	0.003135	7	3.031432	0.009504
train/neg/10000_4.txt	thought	1	0.001285	7	3.031432	0.003895
train/neg/10008_2.txt	thought	1	0.003472	7	3.031432	0.010525
train/neg/10011_3.txt	thought	1	0.007246	7	3.031432	0.021966
train/neg/10017_4.txt	thought	1	0.005525	7	3.031432	0.016749
train/pos/10008_7.txt	thought	1	0.003086	7	3.031432	0.009355
train/pos/10013_7.txt	thought	1	0.006173	7	3.031432	0.018713
test/pos/10003_8.txt	threatens	1	0.004878	1	4.417727	0.021550
test/neg/10007_4.txt	three	1	0.007752	4	3.501436	0.027143
train/neg/10000_4.txt	three	4	0.005141	4	3.501436	0.018001
train/neg/10009_1.txt	three	4	0.011662	4	3.501436	0.040834
train/pos/10001_10.txt	three	1	0.006667	4	3.501436	0.023344
train/pos/10017_9.txt	thrill	1	0.006623	1	4.417727	0.029259
train/neg/10000_4.txt	thriller	1	0.001285	6	3.164964	0.004067
train/neg/10010_3.txt	thriller	1	0.009901	6	3.164964	0.031336
train/pos/10004_8.txt	thriller	3	0.017241	6	3.164964	0.054567
train/pos/10005_7.txt	thriller	1	0.009434	6	3.164964	0.029858
train/pos/10006_7.txt	thriller	1	0.002994	6	3.164964	0.009476
train/pos/10011_9.txt	thriller	1	0.004525	6	3.164964	0.014321
train/pos/10017_9.txt	thrillers	1	0.006623	1	4.417727	0.029259
train/neg/10011_3.txt	thrilling	1	0.007246	2	4.012262	0.029073
train/pos/10005_7.txt	thrilling	1	0.009434	2	4.012262	0.037852
train/neg/10011_3.txt	thrills	1	0.007246	1	4.417727	0.032011
train/neg/10017_4.txt	throat	1	0.005525	1	4.417727	0.024408
test/neg/10001_1.txt	through	1	0.004464	16	2.277661	0.010167
test/neg/10004_2.txt	through	1	0.008475	16	2.277661	0.019303
test/neg/10006_2.txt	through	1	0.006944	16	2.277661	0.015816
test/pos/10001_9.txt	through	1	0.004049	16	2.277661	0.009222
test/pos/10003_8.txt	through	1	0.004878	16	2.277661	0.011110
train/neg/10000_4.txt	through	1	0.001285	16	2.277661	0.002927
train/neg/10002_1.txt	through	1	0.006536	16	2.277661	0.014887
train/neg/10003_1.txt	through	1	0.002494	16	2.277661	0.005680
train/neg/10005_3.txt	through	1	0.003058	16	2.277661	0.006965
train/neg/10006_4.txt	through	1	0.006289	16	2.277661	0.014324
train/neg/10009_1.txt	through	1	0.002915	16	2.277661	0.006639
train/neg/1000_4.txt	through	1	0.006849	16	2.277661	0.015600
train/pos/0_9.txt	through	1	0.007143	16	2.277661	0.016269
train/pos/10004_8.txt	through	1	0.005747	16	2.277661	0.013090
train/pos/10009_9.txt	through	1	0.003597	16	2.277661	0.008193
train/pos/10017_9.txt	through	2	0.013245	16	2.277661	0.030168
test/pos/10003_8.txt	throughout	1	0.004878	3	3.724580	0.018168
train/pos/10014_8.txt	throughout	1	0.005155	3	3.724580	0.019200
train/pos/10016_8.txt	throughout	1	0.007812	3	3.724580	0.029096
train/neg/1000_4.txt	throw	1	0.006849	1	4.417727	0.030257
train/pos/10000_8.txt	thrown	1	0.002278	1	4.417727	0.010064
train/neg/10017_4.txt	ticket	1	0.005525	1	4.417727	0.024408
train/neg/10005_3.txt	tics	1	0.003058	1	4.417727	0.013509
train/pos/10015_8.txt	tie	1	0.003040	1	4.417727	0.013430
train/neg/10000_4.txt	tile	1	0.001285	1	4.417727	0.005677
test/pos/10008_8.txt	till	1	0.001042	1	4.417727	0.004603
train/pos/10007_7.txt	tilt	1	0.002278	1	4.417727	0.010064
test/neg/0_2.txt	time	1	0.005848	23	1.932820	0.011303
test/neg/10002_3.txt	time	2	0.006270	23	1.932820	0.012119
test/neg/10004_2.txt	time	1	0.008475	23	1.932820	0.016381
test/neg/10005_2.txt	time	1	0.006135	23	1.932820	0.011858
test/neg/10006_2.txt	time	1	0.006944	23	1.932820	0.013422
test/neg/10008_4.txt	time	1	0.005988	23	1.932820	0.011574
test/pos/10004_9.txt	time	1	0.003175	23	1.932820	0.006137
test/pos/10008_8.txt	time	1	0.001042	23	1.932820	0.002014
train/neg/0_3.txt	time	1	0.008772	23	1.932820	0.016955
train/neg/10000_4.txt	time	4	0.005141	23	1.932820	0.009937
train/neg/10002_1.txt	time	1	0.006536	23	1.932820	0.012633
train/neg/10008_2.txt	time	1	0.003472	23	1.932820	0.006711
train/neg/10009_1.txt	time	1	0.002915	23	1.932820	0.005634
train/neg/1000_4.txt	time	1	0.006849	23	1.932820	0.013238
train/neg/10012_1.txt	time	1	0.005747	23	1.932820	0.011108
train/neg/10014_2.txt	time	1	0.014925	23	1.932820	0.028847
train/pos/0_9.txt	time	1	0.007143	23	1.932820	0.013806
train/pos/10001_10.txt	time	2	0.013333	23	1.932820	0.025770
train/pos/10005_7.txt	time	1	0.009434	23	1.932820	0.018234
train/pos/10006_7.txt	time	1	0.002994	23	1.932820	0.005787
train/pos/1000_8.txt	time	1	0.011905	23	1.932820	0.023010
train/pos/10012_8.txt	time	1	0.006757	23	1.932820	0.013060
train/pos/10017_9.txt	time	1	0.006623	23	1.932820	0.012801
test/neg/10000_4.txt	times	1	0.004149	4	3.501436	0.014527
train/pos/10008_7.txt	times	1	0.003086	4	3.501436	0.010805
train/pos/10010_7.txt	times	1	0.003534	4	3.501436	0.012374
train/pos/10014_8.txt	times	1	0.005155	4	3.501436	0.018050
train/neg/10006_4.txt	timid	1	0.006289	1	4.417727	0.027783
train/neg/10006_4.txt	timidity	1	0.006289	1	4.417727	0.027783
train/pos/10002_7.txt	titanic	1	0.008065	1	4.417727	0.035629
test/pos/10004_9.txt	titans	1	0.003175	1	4.417727	0.014026
train/neg/10013_1.txt	titillate	1	0.007463	1	4.417727	0.032969
test/neg/10003_3.txt	title	1	0.004219	1	4.417727	0.018638
test/neg/0_2.txt	to	3	0.017544	55	1.085522	0.019044
test/neg/10000_4.txt	to	3	0.012448	55	1.085522	0.013513
test/neg/10001_1.txt	to	1	0.004464	55	1.085522	0.004846
test/neg/10002_3.txt	to	7	0.021944	55	1.085522	0.023821
test/neg/10003_3.txt	to	3	0.012658	55	1.085522	0.013741
test/neg/10004_2.txt	to	4	0.033898	55	1.085522	0.036797
test/neg/10005_2.txt	to	3	0.018405	55	1.085522	0.019979
test/neg/10006_2.txt	to	4	0.027778	55	1.085522	0.030154
test/neg/10007_4.txt	to	3	0.023256	55	1.085522	0.025245
test/pos/0_10.txt	to	5	0.032680	55	1.085522	0.035475
test/pos/10000_7.txt	to	8	0.022727	55	1.085522	0.024671
test/pos/10001_9.txt	to	5	0.020243	55	1.085522	0.021974
test/pos/10002_8.txt	to	2	0.015625	55	1.085522	0.016961
test/pos/10003_8.txt	to	3	0.014634	55	1.085522	0.015886
test/pos/10004_9.txt	to	3	0.009524	55	1.085522	0.010339
test/pos/10005_8.txt	to	4	0.011628	55	1.085522	0.012622
test/pos/10008_8.txt	to	31	0.032292	55	1.085522	0.035054
train/neg/0_3.txt	to	1	0.008772	55	1.085522	0.009522
train/neg/10000_4.txt	to	13	0.016710	55	1.085522	0.018139
train/neg/10001_4.txt	to	1	0.007042	55	1.085522	0.007644
train/neg/10002_1.txt	to	2	0.013072	55	1.085522	0.014190
train/neg/10003_1.txt	to	11	0.027431	55	1.085522	0.029777
train/neg/10004_3.txt	to	2	0.019231	55	1.085522	0.020876
train/neg/10005_3.txt	to	9	0.027523	55	1.085522	0.029877
train/neg/10006_4.txt	to	5	0.031447	55	1.085522	0.034136
train/neg/10007_1.txt	to	2	0.029412	55	1.085522	0.031927
train/neg/10008_2.txt	to	7	0.024306	55	1.085522	0.026385
train/neg/10009_1.txt	to	11	0.032070	55	1.085522	0.034813
train/neg/1000_4.txt	to	4	0.027397	55	1.085522	0.029740
train/neg/10010_3.txt	to	4	0.039604	55	1.085522	0.042991
train/neg/10012_1.txt	to	5	0.028736	55	1.085522	0.031194
train/neg/10013_1.txt	to	3	0.022388	55	1.085522	0.024303
train/neg/10014_2.txt	to	2	0.029851	55	1.085522	0.032404
train/neg/10015_2.txt	to	3	0.034483	55	1.085522	0.037432
train/neg/10016_4.txt	to	1	0.007576	55	1.085522	0.008224
train/neg/10017_4.txt	to	2	0.011050	55	1.085522	0.011995
train/pos/0_9.txt	to	6	0.042857	55	1.085522	0.046522
train/pos/10000_8.txt	to	20	0.045558	55	1.085522	0.049454
train/pos/10001_10.txt	to	2	0.013333	55	1.085522	0.014473
train/pos/10002_7.txt	to	1	0.008065	55	1.085522	0.008755
train/pos/10003_8.txt	to	5	0.041322	55	1.085522	0.044856
train/pos/10004_8.txt	to	5	0.028736	55	1.085522	0.031194
train/pos/10005_7.txt	to	4	0.037736	55	1.085522	0.040963
train/pos/10006_7.txt	to	5	0.014970	55	1.085522	0.016250
train/pos/10007_7.txt	to	10	0.022779	55	1.085522	0.024727
train/pos/10008_7.txt	to	5	0.015432	55	1.085522	0.016752
train/pos/10009_9.txt	to	6	0.021583	55	1.085522	0.023429
train/pos/10010_7.txt	to	7	0.024735	55	1.085522	0.026850
train/pos/10011_9.txt	to	4	0.018100	55	1.085522	0.019648
train/pos/10012_8.txt	to	1	0.006757	55	1.085522	0.007335
train/pos/10013_7.txt	to	4	0.024691	55	1.085522	0.026803
train/pos/10014_8.txt	to	3	0.015464	55	1.085522	0.016787
train/pos/10015_8.txt	to	10	0.030395	55	1.085522	0.032994
train/pos/10016_8.txt	to	4	0.031250	55	1.085522	0.033923
train/pos/10017_9.txt	to	2	0.013245	55	1.085522	0.014378
train/neg/1000_4.txt	together	1	0.006849	2	4.012262	0.027480
train/pos/10015_8.txt	together	1	0.003040	2	4.012262	0.012197
test/neg/10007_4.txt	tokyo	1	0.007752	1	4.417727	0.034246
test/neg/0_2.txt	told	1	0.005848	4	3.501436	0.020476
test/neg/10006_2.txt	told	1	0.006944	4	3.501436	0.024314
test/pos/10005_8.txt	told	3	0.008721	4	3.501436	0.030536
train/pos/10011_9.txt	told	2	0.009050	4	3.501436	0.031688
train/neg/10009_1.txt	tolerable	1	0.002915	1	4.417727	0.012878
train/neg/10009_1.txt	tomlin	1	0.002915	1	4.417727	0.012878
train/pos/10015_8.txt	tones	1	0.003040	1	4.417727	0.013430
train/pos/10006_7.txt	toni	2	0.005988	7	3.031432	0.018152
train/pos/10007_7.txt	toni	1	0.002278	7	3.031432	0.006906
train/pos/10008_7.txt	toni	2	0.006173	7	3.031432	0.018713
train/pos/10010_7.txt	toni	1	0.003534	7	3.031432	0.010713
train/pos/10011_9.txt	toni	1	0.004525	7	3.031432	0.013717
train/pos/10014_8.txt	toni	2	0.010309	7	3.031432	0.031251
train/pos/10015_8.txt	toni	1	0.003040	7	3.031432	0.009216
test/neg/10003_3.txt	too	1	0.004219	15	2.338285	0.009865
test/neg/10006_2.txt	too	1	0.006944	15	2.338285	0.016237
test/pos/10005_8.txt	too	1	0.002907	15	2.338285	0.006797
test/pos/10008_8.txt	too	2	0.002083	15	2.338285	0.004871
train/neg/0_3.txt	too	1	0.008772	15	2.338285	0.020511
train/neg/10000_4.txt	too	1	0.001285	15	2.338285	0.003005
train/neg/10002_1.txt	too	2	0.013072	15	2.338285	0.030566
train/neg/10003_1.txt	too	1	0.002494	15	2.338285	0.005832
train/neg/10008_2.txt	too	1	0.003472	15	2.338285	0.008119
train/neg/10010_3.txt	too	1	0.009901	15	2.338285	0.023151
train/pos/10001_10.txt	too	1	0.006667	15	2.338285	0.015589
train/pos/10008_7.txt	too	2	0.006173	15	2.338285	0.014434
train/pos/1000_8.txt	too	1	0.011905	15	2.338285	0.027837
train/pos/10011_9.txt	too	2	0.009050	15	2.338285	0.021161
train/pos/10013_7.txt	too	1	0.006173	15	2.338285	0.014434
test/neg/10002_3.txt	took	1	0.003135	2	4.012262	0.012578
train/neg/10003_1.txt	took	1	0.002494	2	4.012262	0.010007
test/neg/10002_3.txt	top	1	0.003135	6	3.164964	0.009922
test/pos/10000_7.txt	top	1	0.002841	6	3.164964	0.008992
test/pos/10006_7.txt	top	1	0.006993	6	3.164964	0.022133
train/pos/10011_9.txt	top	1	0.004525	6	3.164964	0.014321
train/pos/10012_8.txt	top	1	0.006757	6	3.164964	0.021386
train/pos/10015_8.txt	top	1	0.003040	6	3.164964	0.009621
train/neg/10010_3.txt	topics	1	0.009901	1	4.417727	0.043740
train/pos/10010_7.txt	torn	1	0.003534	1	4.417727	0.015612
test/pos/10004_9.txt	torrential	1	0.003175	1	4.417727	0.014026
train/neg/10008_2.txt	torture	1	0.003472	1	4.417727	0.015338
train/neg/1000_4.txt	total	1	0.006849	1	4.417727	0.030257
test/neg/10004_2.txt	totally	1	0.008475	1	4.417727	0.037440
train/pos/10011_9.txt	touch	1	0.004525	1	4.417727	0.019990
test/pos/10003_8.txt	touches	1	0.004878	2	4.012262	0.019572
train/pos/10009_9.txt	touches	1	0.003597	2	4.012262	0.014432
test/pos/10001_9.txt	tournament	1	0.004049	1	4.417727	0.017887
train/neg/10005_3.txt	towering	1	0.003058	1	4.417727	0.013509
test/neg/10004_2.txt	town	1	0.008475	1	4.417727	0.037440
test/pos/0_10.txt	toy	1	0.006536	2	4.012262	0.026224
train/neg/10000_4.txt	toy	1	0.001285	2	4.012262	0.005156
train/neg/10002_1.txt	track	1	0.006536	1	4.417727	0.028874
test/neg/10008_4.txt	trading	1	0.005988	1	4.417727	0.026453
train/pos/10002_7.txt	traditionally	1	0.008065	1	4.417727	0.035629
train/neg/10017_4.txt	traffic	1	0.005525	1	4.417727	0.024408
test/neg/10003_3.txt	trained	1	0.004219	1	4.417727	0.018638
train/pos/10007_7.txt	trait	1	0.002278	1	4.417727	0.010064
test/pos/10005_8.txt	transformation	1	0.002907	1	4.417727	0.012842
train/pos/1000_8.txt	transitional	1	0.011905	1	4.417727	0.052593
train/neg/10001_4.txt	translated	1	0.007042	1	4.417727	0.031110
test/neg/10002_3.txt	transparent	1	0.003135	1	4.417727	0.013850
train/neg/10000_4.txt	trapped	1	0.001285	2	4.012262	0.005156
train/neg/10009_1.txt	trapped	1	0.002915	2	4.012262	0.011696
test/neg/10000_4.txt	trash	1	0.004149	1	4.417727	0.018329
test/neg/10003_3.txt	trashy	1	0.004219	1	4.417727	0.018638
test/pos/10001_9.txt	trauma	1	0.004049	1	4.417727	0.017887
train/pos/10007_7.txt	travails	1	0.002278	1	4.417727	0.010064
train/pos/10000_8.txt	treasure	1	0.002278	1	4.417727	0.010064
test/pos/10008_8.txt	treat	1	0.001042	1	4.417727	0.004603
train/neg/10000_4.txt	triangle	1	0.001285	1	4.417727	0.005677
train/neg/10005_3.txt	tricked	1	0.003058	1	4.417727	0.013509
train/neg/10005_3.txt	tricks	1	0.003058	1	4.417727	0.013509
train/neg/10014_2.txt	tried	1	0.014925	2	4.012262	0.059883
train/pos/0_9.txt	tried	1	0.007143	2	4.012262	0.028660
train/pos/10013_7.txt	tries	1	0.006173	1	4.417727	0.027271
train/neg/10003_1.txt	tripe	1	0.002494	1	4.417727	0.011018
test/pos/10003_8.txt	triumph	1	0.004878	1	4.417727	0.021550
test/pos/10008_8.txt	trouble	1	0.001042	1	4.417727	0.004603
train/neg/1000_4.txt	troubled	1	0.006849	2	4.012262	0.027480
train/pos/10007_7.txt	troubled	1	0.002278	2	4.012262	0.009140
test/pos/10008_8.txt	troubles	1	0.001042	1	4.417727	0.004603
train/pos/10006_7.txt	troubling	1	0.002994	1	4.417727	0.013227
train/pos/1000_8.txt	truck	1	0.011905	1	4.417727	0.052593
test/neg/10005_2.txt	true	1	0.006135	9	2.808289	0.017229
test/pos/10000_7.txt	true	1	0.002841	9	2.808289	0.007978
test/pos/10003_8.txt	true	1	0.004878	9	2.808289	0.013699
test/pos/10004_9.txt	true	1	0.003175	9	2.808289	0.008916
test/pos/10008_8.txt	true	1	0.001042	9	2.808289	0.002926
train/neg/10008_2.txt	true	2	0.006944	9	2.808289	0.019501
train/pos/10006_7.txt	true	2	0.005988	9	2.808289	0.016816
train/pos/10007_7.txt	true	2	0.004556	9	2.808289	0.012795
train/pos/10016_8.txt	true	1	0.007812	9	2.808289	0.021938
test/pos/10004_9.txt	truly	3	0.009524	4	3.501436	0.033348
train/pos/10002_7.txt	truly	1	0.008065	4	3.501436	0.028239
train/pos/10009_9.txt	truly	1	0.003597	4	3.501436	0.012595
train/pos/10016_8.txt	truly	1	0.007812	4	3.501436	0.027353
test/pos/10008_8.txt	trust	1	0.001042	2	4.012262	0.004181
train/pos/10009_9.txt	trust	1	0.003597	2	4.012262	0.014432
train/neg/10003_1.txt	truth	1	0.002494	1	4.417727	0.011018
train/pos/10007_7.txt	truths	1	0.002278	1	4.417727	0.010064
train/neg/10008_2.txt	try	1	0.003472	2	4.012262	0.013931
train/neg/10015_2.txt	try	1	0.011494	2	4.012262	0.046117
test/pos/0_10.txt	trying	1	0.006536	3	3.724580	0.024344
train/neg/10000_4.txt	trying	1	0.001285	3	3.724580	0.004786
train/neg/10008_2.txt	trying	1	0.003472	3	3.724580	0.012932
train/neg/10015_2.txt	turmoil	1	0.011494	1	4.417727	0.050777
train/pos/10001_10.txt	turncoat	1	0.006667	1	4.417727	0.029453
test/neg/10002_3.txt	turned	1	0.003135	3	3.724580	0.011677
test/pos/10000_7.txt	turned	1	0.002841	3	3.724580	0.010582
train/neg/0_3.txt	turned	2	0.017544	3	3.724580	0.065344
test/neg/0_2.txt	turning	1	0.005848	3	3.724580	0.021781
test/neg/10002_3.txt	turning	2	0.006270	3	3.724580	0.023353
train/neg/10005_3.txt	turning	1	0.003058	3	3.724580	0.011390
train/neg/10015_2.txt	turns	1	0.011494	2	4.012262	0.046117
train/pos/10009_9.txt	turns	1	0.003597	2	4.012262	0.014432
test/neg/10003_3.txt	tv	1	0.004219	4	3.501436	0.014773
test/pos/10008_8.txt	tv	1	0.001042	4	3.501436	0.003648
train/neg/10000_4.txt	tv	1	0.001285	4	3.501436	0.004499
train/neg/10010_3.txt	tv	1	0.009901	4	3.501436	0.034668
test/pos/10008_8.txt	twenties	1	0.001042	1	4.417727	0.004603
test/pos/10000_7.txt	twentieth	1	0.002841	3	3.724580	0.010582
test/pos/10001_9.txt	twentieth	1	0.004049	3	3.724580	0.015081
test/pos/10003_8.txt	twentieth	1	0.004878	3	3.724580	0.018168
test/pos/10006_7.txt	twenty	1	0.006993	2	4.012262	0.028058
train/neg/10008_2.txt	twenty	1	0.003472	2	4.012262	0.013931
train/neg/10016_4.txt	twist	1	0.007576	1	4.417727	0.033469
test/neg/10002_3.txt	twists	1	0.003135	2	4.012262	0.012578
test/neg/10006_2.txt	twists	1	0.006944	2	4.012262	0.027861
test/neg/10001_1.txt	two	1	0.004464	12	2.545925	0.011365
test/neg/10002_3.txt	two	1	0.003135	12	2.545925	0.007981
test/neg/10003_3.txt	two	2	0.008439	12	2.545925	0.021485
test/pos/10000_7.txt	two	1	0.002841	12	2.545925	0.007233
test/pos/10008_8.txt	two	1	0.001042	12	2.545925	0.002653
train/neg/10000_4.txt	two	3	0.003856	12	2.545925	0.009817
train/neg/10002_1.txt	two	2	0.013072	12	2.545925	0.033280
train/neg/10006_4.txt	two	1	0.006289	12	2.545925	0.016011
train/neg/1000_4.txt	two	1	0.006849	12	2.545925	0.017437
train/pos/10001_10.txt	two	1	0.006667	12	2.545925	0.016974
train/pos/10006_7.txt	two	1	0.002994	12	2.545925	0.007622
train/pos/10015_8.txt	two	1	0.003040	12	2.545925	0.007740
train/neg/10015_2.txt	typical	1	0.011494	2	4.012262	0.046117
train/pos/10003_8.txt	typical	1	0.008264	2	4.012262	0.033157
test/pos/10000_7.txt	u	2	0.005682	2	4.012262	0.022798
test/pos/10004_9.txt	u	2	0.006349	2	4.012262	0.025474
train/neg/10006_4.txt	ubiquitous	1	0.006289	1	4.417727	0.027783
train/neg/10009_1.txt	ufortunately	1	0.002915	1	4.417727	0.012878
test/neg/10001_1.txt	ugly	1	0.004464	1	4.417727	0.019721
train/pos/10007_7.txt	ulterior	1	0.002278	1	4.417727	0.010064
train/neg/10001_4.txt	ultimately	1	0.007042	3	3.724580	0.026228
train/pos/10007_7.txt	ultimately	1	0.002278	3	3.724580	0.008485
train/pos/10008_7.txt	ultimately	1	0.003086	3	3.724580	0.011494
test/neg/10004_2.txt	unable	1	0.008475	1	4.417727	0.037440
train/neg/10004_3.txt	unbearably	1	0.009615	1	4.417727	0.042476
test/neg/10003_3.txt	undeniable	1	0.004219	1	4.417727	0.018638
test/pos/10000_7.txt	under	1	0.002841	5	3.319114	0.009430
test/pos/10008_8.txt	under	2	0.002083	5	3.319114	0.006914
train/neg/10000_4.txt	under	1	0.001285	5	3.319114	0.004265
train/pos/10003_8.txt	under	1	0.008264	5	3.319114	0.027429
train/pos/10011_9.txt	under	1	0.004525	5	3.319114	0.015019
test/neg/10000_4.txt	undercover	1	0.004149	1	4.417727	0.018329
test/pos/10000_7.txt	underdog	1	0.002841	1	4.417727	0.012551
train/pos/10007_7.txt	underlines	1	0.002278	1	4.417727	0.010064
train/pos/10002_7.txt	underrated	1	0.008065	1	4.417727	0.035629
test/neg/10004_2.txt	understand	1	0.008475	2	4.012262	0.034004
test/pos/10007_10.txt	understand	1	0.005747	2	4.012262	0.023058
train/neg/10003_1.txt	understanding	1	0.002494	1	4.417727	0.011018
train/pos/10008_7.txt	understated	1	0.003086	1	4.417727	0.013633
test/pos/10008_8.txt	underwrites	1	0.001042	1	4.417727	0.004603
test/pos/10000_7.txt	unexpected	1	0.002841	1	4.417727	0.012551
train/pos/10005_7.txt	unexpectedness	1	0.009434	1	4.417727	0.041677
train/neg/10013_1.txt	unexplored	1	0.007463	1	4.417727	0.032969
test/pos/10004_9.txt	unfolds	1	0.003175	2	4.012262	0.012739
train/pos/10005_7.txt	unfolds	1	0.009434	2	4.012262	0.037852
test/neg/10003_3.txt	unfortunately	1	0.004219	3	3.724580	0.015714
train/neg/0_3.txt	unfortunately	1	0.008772	3	3.724580	0.032672
train/neg/10000_4.txt	unfortunately	1	0.001285	3	3.724580	0.004786
test/neg/10003_3.txt	uniforms	1	0.004219	1	4.417727	0.018638
train/neg/10002_1.txt	uninspired	1	0.006536	1	4.417727	0.028874
test/pos/10006_7.txt	unique	1	0.006993	1	4.417727	0.030893
test/neg/10006_2.txt	unless	1	0.006944	2	4.012262	0.027861
train/neg/10008_2.txt	unless	1	0.003472	2	4.012262	0.013931
train/pos/10002_7.txt	unlike	1	0.008065	1	4.417727	0.035629
train/neg/10017_4.txt	unmasking	1	0.005525	1	4.417727	0.024408
train/pos/10007_7.txt	unmentioned	1	0.002278	1	4.417727	0.010064
train/neg/10003_1.txt	unmistakable	1	0.002494	1	4.417727	0.011018
train/neg/0_3.txt	unnatural	1	0.008772	1	4.417727	0.038752
train/neg/10013_1.txt	unnecessary	1	0.007463	2	4.012262	0.029944
train/pos/10005_7.txt	unnecessary	1	0.009434	2	4.012262	0.037852
train/neg/10004_3.txt	unpalatable	1	0.009615	1	4.417727	0.042476
train/neg/10007_1.txt	unscathed	1	0.014706	1	4.417727	0.064967
train/pos/10008_7.txt	unsettled	1	0.003086	1	4.417727	0.013633
train/pos/10007_7.txt	unsettling	1	0.002278	1	4.417727	0.010064
train/neg/10000_4.txt	unsympathetic	1	0.001285	1	4.417727	0.005677
test/neg/0_2.txt	until	1	0.005848	9	2.808289	0.016423
test/neg/10002_3.txt	until	1	0.003135	9	2.808289	0.008804
train/neg/10000_4.txt	until	1	0.001285	9	2.808289	0.003609
train/neg/10003_1.txt	until	1	0.002494	9	2.808289	0.007004
train/neg/10014_2.txt	until	1	0.014925	9	2.808289	0.041914
train/pos/10000_8.txt	until	1	0.002278	9	2.808289	0.006397
train/pos/10004_8.txt	until	1	0.005747	9	2.808289	0.016139
train/pos/10007_7.txt	until	1	0.002278	9	2.808289	0.006397
train/pos/10008_7.txt	until	1	0.003086	9	2.808289	0.008666
train/pos/1000_8.txt	unusual	1	0.011905	1	4.417727	0.052593
test/pos/10002_8.txt	unusually	1	0.007812	1	4.417727	0.034511
test/neg/10000_4.txt	up	1	0.004149	12	2.545925	0.010563
test/neg/10002_3.txt	up	2	0.006270	12	2.545925	0.015963
test/neg/10008_4.txt	up	1	0.005988	12	2.545925	0.015245
test/pos/10000_7.txt	up	2	0.005682	12	2.545925	0.014466
test/pos/10005_8.txt	up	1	0.002907	12	2.545925	0.007401
test/pos/10008_8.txt	up	2	0.002083	12	2.545925	0.005303
train/neg/10000_4.txt	up	2	0.002571	12	2.545925	0.006546
train/neg/10005_3.txt	up	1	0.003058	12	2.545925	0.007785
train/neg/1000_4.txt	up	1	0.006849	12	2.545925	0.017437
train/pos/10000_8.txt	up	1	0.002278	12	2.545925	0.005800
train/pos/10009_9.txt	up	1	0.003597	12	2.545925	0.009158
train/pos/10015_8.txt	up	1	0.003040	12	2.545925	0.007740
test/neg/10005_2.txt	upon	1	0.006135	2	4.012262	0.024615
test/pos/10003_8.txt	upon	1	0.004878	2	4.012262	0.019572
test/pos/10001_9.txt	upper	2	0.008097	3	3.724580	0.030158
test/pos/10004_9.txt	upper	1	0.003175	3	3.724580	0.011826
train/neg/10011_3.txt	upper	1	0.007246	3	3.724580	0.026988
train/neg/10000_4.txt	urgency	1	0.001285	1	4.417727	0.005677
test/neg/0_2.txt	us	2	0.011696	9	2.808289	0.032846
test/neg/10004_2.txt	us	1	0.008475	9	2.808289	0.023800
test/pos/10003_8.txt	us	1	0.004878	9	2.808289	0.013699
train/neg/10000_4.txt	us	1	0.001285	9	2.808289	0.003609
train/neg/10003_1.txt	us	1	0.002494	9	2.808289	0.007004
train/neg/10005_3.txt	us	1	0.003058	9	2.808289	0.008588
train/neg/10017_4.txt	us	1	0.005525	9	2.808289	0.015516
train/pos/10009_9.txt	us	1	0.003597	9	2.808289	0.010101
train/pos/10016_8.txt	us	1	0.007812	9	2.808289	0.021938
test/neg/10006_2.txt	use	1	0.006944	5	3.319114	0.023048
test/pos/10004_9.txt	use	1	0.003175	5	3.319114	0.010538
test/pos/10006_7.txt	use	1	0.006993	5	3.319114	0.023211
train/neg/10005_3.txt	use	1	0.003058	5	3.319114	0.010150
train/pos/10005_7.txt	use	1	0.009434	5	3.319114	0.031313
test/pos/10001_9.txt	used	1	0.004049	3	3.724580	0.015081
test/pos/10005_8.txt	used	1	0.002907	3	3.724580	0.010827
train/pos/10000_8.txt	used	2	0.004556	3	3.724580	0.016969
train/pos/10010_7.txt	useful	1	0.003534	1	4.417727	0.015612
test/pos/10008_8.txt	users	1	0.001042	1	4.417727	0.004603
train/neg/10003_1.txt	using	1	0.002494	2	4.012262	0.010007
train/pos/10000_8.txt	using	1	0.002278	2	4.012262	0.009140
test/pos/10003_8.txt	usual	1	0.004878	2	4.012262	0.019572
train/pos/10001_10.txt	usual	1	0.006667	2	4.012262	0.026750
test/neg/10005_2.txt	usually	1	0.006135	1	4.417727	0.027103
train/neg/10012_1.txt	utter	1	0.005747	1	4.417727	0.025389
train/neg/10009_1.txt	utterly	1	0.002915	1	4.417727	0.012878
train/pos/10000_8.txt	vagrant	1	0.002278	1	4.417727	0.010064
test/pos/10008_8.txt	vain	1	0.001042	1	4.417727	0.004603
test/neg/10003_3.txt	valli	1	0.004219	1	4.417727	0.018638
train/neg/10000_4.txt	valuable	2	0.002571	2	4.012262	0.010316
train/pos/10000_8.txt	valuable	1	0.002278	2	4.012262	0.009140
test/neg/10007_4.txt	value	1	0.007752	2	4.012262	0.031103
test/pos/10001_9.txt	value	1	0.004049	2	4.012262	0.016246
test/pos/10004_9.txt	values	1	0.003175	2	4.012262	0.012739
train/neg/10000_4.txt	values	1	0.001285	2	4.012262	0.005156
test/neg/10005_2.txt	vampirism	1	0.006135	1	4.417727	0.027103
test/pos/10000_7.txt	vardon	1	0.002841	3	3.724580	0.010582
test/pos/10001_9.txt	vardon	1	0.004049	3	3.724580	0.015081
test/pos/10004_9.txt	vardon	1	0.003175	3	3.724580	0.011826
train/pos/10015_8.txt	various	1	0.003040	1	4.417727	0.013430
test/neg/10000_4.txt	ve	2	0.008299	5	3.319114	0.027545
test/neg/10002_3.txt	ve	1	0.003135	5	3.319114	0.010405
test/neg/10006_2.txt	ve	1	0.006944	5	3.319114	0.023048
train/pos/10015_8.txt	ve	1	0.003040	5	3.319114	0.010090
train/pos/10017_9.txt	ve	1	0.006623	5	3.319114	0.021982
train/pos/10004_8.txt	vehicle	1	0.005747	1	4.417727	0.025389
train/neg/10006_4.txt	veil	1	0.006289	1	4.417727	0.027783
test/pos/10004_9.txt	vein	1	0.003175	1	4.417727	0.014026
train/pos/10006_7.txt	vending	1	0.002994	1	4.417727	0.013227
test/neg/10008_4.txt	veneer	1	0.005988	2	4.012262	0.024025
train/pos/10010_7.txt	veneer	1	0.003534	2	4.012262	0.014179
test/neg/10003_3.txt	venice	1	0.004219	1	4.417727	0.018638
test/neg/10003_3.txt	versatile	1	0.004219	1	4.417727	0.018638
test/neg/10001_1.txt	version	1	0.004464	8	2.913649	0.013007
test/neg/10004_2.txt	version	1	0.008475	8	2.913649	0.024693
test/pos/10000_7.txt	version	1	0.002841	8	2.913649	0.008278
train/neg/10000_4.txt	version	1	0.001285	8	2.913649	0.003744
train/neg/10009_1.txt	version	1	0.002915	8	2.913649	0.008493
train/neg/1000_4.txt	version	1	0.006849	8	2.913649	0.019956
train/pos/10009_9.txt	version	1	0.003597	8	2.913649	0.010480
train/pos/10011_9.txt	version	2	0.009050	8	2.913649	0.026369
train/neg/10000_4.txt	versions	1	0.001285	1	4.417727	0.005677
test/neg/0_2.txt	very	2	0.011696	20	2.066351	0.024168
test/neg/10004_2.txt	very	1	0.008475	20	2.066351	0.017512
test/neg/10005_2.txt	very	2	0.012270	20	2.066351	0.025354
test/neg/10008_4.txt	very	1	0.005988	20	2.066351	0.012373
test/pos/0_10.txt	very	1	0.006536	20	2.066351	0.013506
test/pos/10000_7.txt	very	1	0.002841	20	2.066351	0.005871
test/pos/10008_8.txt	very	2	0.002083	20	2.066351	0.004304
train/neg/10001_4.txt	very	1	0.007042	20	2.066351	0.014551
train/neg/10006_4.txt	very	1	0.006289	20	2.066351	0.012995
train/neg/10008_2.txt	very	1	0.003472	20	2.066351	0.007174
train/neg/10010_3.txt	very	1	0.009901	20	2.066351	0.020459
train/neg/10012_1.txt	very	1	0.005747	20	2.066351	0.011875
train/pos/10002_7.txt	very	1	0.008065	20	2.066351	0.016665
train/pos/10005_7.txt	very	2	0.018868	20	2.066351	0.038988
train/pos/10008_7.txt	very	1	0.003086	20	2.066351	0.006377
train/pos/1000_8.txt	very	2	0.023810	20	2.066351	0.049200
train/pos/10011_9.txt	very	3	0.013575	20	2.066351	0.028051
train/pos/10012_8.txt	very	3	0.020270	20	2.066351	0.041885
train/pos/10014_8.txt	very	1	0.005155	20	2.066351	0.010652
train/pos/10016_8.txt	very	1	0.007812	20	2.066351	0.016142
test/pos/10008_8.txt	via	1	0.001042	1	4.417727	0.004603
test/pos/10008_8.txt	viable	1	0.001042	1	4.417727	0.004603
test/neg/10007_4.txt	video	1	0.007752	3	3.724580	0.028873
train/neg/10000_4.txt	video	1	0.001285	3	3.724580	0.004786
train/pos/10006_7.txt	video	1	0.002994	3	3.724580	0.011151
test/pos/10008_8.txt	videos	1	0.001042	1	4.417727	0.004603
test/pos/10005_8.txt	view	1	0.002907	3	3.724580	0.010827
train/neg/10004_3.txt	view	1	0.009615	3	3.724580	0.035812
train/pos/10002_7.txt	view	3	0.024194	3	3.724580	0.090112
test/pos/10001_9.txt	viewer	1	0.004049	2	4.012262	0.016246
test/pos/10005_8.txt	viewer	2	0.005814	2	4.012262	0.023327
test/neg/10003_3.txt	viewers	1	0.004219	4	3.501436	0.014773
test/neg/10008_4.txt	viewers	1	0.005988	4	3.501436	0.020967
train/neg/10006_4.txt	viewers	1	0.006289	4	3.501436	0.022021
train/neg/10013_1.txt	viewers	1	0.007463	4	3.501436	0.026131
train/neg/10014_2.txt	viewing	1	0.014925	1	4.417727	0.065935
train/pos/10010_7.txt	vigilance	1	0.003534	1	4.417727	0.015612
test/neg/10001_1.txt	villain	1	0.004464	1	4.417727	0.019721
train/neg/0_3.txt	vilmos	1	0.008772	1	4.417727	0.038752
test/neg/10001_1.txt	violence	1	0.004464	2	4.012262	0.017911
test/pos/10008_8.txt	violence	1	0.001042	2	4.012262	0.004181
test/pos/10008_8.txt	violent	1	0.001042	2	4.012262	0.004181
train/neg/0_3.txt	violent	1	0.008772	2	4.012262	0.035196
train/neg/10000_4.txt	vip	1	0.001285	1	4.417727	0.005677
test/neg/10003_3.txt	visconti	1	0.004219	1	4.417727	0.018638
test/pos/10005_8.txt	visions	1	0.002907	1	4.417727	0.012842
test/neg/10003_3.txt	visual	1	0.004219	2	4.012262	0.016928
train/neg/10005_3.txt	visual	1	0.003058	2	4.012262	0.012269
test/pos/10000_7.txt	visually	1	0.002841	1	4.417727	0.012551
train/neg/10010_3.txt	visuals	1	0.009901	1	4.417727	0.043740
train/pos/10010_7.txt	vivid	1	0.003534	1	4.417727	0.015612
test/pos/10000_7.txt	vividly	1	0.002841	1	4.417727	0.012551
train/pos/10007_7.txt	voice	1	0.002278	2	4.012262	0.009140
train/pos/10010_7.txt	voice	2	0.007067	2	4.012262	0.028355
train/pos/10005_7.txt	volumes	1	0.009434	1	4.417727	0.041677
train/pos/10000_8.txt	vote	1	0.002278	1	4.417727	0.010064
test/pos/10005_8.txt	vulnerable	1	0.002907	1	4.417727	0.012842
test/neg/10005_2.txt	waist	1	0.006135	1	4.417727	0.027103
test/neg/10007_4.txt	waiting	1	0.007752	2	4.012262	0.031103
train/pos/10013_7.txt	waiting	1	0.006173	2	4.012262	0.024768
train/pos/10015_8.txt	waitress	1	0.003040	1	4.417727	0.013430
test/neg/10007_4.txt	walk	2	0.015504	2	4.012262	0.062206
test/pos/10008_8.txt	walk	1	0.001042	2	4.012262	0.004181
train/neg/10003_1.txt	walked	1	0.002494	1	4.417727	0.011018
train/neg/10008_2.txt	walker	2	0.006944	3	3.724580	0.025863
train/neg/10009_1.txt	walker	1	0.002915	3	3.724580	0.010857
train/neg/10011_3.txt	walker	2	0.014493	3	3.724580	0.053980
train/neg/10005_3.txt	walking	1	0.003058	1	4.417727	0.013509
test/pos/10007_10.txt	walks	1	0.005747	2	4.012262	0.023058
test/pos/10008_8.txt	walks	1	0.001042	2	4.012262	0.004181
train/pos/10000_8.txt	wall	1	0.002278	1	4.417727	0.010064
test/neg/10001_1.txt	walter	1	0.004464	2	4.012262	0.017911
test/neg/10002_3.txt	walter	2	0.006270	2	4.012262	0.025157
test/pos/10007_10.txt	wanna	1	0.005747	1	4.417727	0.025389
test/neg/10000_4.txt	want	1	0.004149	4	3.501436	0.014527
train/neg/10003_1.txt	want	1	0.002494	4	3.501436	0.008733
train/neg/1000_4.txt	want	1	0.006849	4	3.501436	0.023981
train/pos/10011_9.txt	want	1	0.004525	4	3.501436	0.015844
test/pos/10008_8.txt	wanted	1	0.001042	1	4.417727	0.004603
test/neg/10003_3.txt	wanting	1	0.004219	1	4.417727	0.018638
train/pos/10000_8.txt	wants	1	0.002278	5	3.319114	0.007561
train/pos/10001_10.txt	wants	1	0.006667	5	3.319114	0.022129
train/pos/10007_7.txt	wants	2	0.004556	5	3.319114	0.015122
train/pos/10010_7.txt	wants	1	0.003534	5	3.319114	0.011730
train/pos/10015_8.txt	wants	1	0.003040	5	3.319114	0.010090
train/pos/10000_8.txt	war	1	0.002278	1	4.417727	0.010064
test/neg/10001_1.txt	warehouse	1	0.004464	2	4.012262	0.017911
train/pos/10001_10.txt	warehouse	1	0.006667	2	4.012262	0.026750
train/pos/10000_8.txt	warren	1	0.002278	3	3.724580	0.008485
train/pos/10001_10.txt	warren	1	0.006667	3	3.724580	0.024832
train/pos/10003_8.txt	warren	2	0.016529	3	3.724580	0.061564
test/neg/10003_3.txt	wars	1	0.004219	1	4.417727	0.018638
test/neg/0_2.txt	was	1	0.005848	34	1.555526	0.009097
test/neg/10000_4.txt	was	3	0.012448	34	1.555526	0.019363
test/neg/10002_3.txt	was	3	0.009404	34	1.555526	0.014628
test/neg/10005_2.txt	was	1	0.006135	34	1.555526	0.009543
test/neg/10006_2.txt	was	1	0.006944	34	1.555526	0.010802
test/pos/0_10.txt	was	6	0.039216	34	1.555526	0.061001
test/pos/10000_7.txt	was	2	0.005682	34	1.555526	0.008838
test/pos/10001_9.txt	was	2	0.008097	34	1.555526	0.012595
test/pos/10004_9.txt	was	1	0.003175	34	1.555526	0.004939
test/pos/10005_8.txt	was	2	0.005814	34	1.555526	0.009044
test/pos/10006_7.txt	was	3	0.020979	34	1.555526	0.032633
test/pos/10008_8.txt	was	1	0.001042	34	1.555526	0.001621
train/neg/10000_4.txt	was	2	0.002571	34	1.555526	0.003999
train/neg/10001_4.txt	was	4	0.028169	34	1.555526	0.043818
train/neg/10002_1.txt	was	4	0.026144	34	1.555526	0.040668
train/neg/10003_1.txt	was	4	0.009975	34	1.555526	0.015516
train/neg/10004_3.txt	was	2	0.019231	34	1.555526	0.029914
train/neg/10005_3.txt	was	3	0.009174	34	1.555526	0.014270
train/neg/10006_4.txt	was	5	0.031447	34	1.555526	0.048917
train/neg/10008_2.txt	was	7	0.024306	34	1.555526	0.037809
train/neg/10011_3.txt	was	1	0.007246	34	1.555526	0.011271
train/neg/10013_1.txt	was	1	0.007463	34	1.555526	0.011609
train/neg/10016_4.txt	was	2	0.015152	34	1.555526	0.023569
train/pos/10003_8.txt	was	4	0.033058	34	1.555526	0.051423
train/pos/10004_8.txt	was	4	0.022989	34	1.555526	0.035760
train/pos/10007_7.txt	was	1	0.002278	34	1.555526	0.003543
train/pos/10008_7.txt	was	3	0.009259	34	1.555526	0.014403
train/pos/10009_9.txt	was	1	0.003597	34	1.555526	0.005595
train/pos/1000_8.txt	was	1	0.011905	34	1.555526	0.018519
train/pos/10011_9.txt	was	2	0.009050	34	1.555526	0.014078
train/pos/10013_7.txt	was	5	0.030864	34	1.555526	0.048010
train/pos/10014_8.txt	was	1	0.005155	34	1.555526	0.008019
train/pos/10015_8.txt	was	1	0.003040	34	1.555526	0.004729
train/pos/10017_9.txt	was	3	0.019868	34	1.555526	0.030905
train/neg/10009_1.txt	washington	1	0.002915	1	4.417727	0.012878
train/neg/10006_4.txt	wasn	2	0.012579	2	4.012262	0.050470
train/pos/10000_8.txt	wasn	1	0.002278	2	4.012262	0.009140
test/pos/10003_8.txt	wasp	1	0.004878	1	4.417727	0.021550
test/neg/10000_4.txt	waste	1	0.004149	5	3.319114	0.013771
test/neg/10002_3.txt	waste	1	0.003135	5	3.319114	0.010405
test/neg/10006_2.txt	waste	1	0.006944	5	3.319114	0.023048
train/neg/10006_4.txt	waste	1	0.006289	5	3.319114	0.020874
train/pos/10013_7.txt	waste	1	0.006173	5	3.319114	0.020489
train/neg/1000_4.txt	wasted	1	0.006849	1	4.417727	0.030257
test/neg/10000_4.txt	watch	2	0.008299	12	2.545925	0.021129
test/neg/10001_1.txt	watch	1	0.004464	12	2.545925	0.011365
test/neg/10002_3.txt	watch	1	0.003135	12	2.545925	0.007981
test/neg/10003_3.txt	watch	1	0.004219	12	2.545925	0.010741
train/neg/10002_1.txt	watch	3	0.019608	12	2.545925	0.049920
train/neg/10009_1.txt	watch	1	0.002915	12	2.545925	0.007421
train/neg/1000_4.txt	watch	1	0.006849	12	2.545925	0.017437
train/neg/10010_3.txt	watch	1	0.009901	12	2.545925	0.025207
train/neg/10012_1.txt	watch	1	0.005747	12	2.545925	0.014631
train/pos/10004_8.txt	watch	1	0.005747	12	2.545925	0.014631
train/pos/10005_7.txt	watch	1	0.009434	12	2.545925	0.024018
train/pos/10006_7.txt	watch	1	0.002994	12	2.545925	0.007622
train/neg/10010_3.txt	watchable	1	0.009901	1	4.417727	0.043740
train/neg/10003_1.txt	watched	1	0.002494	2	4.012262	0.010007
train/neg/10008_2.txt	watched	1	0.003472	2	4.012262	0.013931
test/neg/10000_4.txt	watching	2	0.008299	5	3.319114	0.027545
test/neg/10002_3.txt	watching	1	0.003135	5	3.319114	0.010405
test/neg/10004_2.txt	watching	1	0.008475	5	3.319114	0.028129
train/neg/10008_2.txt	watching	1	0.003472	5	3.319114	0.011524
train/pos/10004_8.txt	watching	1	0.005747	5	3.319114	0.019075
train/neg/10000_4.txt	water	1	0.001285	1	4.417727	0.005677
test/neg/0_2.txt	way	1	0.005848	8	2.913649	0.017039
test/pos/10000_7.txt	way	1	0.002841	8	2.913649	0.008278
test/pos/10003_8.txt	way	1	0.004878	8	2.913649	0.014213
test/pos/10008_8.txt	way	1	0.001042	8	2.913649	0.003036
train/neg/10008_2.txt	way	1	0.003472	8	2.913649	0.010116
train/pos/10002_7.txt	way	1	0.008065	8	2.913649	0.023499
train/pos/10013_7.txt	way	1	0.006173	8	2.913649	0.017986
train/pos/10014_8.txt	way	1	0.005155	8	2.913649	0.015020
train/pos/1000_8.txt	ways	1	0.011905	1	4.417727	0.052593
test/neg/0_2.txt	we	3	0.017544	10	2.712979	0.047596
test/neg/10001_1.txt	we	1	0.004464	10	2.712979	0.012111
test/neg/10004_2.txt	we	1	0.008475	10	2.712979	0.022992
test/neg/10005_2.txt	we	1	0.006135	10	2.712979	0.016644
test/pos/10004_9.txt	we	1	0.003175	10	2.712979	0.008614
test/pos/10005_8.txt	we	1	0.002907	10	2.712979	0.007887
train/neg/10003_1.txt	we	2	0.004988	10	2.712979	0.013532
train/neg/10016_4.txt	we	1	0.007576	10	2.712979	0.020554
train/neg/10017_4.txt	we	2	0.011050	10	2.712979	0.029978
train/pos/10009_9.txt	we	4	0.014388	10	2.712979	0.039034
train/neg/10008_2.txt	weak	1	0.003472	1	4.417727	0.015338
test/neg/10008_4.txt	wealthy	1	0.005988	1	4.417727	0.026453
test/pos/10004_9.txt	web	1	0.003175	1	4.417727	0.014026
train/neg/10016_4.txt	weird	1	0.007576	1	4.417727	0.033469
test/neg/10005_2.txt	weirdest	1	0.006135	1	4.417727	0.027103
train/pos/0_9.txt	welcome	1	0.007143	1	4.417727	0.031556
test/neg/0_2.txt	well	1	0.005848	18	2.166435	0.012669
test/neg/10000_4.txt	well	1	0.004149	18	2.166435	0.008989
test/neg/10002_3.txt	well	1	0.003135	18	2.166435	0.006792
test/neg/10003_3.txt	well	1	0.004219	18	2.166435	0.009140
test/pos/0_10.txt	well	2	0.013072	18	2.166435	0.028320
test/pos/10000_7.txt	well	1	0.002841	18	2.166435	0.006155
test/pos/10001_9.txt	well	2	0.008097	18	2.166435	0.017542
test/pos/10002_8.txt	well	2	0.015625	18	2.166435	0.033851
train/neg/10001_4.txt	well	1	0.007042	18	2.166435	0.015256
train/neg/10002_1.txt	well	1	0.006536	18	2.166435	0.014160
train/neg/10006_4.txt	well	1	0.006289	18	2.166435	0.013625
train/neg/10012_1.txt	well	1	0.005747	18	2.166435	0.012451
train/neg/10016_4.txt	well	1	0.007576	18	2.166435	0.016413
train/pos/10003_8.txt	well	1	0.008264	18	2.166435	0.017903
train/pos/10008_7.txt	well	1	0.003086	18	2.166435	0.006686
train/pos/1000_8.txt	well	2	0.023810	18	2.166435	0.051583
train/pos/10011_9.txt	well	2	0.009050	18	2.166435	0.019606
train/pos/10015_8.txt	well	1	0.003040	18	2.166435	0.006586
test/pos/0_10.txt	went	1	0.006536	2	4.012262	0.026224
test/pos/10005_8.txt	went	1	0.002907	2	4.012262	0.011664
test/neg/10002_3.txt	were	2	0.006270	17	2.220502	0.013923
test/pos/0_10.txt	were	1	0.006536	17	2.220502	0.014513
test/pos/10008_8.txt	were	1	0.001042	17	2.220502	0.002314
train/neg/10000_4.txt	were	2	0.002571	17	2.220502	0.005709
train/neg/10002_1.txt	were	2	0.013072	17	2.220502	0.029026
train/neg/10004_3.txt	were	1	0.009615	17	2.220502	0.021350
train/neg/10006_4.txt	were	1	0.006289	17	2.220502	0.013965
train/neg/10008_2.txt	were	3	0.010417	17	2.220502	0.023131
train/neg/10012_1.txt	were	1	0.005747	17	2.220502	0.012761
train/neg/10017_4.txt	were	1	0.005525	17	2.220502	0.012268
train/pos/10000_8.txt	were	2	0.004556	17	2.220502	0.010117
train/pos/10003_8.txt	were	1	0.008264	17	2.220502	0.018350
train/pos/10008_7.txt	were	1	0.003086	17	2.220502	0.006852
train/pos/1000_8.txt	were	2	0.023810	17	2.220502	0.052870
train/pos/10010_7.txt	were	1	0.003534	17	2.220502	0.007847
train/pos/10011_9.txt	were	1	0.004525	17	2.220502	0.010048
train/pos/10017_9.txt	were	2	0.013245	17	2.220502	0.029411
test/pos/10005_8.txt	weren	1	0.002907	1	4.417727	0.012842
test/neg/10005_2.txt	werner	1	0.006135	1	4.417727	0.027103
test/neg/10000_4.txt	what	1	0.004149	22	1.975380	0.008196
test/neg/10001_1.txt	what	2	0.008929	22	1.975380	0.017638
test/neg/10004_2.txt	what	1	0.008475	22	1.975380	0.016741
test/neg/10005_2.txt	what	1	0.006135	22	1.975380	0.012119
test/neg/10008_4.txt	what	1	0.005988	22	1.975380	0.011829
test/pos/0_10.txt	what	1	0.006536	22	1.975380	0.012911
test/pos/10000_7.txt	what	2	0.005682	22	1.975380	0.011224
test/pos/10001_9.txt	what	1	0.004049	22	1.975380	0.007998
test/pos/10005_8.txt	what	1	0.002907	22	1.975380	0.005742
test/pos/10008_8.txt	what	2	0.002083	22	1.975380	0.004115
train/neg/10001_4.txt	what	1	0.007042	22	1.975380	0.013911
train/neg/10003_1.txt	what	2	0.004988	22	1.975380	0.009853
train/neg/10004_3.txt	what	1	0.009615	22	1.975380	0.018993
train/neg/10006_4.txt	what	1	0.006289	22	1.975380	0.012423
train/neg/10008_2.txt	what	5	0.017361	22	1.975380	0.034295
train/pos/0_9.txt	what	1	0.007143	22	1.975380	0.014110
train/pos/10000_8.txt	what	5	0.011390	22	1.975380	0.022500
train/pos/10007_7.txt	what	3	0.006834	22	1.975380	0.013500
train/pos/10010_7.txt	what	1	0.003534	22	1.975380	0.006981
train/pos/10012_8.txt	what	1	0.006757	22	1.975380	0.013348
train/pos/10014_8.txt	what	1	0.005155	22	1.975380	0.010183
train/pos/10015_8.txt	what	1	0.003040	22	1.975380	0.006005
test/pos/10006_7.txt	whatever	1	0.006993	2	4.012262	0.028058
train/neg/10003_1.txt	whatever	2	0.004988	2	4.012262	0.020013
test/neg/0_2.txt	when	1	0.005848	21	2.019831	0.011812
test/neg/10001_1.txt	when	1	0.004464	21	2.019831	0.009017
test/neg/10002_3.txt	when	1	0.003135	21	2.019831	0.006332
test/neg/10008_4.txt	when	1	0.005988	21	2.019831	0.012095
test/pos/10000_7.txt	when	1	0.002841	21	2.019831	0.005738
test/pos/10005_8.txt	when	2	0.005814	21	2.019831	0.011743
test/pos/10008_8.txt	when	2	0.002083	21	2.019831	0.004207
train/neg/10000_4.txt	when	2	0.002571	21	2.019831	0.005193
train/neg/10001_4.txt	when	1	0.007042	21	2.019831	0.014224
train/neg/10002_1.txt	when	1	0.006536	21	2.019831	0.013202
train/neg/10003_1.txt	when	1	0.002494	21	2.019831	0.005037
train/neg/10009_1.txt	when	1	0.002915	21	2.019831	0.005888
train/neg/10013_1.txt	when	2	0.014925	21	2.019831	0.030146
train/pos/0_9.txt	when	1	0.007143	21	2.019831	0.014428
train/pos/10000_8.txt	when	2	0.004556	21	2.019831	0.009202
train/pos/10006_7.txt	when	2	0.005988	21	2.019831	0.012095
train/pos/10007_7.txt	when	2	0.004556	21	2.019831	0.009202
train/pos/10008_7.txt	when	2	0.006173	21	2.019831	0.012468
train/pos/10009_9.txt	when	1	0.003597	21	2.019831	0.007265
train/pos/10013_7.txt	when	1	0.006173	21	2.019831	0.012468
train/pos/10015_8.txt	when	1	0.003040	21	2.019831	0.006140
test/neg/10004_2.txt	where	1	0.008475	13	2.471817	0.020949
test/neg/10005_2.txt	where	1	0.006135	13	2.471817	0.015165
test/pos/10000_7.txt	where	1	0.002841	13	2.471817	0.007022
test/pos/10004_9.txt	where	1	0.003175	13	2.471817	0.007848
test/pos/10005_8.txt	where	1	0.002907	13	2.471817	0.007186
train/neg/10000_4.txt	where	2	0.002571	13	2.471817	0.006355
train/neg/10003_1.txt	where	1	0.002494	13	2.471817	0.006165
train/neg/10006_4.txt	where	1	0.006289	13	2.471817	0.015545
train/neg/10017_4.txt	where	2	0.011050	13	2.471817	0.027314
train/pos/10000_8.txt	where	5	0.011390	13	2.471817	0.028154
train/pos/10001_10.txt	where	1	0.006667	13	2.471817	0.016480
train/pos/10008_7.txt	where	1	0.003086	13	2.471817	0.007628
train/pos/10017_9.txt	where	1	0.006623	13	2.471817	0.016371
test/neg/0_2.txt	which	2	0.011696	18	2.166435	0.025339
test/neg/10000_4.txt	which	3	0.012448	18	2.166435	0.026968
test/pos/0_10.txt	which	1	0.006536	18	2.166435	0.014160
test/pos/10003_8.txt	which	1	0.004878	18	2.166435	0.010568
test/pos/10008_8.txt	which	2	0.002083	18	2.166435	0.004513
train/neg/10000_4.txt	which	1	0.001285	18	2.166435	0.002784
train/neg/10005_3.txt	which	1	0.003058	18	2.166435	0.006625
train/neg/1000_4.txt	which	1	0.006849	18	2.166435	0.014838
train/neg/10017_4.txt	which	1	0.005525	18	2.166435	0.011970
train/pos/0_9.txt	which	1	0.007143	18	2.166435	0.015475
train/pos/10001_10.txt	which	1	0.006667	18	2.166435	0.014444
train/pos/10004_8.txt	which	1	0.005747	18	2.166435	0.012451
train/pos/10008_7.txt	which	1	0.003086	18	2.166435	0.006686
train/pos/1000_8.txt	which	1	0.011905	18	2.166435	0.025791
train/pos/10010_7.txt	which	4	0.014134	18	2.166435	0.030620
train/pos/10011_9.txt	which	1	0.004525	18	2.166435	0.009803
train/pos/10012_8.txt	which	1	0.006757	18	2.166435	0.014639
train/pos/10014_8.txt	which	1	0.005155	18	2.166435	0.011168
test/neg/10002_3.txt	while	1	0.003135	9	2.808289	0.008804
test/neg/10004_2.txt	while	1	0.008475	9	2.808289	0.023800
test/pos/0_10.txt	while	1	0.006536	9	2.808289	0.018355
test/pos/10005_8.txt	while	3	0.008721	9	2.808289	0.024491
test/pos/10007_10.txt	while	1	0.005747	9	2.808289	0.016139
test/pos/10008_8.txt	while	1	0.001042	9	2.808289	0.002926
train/neg/10000_4.txt	while	6	0.007712	9	2.808289	0.021658
train/pos/10000_8.txt	while	2	0.004556	9	2.808289	0.012795
train/pos/10005_7.txt	while	1	0.009434	9	2.808289	0.026493
test/pos/10008_8.txt	whims	1	0.001042	1	4.417727	0.004603
train/neg/10003_1.txt	whining	1	0.002494	2	4.012262	0.010007
train/neg/10004_3.txt	whining	1	0.009615	2	4.012262	0.038578
test/neg/0_2.txt	who	1	0.005848	32	1.614366	0.009441
test/neg/10000_4.txt	who	1	0.004149	32	1.614366	0.006698
test/neg/10001_1.txt	who	2	0.008929	32	1.614366	0.014415
test/neg/10003_3.txt	who	2	0.008439	32	1.614366	0.013624
test/neg/10007_4.txt	who	2	0.015504	32	1.614366	0.025029
test/neg/10008_4.txt	who	2	0.011976	32	1.614366	0.019334
test/pos/10000_7.txt	who	1	0.002841	32	1.614366	0.004586
test/pos/10001_9.txt	who	3	0.012146	32	1.614366	0.019608
test/pos/10003_8.txt	who	2	0.009756	32	1.614366	0.015750
test/pos/10004_9.txt	who	1	0.003175	32	1.614366	0.005126
test/pos/10005_8.txt	who	2	0.005814	32	1.614366	0.009386
test/pos/10007_10.txt	who	3	0.017241	32	1.614366	0.027833
train/neg/0_3.txt	who	1	0.008772	32	1.614366	0.014161
train/neg/10000_4.txt	who	2	0.002571	32	1.614366	0.004151
train/neg/10001_4.txt	who	2	0.014085	32	1.614366	0.022738
train/neg/10002_1.txt	who	1	0.006536	32	1.614366	0.010551
train/neg/10005_3.txt	who	1	0.003058	32	1.614366	0.004937
train/neg/10006_4.txt	who	1	0.006289	32	1.614366	0.010153
train/neg/10008_2.txt	who	1	0.003472	32	1.614366	0.005605
train/neg/10009_1.txt	who	1	0.002915	32	1.614366	0.004706
train/neg/10013_1.txt	who	2	0.014925	32	1.614366	0.024094
train/neg/10015_2.txt	who	1	0.011494	32	1.614366	0.018556
train/neg/10017_4.txt	who	2	0.011050	32	1.614366	0.017839
train/pos/0_9.txt	who	1	0.007143	32	1.614366	0.011531
train/pos/10000_8.txt	who	6	0.013667	32	1.614366	0.022064
train/pos/10001_10.txt	who	1	0.006667	32	1.614366	0.010763
train/pos/10007_7.txt	who	6	0.013667	32	1.614366	0.022064
train/pos/10008_7.txt	who	2	0.006173	32	1.614366	0.009965
train/pos/10010_7.txt	who	2	0.007067	32	1.614366	0.011409
train/pos/10011_9.txt	who	1	0.004525	32	1.614366	0.007305
train/pos/10014_8.txt	who	2	0.010309	32	1.614366	0.016643
train/pos/10015_8.txt	who	2	0.006079	32	1.614366	0.009814
test/pos/10008_8.txt	whole	1	0.001042	5	3.319114	0.003459
train/neg/0_3.txt	whole	1	0.008772	5	3.319114	0.029115
train/neg/10010_3.txt	whole	1	0.009901	5	3.319114	0.032863
train/pos/0_9.txt	whole	1	0.007143	5	3.319114	0.023708
train/pos/10017_9.txt	whole	1	0.006623	5	3.319114	0.021982
train/neg/10009_1.txt	whom	1	0.002915	1	4.417727	0.012878
train/neg/10006_4.txt	whoopi	1	0.006289	1	4.417727	0.027783
train/pos/10007_7.txt	whose	2	0.004556	2	4.012262	0.018280
train/pos/10016_8.txt	whose	1	0.007812	2	4.012262	0.031344
test/neg/0_2.txt	why	1	0.005848	8	2.913649	0.017039
test/neg/10000_4.txt	why	2	0.008299	8	2.913649	0.024180
test/neg/10004_2.txt	why	1	0.008475	8	2.913649	0.024693
test/pos/10007_10.txt	why	1	0.005747	8	2.913649	0.016745
test/pos/10008_8.txt	why	1	0.001042	8	2.913649	0.003036
train/neg/10004_3.txt	why	1	0.009615	8	2.913649	0.028015
train/neg/10006_4.txt	why	3	0.018868	8	2.913649	0.054975
train/pos/10007_7.txt	why	1	0.002278	8	2.913649	0.006637
test/neg/10003_3.txt	wide	1	0.004219	1	4.417727	0.018638
train/pos/10006_7.txt	widening	1	0.002994	1	4.417727	0.013227
train/neg/10005_3.txt	wilde	1	0.003058	1	4.417727	0.013509
test/neg/10008_4.txt	will	1	0.005988	12	2.545925	0.015245
test/pos/10006_7.txt	will	1	0.006993	12	2.545925	0.017804
test/pos/10007_10.txt	will	2	0.011494	12	2.545925	0.029263
train/neg/10000_4.txt	will	1	0.001285	12	2.545925	0.003272
train/neg/10008_2.txt	will	2	0.006944	12	2.545925	0.017679
train/neg/10012_1.txt	will	1	0.005747	12	2.545925	0.014631
train/neg/10013_1.txt	will	2	0.014925	12	2.545925	0.037998
train/pos/10000_8.txt	will	1	0.002278	12	2.545925	0.005800
train/pos/10007_7.txt	will	1	0.002278	12	2.545925	0.005800
train/pos/10009_9.txt	will	2	0.007194	12	2.545925	0.018315
train/pos/10011_9.txt	will	1	0.004525	12	2.545925	0.011520
train/pos/10014_8.txt	will	1	0.005155	12	2.545925	0.013124
train/neg/10012_1.txt	willem	1	0.005747	1	4.417727	0.025389
test/neg/10001_1.txt	william	1	0.004464	5	3.319114	0.014817
test/neg/10002_3.txt	william	1	0.003135	5	3.319114	0.010405
train/pos/10004_8.txt	william	1	0.005747	5	3.319114	0.019075
train/pos/10010_7.txt	william	1	0.003534	5	3.319114	0.011730
train/pos/10012_8.txt	william	1	0.006757	5	3.319114	0.022427
train/pos/10004_8.txt	williams	4	0.022989	12	2.545925	0.058528
train/pos/10005_7.txt	williams	1	0.009434	12	2.545925	0.024018
train/pos/10006_7.txt	williams	5	0.014970	12	2.545925	0.038112
train/pos/10007_7.txt	williams	4	0.009112	12	2.545925	0.023198
train/pos/10008_7.txt	williams	2	0.006173	12	2.545925	0.015716
train/pos/10009_9.txt	williams	3	0.010791	12	2.545925	0.027473
train/pos/10010_7.txt	williams	2	0.007067	12	2.545925	0.017992
train/pos/10011_9.txt	williams	1	0.004525	12	2.545925	0.011520
train/pos/10013_7.txt	williams	1	0.006173	12	2.545925	0.015716
train/pos/10014_8.txt	williams	7	0.036082	12	2.545925	0.091862
train/pos/10015_8.txt	williams	2	0.006079	12	2.545925	0.015477
train/pos/10016_8.txt	williams	1	0.007812	12	2.545925	0.019889
train/neg/10000_4.txt	wilson	1	0.001285	2	4.012262	0.005156
train/pos/10000_8.txt	wilson	1	0.002278	2	4.012262	0.009140
test/neg/10003_3.txt	window	1	0.004219	2	4.012262	0.016928
test/pos/10005_8.txt	window	1	0.002907	2	4.012262	0.011664
test/neg/10001_1.txt	windows	1	0.004464	1	4.417727	0.019721
train/neg/10003_1.txt	wine	1	0.002494	1	4.417727	0.011018
train/neg/10000_4.txt	winner	3	0.003856	1	4.417727	0.017035
test/pos/10004_9.txt	winners	1	0.003175	1	4.417727	0.014026
test/neg/0_2.txt	winning	1	0.005848	1	4.417727	0.025835
train/neg/10005_3.txt	winter	1	0.003058	1	4.417727	0.013509
train/pos/10015_8.txt	wisconsin	3	0.009119	1	4.417727	0.040285
test/neg/10003_3.txt	wish	1	0.004219	1	4.417727	0.018638
test/neg/10004_2.txt	wishing	1	0.008475	1	4.417727	0.037440
test/neg/10007_4.txt	wisp	1	0.007752	1	4.417727	0.034246
test/neg/0_2.txt	with	1	0.005848	41	1.373204	0.008030
test/neg/10000_4.txt	with	2	0.008299	41	1.373204	0.011396
test/neg/10001_1.txt	with	3	0.013393	41	1.373204	0.018391
test/neg/10002_3.txt	with	3	0.009404	41	1.373204	0.012914
test/neg/10003_3.txt	with	3	0.012658	41	1.373204	0.017382
test/neg/10007_4.txt	with	2	0.015504	41	1.373204	0.021290
test/neg/10008_4.txt	with	3	0.017964	41	1.373204	0.024668
test/pos/0_10.txt	with	2	0.013072	41	1.373204	0.017951
test/pos/10000_7.txt	with	3	0.008523	41	1.373204	0.011704
test/pos/10001_9.txt	with	2	0.008097	41	1.373204	0.011119
test/pos/10003_8.txt	with	2	0.009756	41	1.373204	0.013397
test/pos/10004_9.txt	with	4	0.012698	41	1.373204	0.017437
test/pos/10005_8.txt	with	2	0.005814	41	1.373204	0.007984
test/pos/10006_7.txt	with	2	0.013986	41	1.373204	0.019206
test/pos/10007_10.txt	with	1	0.005747	41	1.373204	0.007892
test/pos/10008_8.txt	with	7	0.007292	41	1.373204	0.010013
train/neg/0_3.txt	with	3	0.026316	41	1.373204	0.036137
train/neg/10000_4.txt	with	11	0.014139	41	1.373204	0.019416
train/neg/10001_4.txt	with	3	0.021127	41	1.373204	0.029012
train/neg/10003_1.txt	with	2	0.004988	41	1.373204	0.006850
train/neg/10004_3.txt	with	1	0.009615	41	1.373204	0.013203
train/neg/10005_3.txt	with	3	0.009174	41	1.373204	0.012598
train/neg/10006_4.txt	with	2	0.012579	41	1.373204	0.017274
train/neg/10009_1.txt	with	1	0.002915	41	1.373204	0.004003
train/neg/1000_4.txt	with	1	0.006849	41	1.373204	0.009405
train/neg/10012_1.txt	with	2	0.011494	41	1.373204	0.015784
train/neg/10013_1.txt	with	2	0.014925	41	1.373204	0.020495
train/neg/10016_4.txt	with	1	0.007576	41	1.373204	0.010403
train/neg/10017_4.txt	with	3	0.016575	41	1.373204	0.022761
train/pos/10000_8.txt	with	4	0.009112	41	1.373204	0.012513
train/pos/10004_8.txt	with	1	0.005747	41	1.373204	0.007892
train/pos/10006_7.txt	with	2	0.005988	41	1.373204	0.008223
train/pos/10007_7.txt	with	4	0.009112	41	1.373204	0.012513
train/pos/10008_7.txt	with	3	0.009259	41	1.373204	0.012714
train/pos/10009_9.txt	with	2	0.007194	41	1.373204	0.009879
train/pos/10010_7.txt	with	3	0.010601	41	1.373204	0.014557
train/pos/10011_9.txt	with	1	0.004525	41	1.373204	0.006214
train/pos/10012_8.txt	with	1	0.006757	41	1.373204	0.009279
train/pos/10014_8.txt	with	5	0.025773	41	1.373204	0.035392
train/pos/10015_8.txt	with	6	0.018237	41	1.373204	0.025043
train/pos/10016_8.txt	with	1	0.007812	41	1.373204	0.010727
test/pos/10008_8.txt	withdrawal	1	0.001042	1	4.417727	0.004603
test/pos/10001_9.txt	within	1	0.004049	2	4.012262	0.016246
train/pos/10009_9.txt	within	1	0.003597	2	4.012262	0.014432
test/neg/10004_2.txt	without	1	0.008475	7	3.031432	0.025691
test/pos/10008_8.txt	without	1	0.001042	7	3.031432	0.003159
train/neg/10003_1.txt	without	1	0.002494	7	3.031432	0.007560
train/neg/10009_1.txt	without	1	0.002915	7	3.031432	0.008837
train/pos/10000_8.txt	without	2	0.004556	7	3.031432	0.013811
train/pos/10003_8.txt	without	1	0.008264	7	3.031432	0.025052
train/pos/10004_8.txt	without	1	0.005747	7	3.031432	0.017422
test/neg/10003_3.txt	withstanding	1	0.004219	1	4.417727	0.018638
train/neg/10009_1.txt	wives	1	0.002915	2	4.012262	0.011696
train/neg/10011_3.txt	wives	1	0.007246	2	4.012262	0.029073
test/neg/10003_3.txt	woman	1	0.004219	7	3.031432	0.012790
train/neg/10006_4.txt	woman	1	0.006289	7	3.031432	0.019065
train/neg/10013_1.txt	woman	1	0.007463	7	3.031432	0.022624
train/pos/10000_8.txt	woman	1	0.002278	7	3.031432	0.006906
train/pos/10008_7.txt	woman	1	0.003086	7	3.031432	0.009355
train/pos/10015_8.txt	woman	1	0.003040	7	3.031432	0.009216
train/pos/10016_8.txt	woman	1	0.007812	7	3.031432	0.023682
test/pos/0_10.txt	women	1	0.006536	2	4.012262	0.026224
train/pos/10006_7.txt	women	1	0.002994	2	4.012262	0.012013
test/pos/10002_8.txt	won	1	0.007812	2	4.012262	0.031344
train/pos/10012_8.txt	won	1	0.006757	2	4.012262	0.027111
test/pos/10005_8.txt	wonder	1	0.002907	2	4.012262	0.011664
train/pos/10011_9.txt	wonder	1	0.004525	2	4.012262	0.018155
train/pos/10011_9.txt	wonderful	1	0.004525	1	4.417727	0.019990
test/neg/10000_4.txt	wondering	1	0.004149	2	4.012262	0.016647
train/pos/10005_7.txt	wondering	1	0.009434	2	4.012262	0.037852
test/neg/10002_3.txt	wont	1	0.003135	1	4.417727	0.013850
train/neg/10004_3.txt	wood	1	0.009615	1	4.417727	0.042476
test/pos/10004_9.txt	wooden	1	0.003175	2	4.012262	0.012739
train/neg/10004_3.txt	wooden	1	0.009615	2	4.012262	0.038578
train/neg/10003_1.txt	woody	3	0.007481	7	3.031432	0.022678
train/neg/10004_3.txt	woody	1	0.009615	7	3.031432	0.029147
train/neg/10005_3.txt	woody	1	0.003058	7	3.031432	0.009270
train/neg/10008_2.txt	woody	3	0.010417	7	3.031432	0.031578
train/neg/10009_1.txt	woody	1	0.002915	7	3.031432	0.008837
train/neg/10010_3.txt	woody	1	0.009901	7	3.031432	0.030014
train/neg/10012_1.txt	woody	2	0.011494	7	3.031432	0.034843
test/neg/10003_3.txt	word	1	0.004219	2	4.012262	0.016928
test/pos/10003_8.txt	word	1	0.004878	2	4.012262	0.019572
train/pos/10001_10.txt	words	1	0.006667	2	4.012262	0.026750
train/pos/10004_8.txt	words	1	0.005747	2	4.012262	0.023058
test/pos/10001_9.txt	work	1	0.004049	8	2.913649	0.011797
train/neg/10008_2.txt	work	1	0.003472	8	2.913649	0.010116
train/neg/10009_1.txt	work	1	0.002915	8	2.913649	0.008493
train/neg/10015_2.txt	work	1	0.011494	8	2.913649	0.033489
train/pos/10000_8.txt	work	2	0.004556	8	2.913649	0.013275
train/pos/10008_7.txt	work	1	0.003086	8	2.913649	0.008992
train/pos/10009_9.txt	work	1	0.003597	8	2.913649	0.010480
train/pos/10010_7.txt	work	1	0.003534	8	2.913649	0.010297
train/neg/10000_4.txt	worker	1	0.001285	1	4.417727	0.005677
test/neg/10005_2.txt	workers	1	0.006135	1	4.417727	0.027103
test/pos/10001_9.txt	working	1	0.004049	3	3.724580	0.015081
test/pos/10003_8.txt	working	1	0.004878	3	3.724580	0.018168
test/pos/10004_9.txt	working	2	0.006349	3	3.724580	0.023647
train/pos/10015_8.txt	works	1	0.003040	1	4.417727	0.013430
test/pos/10004_9.txt	world	2	0.006349	5	3.319114	0.021073
train/neg/10006_4.txt	world	1	0.006289	5	3.319114	0.020874
train/pos/10000_8.txt	world	1	0.002278	5	3.319114	0.007561
train/pos/10008_7.txt	world	1	0.003086	5	3.319114	0.010243
train/pos/10009_9.txt	world	1	0.003597	5	3.319114	0.011939
train/neg/10013_1.txt	worn	2	0.014925	1	4.417727	0.065935
train/neg/10000_4.txt	worried	1	0.001285	1	4.417727	0.005677
train/pos/10000_8.txt	worrying	2	0.004556	1	4.417727	0.020127
train/neg/10000_4.txt	worse	1	0.001285	2	4.012262	0.005156
train/neg/10011_3.txt	worse	1	0.007246	2	4.012262	0.029073
train/neg/10003_1.txt	worst	1	0.002494	3	3.724580	0.009289
train/neg/10009_1.txt	worst	2	0.005831	3	3.724580	0.021718
train/neg/10014_2.txt	worst	1	0.014925	3	3.724580	0.055589
test/neg/10000_4.txt	worth	2	0.008299	6	3.164964	0.026266
test/neg/10003_3.txt	worth	1	0.004219	6	3.164964	0.013353
train/neg/10009_1.txt	worth	1	0.002915	6	3.164964	0.009226
train/neg/10010_3.txt	worth	1	0.009901	6	3.164964	0.031336
train/pos/10003_8.txt	worth	1	0.008264	6	3.164964	0.026155
train/pos/10004_8.txt	worth	1	0.005747	6	3.164964	0.018189
test/neg/10004_2.txt	would	1	0.008475	13	2.471817	0.020949
test/pos/10005_8.txt	would	4	0.011628	13	2.471817	0.028742
train/neg/0_3.txt	would	1	0.008772	13	2.471817	0.021683
train/neg/10000_4.txt	would	1	0.001285	13	2.471817	0.003176
train/neg/10004_3.txt	would	1	0.009615	13	2.471817	0.023767
train/neg/10005_3.txt	would	1	0.003058	13	2.471817	0.007559
train/neg/10011_3.txt	would	1	0.007246	13	2.471817	0.017911
train/neg/10013_1.txt	would	2	0.014925	13	2.471817	0.036892
train/neg/10017_4.txt	would	1	0.005525	13	2.471817	0.013657
train/pos/10006_7.txt	would	1	0.002994	13	2.471817	0.007401
train/pos/10013_7.txt	would	1	0.006173	13	2.471817	0.015259
train/pos/10015_8.txt	would	2	0.006079	13	2.471817	0.015026
train/pos/10017_9.txt	would	2	0.013245	13	2.471817	0.032739
test/neg/10005_2.txt	wouldn	1	0.006135	1	4.417727	0.027103
train/neg/10002_1.txt	wow	1	0.006536	1	4.417727	0.028874
train/pos/10010_7.txt	wrapped	1	0.003534	1	4.417727	0.015612
test/pos/10008_8.txt	wrenching	1	0.001042	1	4.417727	0.004603
test/neg/10002_3.txt	write	1	0.003135	2	4.012262	0.012578
test/neg/10006_2.txt	write	1	0.006944	2	4.012262	0.027861
train/pos/10002_7.txt	writer	1	0.008065	3	3.724580	0.030039
train/pos/10006_7.txt	writer	1	0.002994	3	3.724580	0.011151
train/pos/10009_9.txt	writer	1	0.003597	3	3.724580	0.013397
train/neg/10006_4.txt	writers	1	0.006289	2	4.012262	0.025233
train/pos/10006_7.txt	writers	1	0.002994	2	4.012262	0.012013
test/pos/10005_8.txt	writing	1	0.002907	1	4.417727	0.012842
test/pos/10001_9.txt	written	1	0.004049	7	3.031432	0.012274
train/neg/10009_1.txt	written	1	0.002915	7	3.031432	0.008837
train/pos/10000_8.txt	written	1	0.002278	7	3.031432	0.006906
train/pos/10007_7.txt	written	1	0.002278	7	3.031432	0.006906
train/pos/10009_9.txt	written	1	0.003597	7	3.031432	0.010904
train/pos/10015_8.txt	written	1	0.003040	7	3.031432	0.009216
train/pos/10016_8.txt	written	1	0.007812	7	3.031432	0.023682
test/pos/0_10.txt	wrong	1	0.006536	2	4.012262	0.026224
train/neg/10011_3.txt	wrong	1	0.007246	2	4.012262	0.029073
train/pos/10007_7.txt	wrote	1	0.002278	2	4.012262	0.009140
train/pos/10015_8.txt	wrote	1	0.003040	2	4.012262	0.012197
train/neg/10003_1.txt	wrought	1	0.002494	1	4.417727	0.011018
train/pos/10013_7.txt	x	1	0.006173	1	4.417727	0.027271
train/neg/10009_1.txt	ya	1	0.002915	1	4.417727	0.012878
test/neg/10007_4.txt	yadayadayada	1	0.007752	1	4.417727	0.034246
test/pos/10008_8.txt	yang	1	0.001042	1	4.417727	0.004603
test/neg/10002_3.txt	yeah	1	0.003135	1	4.417727	0.013850
test/neg/10006_2.txt	year	1	0.006944	9	2.808289	0.019501
test/neg/10007_4.txt	year	1	0.007752	9	2.808289	0.021770
test/pos/10003_8.txt	year	1	0.004878	9	2.808289	0.013699
train/neg/10006_4.txt	year	2	0.012579	9	2.808289	0.035325
train/neg/10008_2.txt	year	1	0.003472	9	2.808289	0.009750
train/pos/10010_7.txt	year	1	0.003534	9	2.808289	0.009924
train/pos/10012_8.txt	year	1	0.006757	9	2.808289	0.018976
train/pos/10014_8.txt	year	1	0.005155	9	2.808289	0.014477
train/pos/10015_8.txt	year	1	0.003040	9	2.808289	0.008537
test/pos/10004_9.txt	years	2	0.006349	9	2.808289	0.017830
train/neg/10005_3.txt	years	1	0.003058	9	2.808289	0.008588
train/neg/10008_2.txt	years	1	0.003472	9	2.808289	0.009750
train/neg/10012_1.txt	years	1	0.005747	9	2.808289	0.016139
train/pos/0_9.txt	years	1	0.007143	9	2.808289	0.020060
train/pos/10000_8.txt	years	1	0.002278	9	2.808289	0.006397
train/pos/10006_7.txt	years	1	0.002994	9	2.808289	0.008408
train/pos/10007_7.txt	years	1	0.002278	9	2.808289	0.006397
train/pos/10017_9.txt	years	1	0.006623	9	2.808289	0.018599
train/pos/10005_7.txt	yes	1	0.009434	1	4.417727	0.041677
test/neg/10008_4.txt	yet	1	0.005988	3	3.724580	0.022303
train/neg/10017_4.txt	yet	1	0.005525	3	3.724580	0.020578
train/pos/10008_7.txt	yet	2	0.006173	3	3.724580	0.022992
test/pos/10008_8.txt	yoko	1	0.001042	1	4.417727	0.004603
test/neg/10000_4.txt	york	1	0.004149	6	3.164964	0.013131
train/neg/10005_3.txt	york	1	0.003058	6	3.164964	0.009678
train/pos/10006_7.txt	york	1	0.002994	6	3.164964	0.009476
train/pos/10007_7.txt	york	1	0.002278	6	3.164964	0.007210
train/pos/10014_8.txt	york	1	0.005155	6	3.164964	0.016315
train/pos/10015_8.txt	york	1	0.003040	6	3.164964	0.009621
train/neg/10005_3.txt	yorker	1	0.003058	1	4.417727	0.013509
test/neg/10000_4.txt	you	1	0.004149	28	1.743578	0.007234
test/neg/10001_1.txt	you	2	0.008929	28	1.743578	0.015568
test/neg/10002_3.txt	you	1	0.003135	28	1.743578	0.005466
test/neg/10006_2.txt	you	4	0.027778	28	1.743578	0.048433
test/neg/10007_4.txt	you	2	0.015504	28	1.743578	0.027032
test/pos/0_10.txt	you	2	0.013072	28	1.743578	0.022792
test/pos/10000_7.txt	you	1	0.002841	28	1.743578	0.004954
test/pos/10007_10.txt	you	1	0.005747	28	1.743578	0.010020
test/pos/10008_8.txt	you	2	0.002083	28	1.743578	0.003632
train/neg/0_3.txt	you	1	0.008772	28	1.743578	0.015295
train/neg/10002_1.txt	you	2	0.013072	28	1.743578	0.022792
train/neg/10003_1.txt	you	3	0.007481	28	1.743578	0.013044
train/neg/10008_2.txt	you	3	0.010417	28	1.743578	0.018163
train/neg/10009_1.txt	you	1	0.002915	28	1.743578	0.005083
train/neg/1000_4.txt	you	4	0.027397	28	1.743578	0.047769
train/neg/10012_1.txt	you	1	0.005747	28	1.743578	0.010020
train/neg/10016_4.txt	you	2	0.015152	28	1.743578	0.026419
train/neg/10017_4.txt	you	2	0.011050	28	1.743578	0.019267
train/pos/10000_8.txt	you	4	0.009112	28	1.743578	0.015887
train/pos/10002_7.txt	you	1	0.008065	28	1.743578	0.014062
train/pos/10005_7.txt	you	6	0.056604	28	1.743578	0.098693
train/pos/10006_7.txt	you	2	0.005988	28	1.743578	0.010441
train/pos/10007_7.txt	you	2	0.004556	28	1.743578	0.007944
train/pos/10008_7.txt	you	2	0.006173	28	1.743578	0.010763
train/pos/10011_9.txt	you	3	0.013575	28	1.743578	0.023669
train/pos/10012_8.txt	you	4	0.027027	28	1.743578	0.047124
train/pos/10013_7.txt	you	1	0.006173	28	1.743578	0.010763
train/pos/10015_8.txt	you	2	0.006079	28	1.743578	0.010599
test/pos/10000_7.txt	young	1	0.002841	9	2.808289	0.007978
test/pos/10001_9.txt	young	1	0.004049	9	2.808289	0.011371
test/pos/10004_9.txt	young	1	0.003175	9	2.808289	0.008916
test/pos/10008_8.txt	young	1	0.001042	9	2.808289	0.002926
train/neg/10017_4.txt	young	1	0.005525	9	2.808289	0.015516
train/pos/10000_8.txt	young	1	0.002278	9	2.808289	0.006397
train/pos/10006_7.txt	young	1	0.002994	9	2.808289	0.008408
train/pos/10007_7.txt	young	1	0.002278	9	2.808289	0.006397
train/pos/10009_9.txt	young	1	0.003597	9	2.808289	0.010101
test/pos/10008_8.txt	your	1	0.001042	5	3.319114	0.003459
train/neg/10009_1.txt	your	1	0.002915	5	3.319114	0.009675
train/pos/0_9.txt	your	1	0.007143	5	3.319114	0.023708
train/pos/10007_7.txt	your	1	0.002278	5	3.319114	0.007561
train/pos/10013_7.txt	your	1	0.006173	5	3.319114	0.020489
train/neg/10005_3.txt	yours	1	0.003058	1	4.417727	0.013509
test/neg/10002_3.txt	yourself	1	0.003135	2	4.012262	0.012578
train/neg/10001_4.txt	yourself	1	0.007042	2	4.012262	0.028254
test/pos/10008_8.txt	youth	1	0.001042	2	4.012262	0.004181
train/pos/10007_7.txt	youth	1	0.002278	2	4.012262	0.009140
train/neg/10001_4.txt	youthful	1	0.007042	1	4.417727	0.031110
test/pos/10008_8.txt	zhang	1	0.001042	1	4.417727	0.004603
train/neg/0_3.txt	zsigmond	1	0.008772	1	4.417727	0.038752
test/pos/10005_8.txt	zuotian	1	0.002907	1	4.417727	0.012842
